-- phpMyAdmin SQL Dump
-- version 5.1.1
-- https://www.phpmyadmin.net/
--
-- Host: 127.0.0.1
-- Generation Time: Dec 20, 2021 at 03:26 AM
-- Server version: 10.4.21-MariaDB
-- PHP Version: 8.0.12

SET SQL_MODE = "NO_AUTO_VALUE_ON_ZERO";
START TRANSACTION;
SET time_zone = "+00:00";


/*!40101 SET @OLD_CHARACTER_SET_CLIENT=@@CHARACTER_SET_CLIENT */;
/*!40101 SET @OLD_CHARACTER_SET_RESULTS=@@CHARACTER_SET_RESULTS */;
/*!40101 SET @OLD_COLLATION_CONNECTION=@@COLLATION_CONNECTION */;
/*!40101 SET NAMES utf8mb4 */;

--
-- Database: `db`
--

-- --------------------------------------------------------

--
-- Table structure for table `admin`
--

CREATE TABLE `admin` (
  `id` int(11) NOT NULL,
  `username` varchar(255) NOT NULL,
  `password` varchar(255) NOT NULL
) ENGINE=InnoDB DEFAULT CHARSET=utf8mb4;

--
-- Dumping data for table `admin`
--

INSERT INTO `admin` (`id`, `username`, `password`) VALUES
(1, 'admin', '$2y$10$4IDLRWJHD17qZnAhDOw92.T.KWXkmrxa95ARbd45bhQ2gb/l1US3S'),
(2, 'admin2', '$2y$10$7uncCHVKpVWWoztznVQIuuzOF.kmeoSaJAOvNrI1VbFDmQMZ/LF0e');

-- --------------------------------------------------------

--
-- Table structure for table `bom`
--

CREATE TABLE `bom` (
  `bom_id` int(11) NOT NULL,
  `bom_item_id` varchar(255) NOT NULL,
  `bom_material_id` varchar(255) DEFAULT NULL,
  `bom_quantity` float NOT NULL DEFAULT 0,
  `bom_divisi_id` int(11) DEFAULT NULL
) ENGINE=InnoDB DEFAULT CHARSET=utf8mb4;

--
-- Dumping data for table `bom`
--

INSERT INTO `bom` (`bom_id`, `bom_item_id`, `bom_material_id`, `bom_quantity`, `bom_divisi_id`) VALUES
(14, '1EXPCTIB518002', '2LVL013M8SE001', 0.4552, 1),
(15, '1EXPCTIB518002', '3GLUHDTBONDLAP', 0.0039, 1),
(16, '1EXPCTIB518002', '3GLUTCBONDL558', 0.0393, 1),
(17, '1EXPCTIB518002', '3GLUWBNBOND001', 0.9426, 1),
(18, '1EXPCTIB518002', '3MDF0006E20001', 0.0007, 3),
(19, '1EXPCTIB518002', '3MDF0012E20001', 0.0005, 3),
(20, '1EXPCTIB518002', '3PLY0015SG0001', 0.0048, 3),
(21, '1EXPCTIB518002', '3WODRIMBA00001', 0.0001, 3),
(22, '1EXPCTIB620001', '2LVL013M8SE001', 0.3151, 1),
(23, '1EXPCTIB620001', '3GLUHDTBONDLAP', 0.0026, 1),
(24, '1EXPCTIB620001', '3GLUTCBONDL558', 0.0263, 1),
(25, '1EXPCTIB620001', '3MDF0006E20001', 0.0005, 3),
(26, '1EXPCTIB620001', '3MDF0012E20001', 0.0004, 3),
(27, '1EXPCTIB620001', '3PLY0015SG0001', 0.0032, 3),
(28, '1EXPCTIB620001', '3WODRIMBA00001', 0.0001, 3),
(29, '1EXPCTIB620003', '2LVL013M8SE001', 0.3723, 1),
(30, '1EXPCTIB620003', '3GLUHDTBONDLAP', 0.0032, 1),
(31, '1EXPCTIB620003', '3GLUTCBONDL558', 0.0317, 1),
(32, '1EXPCTIB620003', '3MDF0006E20001', 0.0006, 3),
(33, '1EXPCTIB620003', '3MDF0012E20001', 0.0005, 3),
(34, '1EXPCTIB620003', '3PLY0015SG0001', 0.0044, 3),
(35, '1EXPCTIB620003', '3WODRIMBA00001', 0.0001, 3),
(36, '1EXPCTIB623001', '3WODRIMBA00001', 1, 3),
(37, '1EXPCTIB623002', '3GLUHDTBONDLAP', 12, 1),
(38, '1EXPCTIB623002', '3GLUTCBONDL558', 121, 1),
(39, '1EXPCTIB623002', '3GLUWBNBOND001', 2.905, 1),
(40, '1EXPCTIB623002', '3MDF0006E20001', 4, 3),
(41, '1EXPCTIB623002', '3MDF0012E20001', 3, 3),
(42, '1EXPCTIB623002', '3PLY0015SG0001', 16, 3),
(43, '1EXPCTIB623002', '3WODRIMBA00001', 46, 3),
(44, '1EXPCTIB623003', '2LVL013M8SE001', 2.926, 1),
(45, '1EXPCTIB623003', '3GLUHDTBONDLAP', 24, 1),
(46, '1EXPCTIB623003', '3GLUTCBONDL558', 242, 1),
(47, '1EXPCTIB623003', '3GLUWBNBOND001', 43, 1),
(48, '1EXPCTIB623003', '3MDF0006E20001', 4, 3),
(49, '1EXPCTIB623003', '3MDF0012E20001', 3, 3),
(50, '1EXPCTIB623003', '3PLY0015SG0001', 29, 3),
(51, '1EXPCTIB623003', '3WODRIMBA00001', 8, 3),
(52, '1EXPCTIBB00001', '2LVL013M8SE001', 3.724, 1),
(53, '1EXPCTIBB00001', '3GLUHDTBONDLAP', 32, 1),
(54, '1EXPCTIBB00001', '3GLUTCBONDL558', 31, 1),
(55, '1EXPCTIBB00001', '3GLUWBNBOND001', 564, 1),
(56, '1EXPCTIBB00001', '3MDF0006E20001', 6, 3),
(57, '1EXPCTIBB00001', '3MDF0012E20001', 4, 3),
(58, '1EXPCTIBB00001', '3PLY0015SG0001', 38, 3),
(59, '1EXPCTIBB00001', '3WODRIMBA00001', 1, 3),
(60, '1EXPCTIBB00002', '2LVL013M8SE001', 2.926, 1),
(61, '1EXPCTIBB00002', '3GLUHDTBONDLAP', 24, 1),
(62, '1EXPCTIBB00002', '3GLUTCBONDL558', 242, 1),
(63, '1EXPCTIBB00002', '3GLUWBNBOND001', 43, 1),
(64, '1EXPCTIBB00002', '3MDF0006E20001', 5, 3),
(65, '1EXPCTIBB00002', '3MDF0012E20001', 4, 3),
(66, '1EXPCTIBB00002', '3PLY0015SG0001', 33, 3),
(67, '1EXPCTIBB00002', '3WODRIMBA00001', 1, 3),
(68, '1EXPCTIS3S0001', '2LVL013M8SE001', 3.151, 1),
(69, '1EXPCTIS3S0001', '3GLUHDTBONDLAP', 26, 1),
(70, '1EXPCTIS3S0001', '3GLUTCBONDL558', 263, 1),
(71, '1EXPCTIS3S0001', '3MDF0006E20001', 5, 3),
(72, '1EXPCTIS3S0001', '3MDF0012E20001', 4, 3),
(73, '1EXPCTIS3S0001', '3PLY0015SG0001', 32, 3),
(74, '1EXPCTIS3S0001', '3WODRIMBA00001', 1, 3),
(75, '1EXPCTIS3S0002', '2LVL013M8SE001', 4.552, 1),
(76, '1EXPCTIS3S0002', '3GLUHDTBONDLAP', 39, 1),
(77, '1EXPCTIS3S0002', '3GLUTCBONDL558', 395, 1),
(78, '1EXPCTIS3S0002', '3GLUWBNBOND001', 702, 1),
(79, '1EXPCTIS3S0002', '3MDF0006E20001', 7, 3),
(80, '1EXPCTIS3S0002', '3MDF0012E20001', 5, 3),
(81, '1EXPCTIS3S0002', '3PLY0015SG0001', 48, 3),
(82, '1EXPCTIS3S0002', '3WODRIMBA00001', 1, 3),
(83, '1EXPCTIS3S0003', '2LVL013M8SE001', 5.121, 1),
(84, '1EXPCTIS3S0003', '3GLUHDTBONDLAP', 41, 1),
(85, '1EXPCTIS3S0003', '3GLUTCBONDL558', 414, 1),
(86, '1EXPCTIS3S0003', '3GLUWBNBOND001', 9.926, 1),
(87, '1EXPCTIS3S0003', '3MDF0006E20001', 8, 3),
(88, '1EXPCTIS3S0003', '3MDF0012E20001', 6, 3),
(89, '1EXPCTIS3S0003', '3PLY0015SG0001', 55, 3),
(90, '1EXPCTIS3S0003', '3WODRIMBA00001', 1, 3),
(91, '1EXPCTIB518002', '3FLR0000000002', 0.4482, 2),
(92, '1EXPCTIB518002', '3FLR0000000008', 0.9557, 2),
(93, '1EXPCTIB518002', '3GLUWB05259PE1', 0.4501, 2),
(94, '1EXPCTIB518002', '3GLUWBNBOND001', 0.1177, 2),
(95, '1EXPCTIB518002', '3PNTSEWBWHCW01', 0.0011, 2),
(96, '1EXPCTIB518002', '3SAN0060WH0001', 0.0001, 2),
(97, '1EXPCTIB518002', '3SAN0120CL0010', 0.0009, 2),
(98, '1EXPCTIB518002', '3SAN0150PP0003', 0.0002, 2),
(99, '1EXPCTIB518002', '3SAN0180PP0004', 0.0002, 2),
(100, '1EXPCTIB620001', '3FLR0000000002', 0.2766, 2),
(101, '1EXPCTIB620001', '3FLR0000000008', 0.592, 2),
(102, '1EXPCTIB620001', '3GLUWB05259PE1', 0.2788, 2),
(103, '1EXPCTIB620001', '3GLUWBNBOND001', 0.0053, 2),
(104, '1EXPCTIB620001', '3PNTSEWBWHCW01', 0.0009, 2),
(105, '1EXPCTIB620001', '3SAN0060WH0001', 0.0001, 2),
(106, '1EXPCTIB620001', '3SAN0120CL0010', 0.0005, 2),
(107, '1EXPCTIB620001', '3SAN0150PP0003', 0.0001, 2),
(108, '1EXPCTIB620001', '3SAN0180PP0004', 0.0001, 2),
(109, '1EXPCTIB620003', '3FLR0000000002', 0.3702, 2),
(110, '1EXPCTIB620003', '3FLR0000000008', 0.7893, 2),
(111, '1EXPCTIB620003', '3GLUWB05259PE1', 0.3717, 2),
(112, '1EXPCTIB620003', '3GLUWBNBOND001', 0.007, 2),
(113, '1EXPCTIB620003', '3PNTSEWBWHCW01', 0.0009, 2),
(114, '1EXPCTIB620003', '3SAN0060WH0001', 0.00008, 2),
(115, '1EXPCTIB620003', '3SAN0120CL0010', 0.0007, 2),
(116, '1EXPCTIB620003', '3SAN0150PP0003', 0.0001, 2),
(117, '1EXPCTIB620003', '3SAN0180PP0004', 0.0001, 2),
(118, '1EXPCTIB623001', '3SAN0120CL0010', 4, 2),
(119, '1EXPCTIB623001', '3SAN0150PP0003', 1, 2),
(120, '1EXPCTIB623001', '3SAN0180PP0004', 1, 2),
(121, '1EXPCTIB623002', '3FLR0000000002', 1.461, 2),
(122, '1EXPCTIB623002', '3FLR0000000008', 3.116, 2),
(123, '1EXPCTIB623002', '3GLUWB05259PE1', 1.467, 2),
(124, '1EXPCTIB623002', '3GLUWBNBOND001', 27, 2),
(125, '1EXPCTIB623002', '3PNTSEWBWHCW01', 7, 2),
(126, '1EXPCTIB623002', '3SAN0060WH0001', 3, 2),
(127, '1EXPCTIB623002', '3SAN0120CL0010', 3, 2),
(128, '1EXPCTIB623002', '3SAN0150PP0003', 1, 2),
(129, '1EXPCTIB623002', '3SAN0180PP0004', 1, 2),
(130, '1EXPCTIB623003', '3FLR0000000002', 2.923, 2),
(131, '1EXPCTIB623003', '3FLR0000000008', 6.232, 2),
(132, '1EXPCTIB623003', '3GLUWB05259PE1', 2.935, 2),
(133, '1EXPCTIB623003', '3GLUWBNBOND001', 54, 2),
(134, '1EXPCTIB623003', '3PNTSEWBWHCW01', 7, 2),
(135, '1EXPCTIB623003', '3SAN0060WH0001', 6, 2),
(136, '1EXPCTIB623003', '3SAN0120CL0010', 5, 2),
(137, '1EXPCTIB623003', '3SAN0150PP0003', 1, 2),
(138, '1EXPCTIB623003', '3SAN0180PP0004', 1, 2),
(139, '1EXPCTIBB00001', '3FLR0000000002', 3.702, 2),
(140, '1EXPCTIBB00001', '3FLR0000000008', 7.893, 2),
(141, '1EXPCTIBB00001', '3GLUWB05259PE1', 3.717, 2),
(142, '1EXPCTIBB00001', '3GLUWBNBOND001', 7, 2),
(143, '1EXPCTIBB00001', '3PNTSEWBWHCW01', 9, 2),
(144, '1EXPCTIBB00001', '3SAN0060WH0001', 8, 2),
(145, '1EXPCTIBB00001', '3SAN0120CL0010', 7, 2),
(146, '1EXPCTIBB00001', '3SAN0150PP0003', 1, 2),
(147, '1EXPCTIBB00001', '3SAN0180PP0004', 1, 2),
(148, '1EXPCTIBB00002', '3FLR0000000002', 2.922, 2),
(149, '1EXPCTIBB00002', '3FLR0000000008', 6.231, 2),
(150, '1EXPCTIBB00002', '3GLUWB05259PE1', 2.934, 2),
(151, '1EXPCTIBB00002', '3GLUWBNBOND001', 54, 2),
(152, '1EXPCTIBB00002', '3PNTSEWBWHCW01', 7, 2),
(153, '1EXPCTIBB00002', '3SAN0060WH0001', 6, 2),
(154, '1EXPCTIBB00002', '3SAN0120CL0010', 5, 2),
(155, '1EXPCTIBB00002', '3SAN0150PP0003', 1, 2),
(156, '1EXPCTIBB00002', '3SAN0180PP0004', 1, 2),
(157, '1EXPCTIS3S0001', '3FLR0000000002', 3.142, 2),
(158, '1EXPCTIS3S0001', '3FLR0000000008', 6.699, 2),
(159, '1EXPCTIS3S0001', '3GLUWB05259PE1', 3.155, 2),
(160, '1EXPCTIS3S0001', '3GLUWBNBOND001', 59, 2),
(161, '1EXPCTIS3S0001', '3PNTSEWBWHCW01', 7, 2),
(162, '1EXPCTIS3S0001', '3SAN0060WH0001', 1, 2),
(163, '1EXPCTIS3S0001', '3SAN0120CL0010', 6, 2),
(164, '1EXPCTIS3S0001', '3SAN0150PP0003', 1, 2),
(165, '1EXPCTIS3S0001', '3SAN0180PP0004', 1, 2),
(166, '1EXPCTIS3S0002', '3FLR0000000002', 4.506, 2),
(167, '1EXPCTIS3S0002', '3FLR0000000008', 9.607, 2),
(168, '1EXPCTIS3S0002', '3GLUWB05259PE1', 4.524, 2),
(169, '1EXPCTIS3S0002', '3GLUWBNBOND001', 88, 2),
(170, '1EXPCTIS3S0002', '3PNTSEWBWHCW01', 11, 2),
(171, '1EXPCTIS3S0002', '3SAN0060WH0001', 1, 2),
(172, '1EXPCTIS3S0002', '3SAN0120CL0010', 9, 2),
(173, '1EXPCTIS3S0002', '3SAN0150PP0003', 2, 2),
(174, '1EXPCTIS3S0002', '3SAN0180PP0004', 2, 2),
(175, '1EXPCTIS3S0003', '3FLR0000000002', 4.701, 2),
(176, '1EXPCTIS3S0003', '3FLR0000000008', 1.2023, 2),
(177, '1EXPCTIS3S0003', '3GLUWB05259PE1', 472, 2),
(178, '1EXPCTIS3S0003', '3GLUWBNBOND001', 1.241, 2),
(179, '1EXPCTIS3S0003', '3PNTSEWBWHCW01', 11, 2),
(180, '1EXPCTIS3S0003', '3SAN0060WH0001', 1, 2),
(181, '1EXPCTIS3S0003', '3SAN0120CL0010', 9, 2),
(182, '1EXPCTIS3S0003', '3SAN0150PP0003', 2, 2),
(183, '1EXPCTIS3S0003', '3SAN0180PP0004', 2, 2),
(184, '1EXPCTIB518002', '3ISOPB00610001', 0.4577, 3),
(185, '1EXPCTIB518002', '3LYR05P040A1KG', 0.0149, 3),
(186, '1EXPCTIB518002', '3LYRM5F1K2S001', 0.0345, 3),
(187, '1EXPCTIB518002', '3MTPBRFENCWH04', 0.0295, 3),
(188, '1EXPCTIB518002', '3PLB03H080D1K0', 0.0307, 3),
(189, '1EXPCTIB518002', '3PPB15YL000002', 0.1516, 3),
(190, '1EXPCTIB518002', '3REFNA000F25MO', 0.343, 3),
(191, '1EXPCTIB518002', '3REFNACOIL5001', 0.686, 3),
(192, '1EXPCTIB518002', '3STR20U200M500', 0.7138, 3),
(193, '1EXPCTIB620001', '3ISOPB00610001', 0.0037, 3),
(194, '1EXPCTIB620001', '3LYR05P040A1KG', 0.0101, 3),
(195, '1EXPCTIB620001', '3LYRM5F1K2S001', 0.0001, 3),
(196, '1EXPCTIB620001', '3MTPBRFENCWH04', 0.0201, 3),
(197, '1EXPCTIB620001', '3PLB03H080D1K0', 0.0209, 3),
(198, '1EXPCTIB620001', '3PPB15YL000002', 0.1027, 3),
(199, '1EXPCTIB620001', '3REFNA000F25MO', 0.2333, 3),
(200, '1EXPCTIB620001', '3REFNACOIL5001', 0.4667, 3),
(201, '1EXPCTIB620001', '3STR20U200M500', 0.5692, 3),
(202, '1EXPCTIB620003', '3ISOPB00610001', 0.4157, 3),
(203, '1EXPCTIB620003', '3LYR05P040A1KG', 0.0138, 3),
(204, '1EXPCTIB620003', '3LYRM5F1K2S001', 0.0319, 3),
(205, '1EXPCTIB620003', '3MTPBRFENCWH04', 0.0273, 3),
(206, '1EXPCTIB620003', '3PLB03H080D1K0', 0.0279, 3),
(207, '1EXPCTIB620003', '3PPB15YL000002', 0.1328, 3),
(208, '1EXPCTIB620003', '3REFNA000F25MO', 0.3175, 3),
(209, '1EXPCTIB620003', '3REFNACOIL5001', 0.6351, 3),
(210, '1EXPCTIB620003', '3STR20U200M500', 0.6475, 3),
(211, '1EXPCTIB623002', '3ISOPB00610001', 1.803, 3),
(212, '1EXPCTIB623002', '3LYR05P040A1KG', 77, 3),
(213, '1EXPCTIB623002', '3LYRM5F1K2S001', 137, 3),
(214, '1EXPCTIB623002', '3MTPBRFENCWH04', 106, 3),
(215, '1EXPCTIB623002', '3PLB03H080D1K0', 114, 3),
(216, '1EXPCTIB623002', '3PPB15YL000002', 468, 3),
(217, '1EXPCTIB623002', '3REFNA000F25MO', 1.059, 3),
(218, '1EXPCTIB623002', '3REFNACOIL5001', 2.119, 3),
(219, '1EXPCTIB623002', '3STR20U200M500', 4.982, 3),
(220, '1EXPCTIB623003', '3ISOPB00610001', 2.816, 3),
(221, '1EXPCTIB623003', '3LYR05P040A1KG', 92, 3),
(222, '1EXPCTIB623003', '3LYRM5F1K2S001', 212, 3),
(223, '1EXPCTIB623003', '3MTPBRFENCWH04', 182, 3),
(224, '1EXPCTIB623003', '3PLB03H080D1K0', 189, 3),
(225, '1EXPCTIB623003', '3PPB15YL000002', 933, 3),
(226, '1EXPCTIB623003', '3REFNA000F25MO', 211, 3),
(227, '1EXPCTIB623003', '3REFNACOIL5001', 4.222, 3),
(228, '1EXPCTIB623003', '3STR20U200M500', 5.433, 3),
(229, '1EXPCTIBB00001', '3ISOPB00610001', 3.666, 3),
(230, '1EXPCTIBB00001', '3LYR05P040A1KG', 119, 3),
(231, '1EXPCTIBB00001', '3LYRM5F1K2S001', 276, 3),
(232, '1EXPCTIBB00001', '3MTPBRFENCWH04', 236, 3),
(233, '1EXPCTIBB00001', '3PLB03H080D1K0', 245, 3),
(234, '1EXPCTIBB00001', '3PPB15YL000002', 1.217, 3),
(235, '1EXPCTIBB00001', '3REFNA000F25MO', 2.744, 3),
(236, '1EXPCTIBB00001', '3REFNACOIL5001', 5.488, 3),
(237, '1EXPCTIBB00001', '3STR20U200M500', 627, 3),
(238, '1EXPCTIBB00002', '3ISOPB00610001', 3.084, 3),
(239, '1EXPCTIBB00002', '3LYR05P040A1KG', 102, 3),
(240, '1EXPCTIBB00002', '3LYRM5F1K2S001', 235, 3),
(241, '1EXPCTIBB00002', '3MTPBRFENCWH04', 202, 3),
(242, '1EXPCTIBB00002', '3PLB03H080D1K0', 207, 3),
(243, '1EXPCTIBB00002', '3PPB15YL000002', 994, 3),
(244, '1EXPCTIBB00002', '3REFNA000F25MO', 2.345, 3),
(245, '1EXPCTIBB00002', '3REFNACOIL5001', 4.691, 3),
(246, '1EXPCTIBB00002', '3STR20U200M500', 5.542, 3),
(247, '1EXPCTIS3S0001', '3ISOPB00610001', 34, 3),
(248, '1EXPCTIS3S0001', '3LYR05P040A1KG', 101, 3),
(249, '1EXPCTIS3S0001', '3LYRM5F1K2S001', 235, 3),
(250, '1EXPCTIS3S0001', '3MTPBRFENCWH04', 201, 3),
(251, '1EXPCTIS3S0001', '3PLB03H080D1K0', 209, 3),
(252, '1EXPCTIS3S0001', '3PPB15YL000002', 1.027, 3),
(253, '1EXPCTIS3S0001', '3REFNA000F25MO', 2.333, 3),
(254, '1EXPCTIS3S0001', '3REFNACOIL5001', 4.667, 3),
(255, '1EXPCTIS3S0001', '3STR20U200M500', 5.692, 3),
(256, '1EXPCTIS3S0002', '3ISOPB00610001', 51, 3),
(257, '1EXPCTIS3S0002', '3LYR05P040A1KG', 149, 3),
(258, '1EXPCTIS3S0002', '3LYRM5F1K2S001', 1, 3),
(259, '1EXPCTIS3S0002', '3MTPBRFENCWH04', 295, 3),
(260, '1EXPCTIS3S0002', '3PLB03H080D1K0', 149, 3),
(261, '1EXPCTIS3S0002', '3PPB15YL000002', 1.519, 3),
(262, '1EXPCTIS3S0002', '3REFNA000F25MO', 343, 3),
(263, '1EXPCTIS3S0002', '3REFNACOIL5001', 686, 3),
(264, '1EXPCTIS3S0002', '3STR20U200M500', 7.153, 3),
(265, '1EXPCTIS3S0003', '3ISOPB00610001', 5.207, 3),
(266, '1EXPCTIS3S0003', '3LYR05P040A1KG', 17, 3),
(267, '1EXPCTIS3S0003', '3LYRM5F1K2S001', 394, 3),
(268, '1EXPCTIS3S0003', '3MTPBRFENCWH04', 337, 3),
(269, '1EXPCTIS3S0003', '3PLB03H080D1K0', 353, 3),
(270, '1EXPCTIS3S0003', '3PPB15YL000002', 1.711, 3),
(271, '1EXPCTIS3S0003', '3REFNA000F25MO', 392, 3),
(272, '1EXPCTIS3S0003', '3REFNACOIL5001', 784, 3),
(273, '1EXPCTIS3S0003', '3STR20U200M500', 7.547, 3),
(274, '1EXPCTIB620003', '3STKCPNABHLFCT', 2, 3),
(275, '1EXPCTIB623003', '3STKCPNABHLFCT', 2, 3),
(276, '1EXPCTIB623004', '2LVL013M8SE001', 2.926, 1),
(277, '1EXPCTIB623004', '3GLUHDTBONDLAP', 24, 1),
(278, '1EXPCTIB623004', '3GLUTCBONDL558', 242, 1),
(279, '1EXPCTIB623004', '3GLUWBNBOND001', 5.809, 1),
(280, '1EXPCTIB623004', '2WODS3S0000001', 1, 2),
(281, '1EXPCTIB623004', '3FLR0000000002', 2.923, 2),
(282, '1EXPCTIB623004', '3FLR0000000008', 6.232, 2),
(283, '1EXPCTIB623004', '3GLUWB05259PE1', 2.923, 2),
(284, '1EXPCTIB623004', '3GLUWBNBOND001', 726, 2),
(285, '1EXPCTIB623004', '3PNTSEWBWHCW01', 7, 2),
(286, '1EXPCTIB623004', '3SAN0060WH0001', 1, 2),
(287, '1EXPCTIB623004', '3SAN0120CL0010', 5, 2),
(288, '1EXPCTIB623004', '3SAN0150PP0003', 1, 2),
(289, '1EXPCTIB623004', '3SAN0180PP0004', 1, 2),
(290, '1EXPCTIB623004', '3ISOPB00610001', 3.098, 3),
(291, '1EXPCTIB623004', '3LYR05P040A1KG', 102, 3),
(292, '1EXPCTIB623004', '3LYRM5F1K2S001', 236, 3),
(293, '1EXPCTIB623004', '3MDF0006E20001', 5, 3),
(294, '1EXPCTIB623004', '3MDF0012E20001', 4, 3),
(295, '1EXPCTIB623004', '3MTPBRFENCWH04', 202, 3),
(296, '1EXPCTIB623004', '3PLB03H080D1K0', 21, 3),
(297, '1EXPCTIB623004', '3PPB15YL000002', 1.007, 3),
(298, '1EXPCTIB623004', '3REFNA000F25MO', 2.345, 3),
(299, '1EXPCTIB623004', '3REFNACOIL5001', 4.691, 3),
(300, '1EXPCTIB623004', '3STR20U200M500', 5.555, 3),
(301, '1EXPCTIB623004', '3WODRIMBA00001', 1, 3),
(302, '1LOCCTI491616S', '2WODRST00PN001', 61, 1),
(303, '1LOCCTI491616S', '3GLUHDTBONDLAP', 72, 1),
(304, '1LOCCTI491616S', '3GLUTCBONDL558', 48, 1),
(305, '1LOCCTI491616S', '3GLUWBNBOND001', 0.18, 1),
(306, '1LOCCTI491616S', '2PNTSEWBWHCW01', 39, 2),
(307, '1LOCCTI491616S', '3FLR0000000002', 5.422, 2),
(308, '1LOCCTI491616S', '3GLUWB05259PE1', 1.741, 2),
(309, '1LOCCTI491616S', '3PNTSEWBWHCW01', 9, 2),
(310, '1LOCCTI491616S', '3PUTWDPTPW12', 3, 2),
(311, '1LOCCTI491616S', '3SAN0150PP0003', 1, 2),
(312, '1LOCCTI491616S', '3SAN0180PP0004', 1, 2),
(313, '1LOCCTI491616S', '3MDF0006E20001', 6, 3),
(314, '1LOCCTI491616S', '3MDF0009E20001', 2, 3),
(315, '1LOCFTCTIB5180', '2LVL013M8SE001', 4.449, 1),
(316, '1LOCFTCTIB5180', '3GLUHDTBONDLAP', 39, 1),
(317, '1LOCFTCTIB5180', '3FLR0000000002', 4.257, 2),
(318, '1LOCFTCTIB5180', '3FLR0000000008', 9.078, 2),
(319, '1LOCFTCTIB5180', '3GLUWB05259PE1', 4.275, 2),
(320, '1LOCFTCTIB5180', '3GLUTCBONDL558', 392, 1),
(321, '1LOCFTCTIB5180', '3GLUWBNBOND001', 348, 1),
(322, '1LOCFTCTIB5180', '3GLUWBNBOND001', 87, 2),
(323, '1LOCFTCTIB5180', '3SAN0120CL0010', 9, 2),
(324, '1LOCFTCTIB5180', '3SAN0150PP0003', 2, 2),
(325, '1LOCFTCTIB5180', '3SAN0180PP0004', 2, 2),
(326, '1LOCFTCTIB5180', '3LYRM5F1K2S001', 345, 3),
(327, '1LOCFTCTIB5180', '3MDF0006E20001', 7, 3),
(328, '1LOCFTCTIB5180', '3MDF0012E20001', 5, 3),
(329, '1LOCFTCTIB5180', '3MTPBRFENCWH04', 295, 3),
(330, '1LOCFTCTIB5180', '3PLY0015SG0001', 48, 3),
(331, '1LOCFTCTIB5180', '3PPB15YL000002', 1.516, 3),
(332, '1LOCFTCTIB5180', '3REFNA000F25MO', 343, 3),
(333, '1LOCFTCTIB5180', '3REFNACOIL5001', 686, 3),
(334, '1LOCFTCTIB5180', '3STR20U200M500', 4.462, 3),
(335, '1LOCCTI1577740', '2LVL013M8SE001', 3.271, 1),
(336, '1LOCCTI1577740', '3GLUHDTBONDLAP', 28, 1),
(337, '1LOCCTI1577740', '3GLUTCBONDL558', 279, 1),
(338, '1LOCCTI1577740', '3GLUWBNBOND001', 248.748, 1),
(339, '1LOCCTI1577740', '3FLR0000000002', 3.171, 2),
(340, '1LOCCTI1577740', '3FLR0000000008', 6.762, 2),
(341, '1LOCCTI1577740', '3GLUWB05259PE1', 3.184, 2),
(342, '1LOCCTI1577740', '3GLUWBNBOND001', 62, 2),
(343, '1LOCCTI1577740', '3SAN0120CL0010', 6, 2),
(344, '1LOCCTI1577740', '3SAN0150PP0003', 1, 2),
(345, '1LOCCTI1577740', '3SAN0180PP0004', 1, 2),
(346, '1LOCCTI1577740', '3LYRM5F1K2S001', 245, 3),
(347, '1LOCCTI1577740', '3MDF0006E20001', 5, 3),
(348, '1LOCCTI1577740', '3MDF0012E20001', 4, 3),
(349, '1LOCCTI1577740', '3MTPBRFENCWH04', 211, 3),
(350, '1LOCCTI1577740', '3PLY0015SG0001', 32, 3),
(351, '1LOCCTI1577740', '3PPB15YL000002', 1.092, 3),
(352, '1LOCCTI1577740', '3REFNA000F25MO', 2.479, 3),
(353, '1LOCCTI1577740', '3REFNACOIL5001', 4.957, 3),
(354, '1LOCCTI1577740', '3STR20U200M500', 3.518, 3),
(355, '1LOCCTI5163JMB', '2LVL013M8SE001', 4.449, 1),
(356, '1LOCCTI5163JMB', '3GLUHDTBONDLAP', 39, 1),
(357, '1LOCCTI5163JMB', '3GLUTCBONDL558', 394, 1),
(358, '1LOCCTI5163JMB', '3GLUWBNBOND001', 35, 1),
(359, '1LOCCTI5163JMB', '3FLR0000000002', 428, 2),
(360, '1LOCCTI5163JMB', '3FLR0000000008', 9.126, 2),
(361, '1LOCCTI5163JMB', '3GLUWB05259PE1', 4.297, 2),
(362, '1LOCCTI5163JMB', '3GLUWBNBOND001', 88, 2),
(363, '1LOCCTI5163JMB', '3SAN0120CL0010', 9, 2),
(364, '1LOCCTI5163JMB', '3SAN0150PP0003', 2, 2),
(365, '1LOCCTI5163JMB', '3SAN0180PP0004', 2, 2),
(366, '1LOCCTI5163JMB', '3LYRM5F1K2S001', 345, 3),
(367, '1LOCCTI5163JMB', '3MDF0006E20001', 7, 3),
(368, '1LOCCTI5163JMB', '3MDF0012E20001', 5, 3),
(369, '1LOCCTI5163JMB', '3MTPBRFENCWH04', 295, 3),
(370, '1LOCCTI5163JMB', '3PLY0015SG0001', 48, 3),
(371, '1LOCCTI5163JMB', '3PPB15YL000002', 1.519, 3),
(372, '1LOCCTI5163JMB', '3REFNA000F25MO', 343, 3),
(373, '1LOCCTI5163JMB', '3REFNACOIL5001', 686, 3),
(374, '1LOCCTI5163JMB', '3STKCPNABHLFCT', 4, 3),
(375, '1LOCCTI5163JMB', '3STR20U200M500', 447, 3),
(376, '1LOCCTI5163JMB', '3ISOPB00610001', 4.579, 3),
(377, '1LOCCTI5163JMB', '3LYR05P040A1KG', 149, 3),
(378, '1LOCCTI5163JMB', '3PLB03H080D1K0', 307, 3),
(379, '1LOCCTI5163JMB', '3PNTSEWBWHCW01', 11, 2),
(380, '1LOCCTI5163JMB', '3SAN0060WH0001', 1, 2),
(381, '1LOCCTI5163JMB', '3WODRIMBA00001', 1, 3),
(382, '1LOCFTCTIB5180', '3ISOPB00610001', 4.576, 3),
(383, '1LOCFTCTIB5180', '3LYR05P040A1KG', 149, 3),
(384, '1LOCFTCTIB5180', '3PLB03H080D1K0', 307, 3),
(385, '1LOCFTCTIB5180', '3PNTSEWBWHCW01', 11, 2),
(386, '1LOCFTCTIB5180', '3SAN0060WH0001', 1, 2),
(387, '1LOCFTCTIB5180', '3WODRIMBA00001', 1, 3),
(388, '1EXPCTIB620003', '3GLUWBNBOND001', 0.0564, 1),
(389, '1LOCCTIWGN618M  ', '2LVL013M8SE001', 4.378, 1),
(390, '1LOCCTIWGN618M  ', '3GLUHDTBONDLAP', 36, 1),
(391, '1LOCCTIWGN618M  ', '3GLUTCBONDL558', 363, 1),
(392, '1LOCCTIWGN618M  ', '3GLUWBNBOND001', 192, 1),
(393, '1LOCCTIWGN618M  ', '3FLR0000000002', 0.39, 2),
(394, '1LOCCTIWGN618M  ', '3FLR0000000008', 0.38, 2),
(395, '1LOCCTIWGN618M  ', '3GLUWB05259PE1', 0.23, 2),
(396, '1LOCCTIWGN618M  ', '3GLUWBNBOND001', 71, 2),
(397, '1LOCCTIWGN618M  ', '3PNTSEWBWHCW01', 11, 2),
(398, '1LOCCTIWGN618M  ', '3SAN0060WH0001', 1, 2),
(399, '1LOCCTIWGN618M  ', '3SAN0150PP0003', 2, 2),
(400, '1LOCCTIWGN618M  ', '3SAN0180PP0004', 2, 2),
(401, '1LOCCTIWGN618M  ', '3ISOPB00610001', 5, 3),
(402, '1LOCCTIWGN618M  ', '3LYR05P040A1KG', 149, 3),
(403, '1LOCCTIWGN618M  ', '3LYRM5F1K2S001', 1, 3),
(404, '1LOCCTIWGN618M  ', '3MDF0006E20001', 7, 3),
(405, '1LOCCTIWGN618M  ', '3MDF0012E20001', 5, 3),
(406, '1LOCCTIWGN618M  ', '3MTPBRFENCWH04', 295, 3),
(407, '1LOCCTIWGN618M  ', '3PLB03H080D1K0', 307, 3),
(408, '1LOCCTIWGN618M  ', '3PLY0015SG0001', 47, 3),
(409, '1LOCCTIWGN618M  ', '3PPB15YL000002', 1.519, 3),
(410, '1LOCCTIWGN618M  ', '3REFNA000F25MO', 343, 3),
(411, '1LOCCTIWGN618M  ', '3REFNACOIL5001', 686, 3),
(412, '1LOCCTIWGN618M  ', '3STR20U200M500', 7.137, 3),
(413, '1LOCCTIWGN618M  ', '3WODRIMBA00001', 1, 3),
(414, '1EXPCTIB620002', '2LVL013M8SE001', 0.1862, 1),
(415, '1EXPCTIB620002', '3GLUHDTBONDLAP', 0.0016, 1),
(416, '1EXPCTIB620002', '3GLUTCBONDL558', 0.0159, 1),
(417, '1EXPCTIB620002', '3GLUWBNBOND001', 0.9, 1),
(418, '1EXPCTIB620002', '3FLR0000000002', 0.1851, 2),
(419, '1EXPCTIB620002', '3FLR0000000008', 0.3947, 2),
(420, '1EXPCTIB620002', '3GLUWB05259PE1', 0.1859, 2),
(421, '1EXPCTIB620002', '3GLUWBNBOND001', 0.0035, 2),
(422, '1EXPCTIB620002', '3PNTSEWBWHCW01', 0.0009, 2),
(423, '1EXPCTIB620002', '3SAN0060WH0001', 0.0001, 2),
(424, '1EXPCTIB620002', '3SAN0120CL0010', 0.0004, 2),
(425, '1EXPCTIB620002', '3SAN0150PP0003', 0.0001, 2),
(426, '1EXPCTIB620002', '3SAN0180PP0004', 0.0001, 2),
(427, '1EXPCTIB620002', '3ISOPB00610001', 0.0029, 3),
(428, '1EXPCTIB620002', '3LYR05P040A1KG', 0.0115, 3),
(429, '1EXPCTIB620002', '3LYRM5F1K2S001', 0.0001, 3),
(430, '1EXPCTIB620002', '3MDF0006E20001', 0.0006, 3),
(431, '1EXPCTIB620002', '3MDF0012E20001', 0.0005, 3),
(432, '1EXPCTIB620002', '3MTPBRFENCWH04', 0.016, 3),
(433, '1EXPCTIB620002', '3PLB03H080D1K0', 0.0166, 3),
(434, '1EXPCTIB620002', '3PLY0015SG0001', 0.0026, 3),
(435, '1EXPCTIB620002', '3PPB15YL000002', 0.0667, 3),
(436, '1EXPCTIB620002', '3REFNA000F25MO', 0.1594, 3),
(437, '1EXPCTIB620002', '3REFNACOIL5001', 0.3189, 3),
(438, '1EXPCTIB620002', '3STKCPNABHLFCT', 0.1, 3),
(439, '1EXPCTIB620002', '3STR20U200M500', 0.5798, 3),
(440, '1EXPCTIB620002', '3WODRIMBA00001', 0.0001, 3),
(441, '1EXPCTIB618001', '2LVL013M8SE001', 0.4552, 1),
(442, '1EXPCTIB618001', '3GLUHDTBONDLAP', 0.0039, 1),
(443, '1EXPCTIB618001', '3GLUTCBONDL558', 0.0392, 1),
(444, '1EXPCTIB618001', '3GLUWBNBOND001', 0.9419, 1),
(445, '1EXPCTIB618001', '3FLR0000000002', 0.4482, 2),
(446, '1EXPCTIB618001', '3FLR0000000008', 0.9556, 2),
(447, '1EXPCTIB618001', '3GLUWB05259PE1', 0.45, 2),
(448, '1EXPCTIB618001', '3GLUWBNBOND001', 0.1177, 2),
(449, '1EXPCTIB618001', '3PNTSEWBWHCW01', 0.0011, 2),
(450, '1EXPCTIB618001', '3SAN0060WH0001', 0.0001, 2),
(451, '1EXPCTIB618001', '3SAN0120CL0010', 0.0009, 2),
(452, '1EXPCTIB618001', '3SAN0150PP0003', 0.0002, 2),
(453, '1EXPCTIB618001', '3SAN0180PP0004', 0.0002, 2),
(454, '1EXPCTIB618001', '3ISOPB00610001', 0.0005, 3),
(455, '1EXPCTIB618001', '3LYR05P040A1KG', 0.0149, 3),
(456, '1EXPCTIB618001', '3LYRM5F1K2S001', 0.0001, 3),
(457, '1EXPCTIB618001', '3MDF0006E20001', 0.0007, 3),
(458, '1EXPCTIB618001', '3MDF0012E20001', 0.0005, 3),
(459, '1EXPCTIB618001', '3MTPBRFENCWH04', 0.0295, 3),
(460, '1EXPCTIB618001', '3PLB03H080D1K0', 0.0307, 3),
(461, '1EXPCTIB618001', '3PLY0015SG0001', 0.0048, 3),
(462, '1EXPCTIB618001', '3PPB15YL000002', 0.1516, 3),
(463, '1EXPCTIB618001', '3REFNA000F25MO', 0.343, 3),
(464, '1EXPCTIB618001', '3REFNACOIL5001', 0.686, 3),
(465, '1EXPCTIB618001', '3STR20U200M500', 0.7136, 3),
(466, '1EXPCTIB618001', '3WODRIMBA00001', 0.0001, 3),
(467, '1EXPCTIB623001', '2LVL013M8SE001', 1.862, 1),
(468, '1EXPCTIB623001', '3GLUHDTBONDLAP', 16, 1),
(469, '1EXPCTIB623001', '3GLUTCBONDL558', 159, 1),
(470, '1EXPCTIB623001', '3GLUWBNBOND001', 282, 1),
(471, '1EXPCTIB623001', '3FLR0000000002', 2.192, 2),
(472, '1EXPCTIB623001', '3FLR0000000008', 4.674, 2),
(473, '1EXPCTIB623001', '3GLUWB05259PE1', 2.201, 2),
(474, '1EXPCTIB623001', '3GLUWBNBOND001', 4, 2),
(475, '1EXPCTIB623001', '3PNTSEWBWHCW01', 7, 2),
(476, '1EXPCTIB623001', '3SAN0060WH0001', 1, 2),
(477, '1EXPCTIB623001', '3ISOPB00610001', 29, 3),
(478, '1EXPCTIB623001', '3LYR05P040A1KG', 115, 3),
(479, '1EXPCTIB623001', '3LYRM5F1K2S001', 1, 3),
(480, '1EXPCTIB623001', '3MDF0006E20001', 6, 3),
(481, '1EXPCTIB623001', '3MDF0012E20001', 5, 3),
(482, '1EXPCTIB623001', '3MTPBRFENCWH04', 16, 3),
(483, '1EXPCTIB623001', '3PLB03H080D1K0', 166, 3),
(484, '1EXPCTIB623001', '3PLY0015SG0001', 26, 3),
(485, '1EXPCTIB623001', '3PPB15YL000002', 667, 3),
(486, '1EXPCTIB623001', '3REFNA000F25MO', 1.594, 3),
(487, '1EXPCTIB623001', '3REFNACOIL5001', 3.189, 3),
(488, '1EXPCTIB623001', '3STKCPNABHLFCT', 0.1, 3),
(489, '1EXPCTIB623001', '3STR20U200M500', 5.798, 3),
(490, '1EXPCTIB623001', '3WODRIMBA00001', 1, 3),
(491, '1EXPCTIB620001', '3GLUWBNBOND001', 0.0423, 1),
(492, '1EXPCTIB620004', '2LVL013M8SE001', 0.3724, 1),
(493, '1EXPCTIB620004', '3GLUHDTBONDLAP', 0.0032, 1),
(494, '1EXPCTIB620004', '3GLUTCBONDL558', 0.0317, 1),
(495, '1EXPCTIB620004', '3GLUWBNBOND001', 0.0564, 1),
(496, '1EXPCTIB620004', '3FLR0000000002', 0.3702, 2),
(497, '1EXPCTIB620004', '3FLR0000000008', 0.7893, 2),
(498, '1EXPCTIB620004', '3GLUWB05259PE1', 0.3717, 2),
(499, '1EXPCTIB620004', '3PNTSEWBWHCW01', 0.0009, 2),
(500, '1EXPCTIB620004', '3SAN0060WH0001', 0.0001, 2),
(501, '1EXPCTIB620004', '3SAN0120CL0010', 0.0007, 2),
(502, '1EXPCTIB620004', '3SAN0150PP0003', 0.0001, 2),
(503, '1EXPCTIB620004', '3SAN0180PP0004', 0.0001, 2),
(504, '1EXPCTIB620004', '3ISOPB00610001', 0.0045, 3),
(505, '1EXPCTIB620004', '3LYR05P040A1KG', 0.0138, 3),
(506, '1EXPCTIB620004', '3LYRM5F1K2S001', 0.0001, 3),
(507, '1EXPCTIB620004', '3MDF0006E20001', 0.0006, 3),
(508, '1EXPCTIB620004', '3MDF0012E20001', 0.0005, 3),
(509, '1EXPCTIB620004', '3MTPBRFENCWH04', 0.0273, 3),
(510, '1EXPCTIB620004', '3PLB03H080D1K0', 0.0279, 3),
(511, '1EXPCTIB620004', '3PLY0015SG0001', 0.0044, 3),
(512, '1EXPCTIB620004', '3PPB15YL000002', 0.1328, 3),
(513, '1EXPCTIB620004', '3REFNA000F25MO', 0.3176, 3),
(514, '1EXPCTIB620004', '3REFNACOIL5001', 0.6352, 3),
(515, '1EXPCTIB620004', '3STR20U200M500', 0.6475, 3),
(516, '1EXPCTIB620004', '3WODRIMBA00001', 0.0001, 3),
(517, '1EXPCTIB620004', '3GLUWBNBOND001', 0.0564, 1),
(518, '1EXPCTIB620004', '3GLUWBNBOND001', 0.007, 2),
(519, '1EXPCTIS3S0001', '3GLUWBNBOND001', 468, 1),
(520, '1EXPCTIB623002', '2LVL013M8SE001', 1.463, 1),
(521, '1LOCCTI491618S', '3FLR0000000002', 6.485, 2),
(522, '1LOCCTI491618S', '3GLUWB05259PE1', 2.082, 2),
(523, '1LOCCTI491618S', '3PNTSEWBWHCW01', 9, 2),
(524, '1LOCCTI491618S', '3SAN0150PP0003', 1, 2),
(525, '1LOCCTI491618S', '3SAN0180PP0004', 1, 2),
(526, '1LOCCTI491616S', '3PPB15YL000002', 1.583, 3),
(527, '1LOCCTI491616S', '3MTPBRFENCWH04', 114, 3),
(528, '1LOCCTI491616S', '3PLY0015SG0001', 14, 3),
(529, '1LOCCTI491616S', '3REFNA000F25MO', 1.425, 3),
(530, '1LOCCTI491616S', '3REFNACOIL5001', 285, 3),
(531, '1LOCCTI491618S', '3ISOPB00610001', 3.475, 3),
(532, '1LOCCTI491618S', '3LYR05P040A1KG', 95, 3),
(533, '1LOCCTI491618S', '3LYRM5F1K2S001', 171, 3),
(534, '1LOCCTI491618S', '3MTPBRFENCWH04', 114, 3),
(535, '1LOCCTI491618S', '3PLB03H080D1K0', 152, 3),
(536, '1LOCCTI491618S', '3PLY0015SG0001', 16, 3),
(537, '1LOCCTI491618S', '3PPB15YL000002', 1.583, 3),
(538, '1LOCCTI491618S', '3REFNACOIL5001', 285, 3),
(539, '1LOCCTI491618S', '2WODRST00PN001', 73, 1),
(540, '1LOCCTI491618S', '3GLUHDTBONDLAP', 86, 1),
(541, '1LOCCTI491618S', '3GLUTCBONDL558', 57, 1),
(542, '1LOCCTI491618S', '3GLUWBNBOND001', 0.2, 1),
(543, '1LOCCTIWGNS555', '2LVL013M8SE001', 0.4, 1),
(544, '1LOCCTIWGNS555', '3FLR0000000002', 1.1611, 2),
(545, '1LOCCTIWGNS555', '3GLUHDTBONDLAP', 42, 1),
(546, '1LOCCTIWGNS555', '3GLUTCBONDL558', 28, 1),
(547, '1LOCCTIWGNS555', '3GLUWB05259PE1', 3.729, 2),
(548, '1LOCCTIWGNS555', '3GLUWBNBOND001', 245, 1),
(549, '1LOCCTIWGNS555', '3PNTSEWBWHCW01', 6, 2),
(550, '1LOCCTIWGNS555', '3PUTWDPTPW12', 5, 2),
(551, '1LOCCTIWGNS555', '3SAN0150PP0003', 1, 2),
(552, '1LOCCTIWGNS555', '3SAN0180PP0004', 1, 2),
(553, '1LOCCTIWGNS555', '3ISOPB00610001', 2, 3),
(554, '1LOCCTIWGNS555', '3LYR05P040A1KG', 14, 3),
(555, '1LOCCTIWGNS555', '3MDF0003E20001', 3, 3),
(556, '1LOCCTIWGNS555', '3MDF0006E20001', 5, 3),
(557, '1LOCCTIWGNS555', '3MDF0009E20001', 4, 3),
(558, '1LOCCTIWGNS555', '3MTPBRFENCWH04', 32, 3),
(559, '1LOCCTIWGNS555', '3PLB03H080D1K0', 26, 3),
(560, '1LOCCTIWGNS555', '3PLY0015SG0001', 11, 3),
(561, '1LOCCTIWGNS555', '3PPB15YL000002', 1.666, 3),
(562, '1LOCCTIWGNS555', '3REFNA000F25MO', 0.24, 3),
(563, '1LOCCTIWGNS555', '3REFNACOIL5001', 0.48, 3),
(564, '1LOCCTIWGNS555', '3STR20U200M500', 0.6, 3),
(565, '1LOCCTIWGNS555', '3WODRIMBA00001', 0, 3),
(566, '1LOCCTIWGNS557', '2LVL013M8SE001', 2.926, 1),
(567, '1LOCCTIWGNS557', '3FLR0000000002', 2.777, 2),
(568, '1LOCCTIWGNS557', '3FLR0000000008', 292, 2),
(569, '1LOCCTIWGNS557', '3GLUHDTBONDLAP', 24, 1),
(570, '1LOCCTIWGNS557', '3GLUTCBONDL558', 242, 1),
(571, '1LOCCTIWGNS557', '3GLUWB05259PE1', 2.788, 2),
(572, '1LOCCTIWGNS557', '3GLUWBNBOND001', 43, 1),
(573, '1LOCCTIWGNS557', '3PNTSEWBWHCW01', 7, 2),
(574, '1LOCCTIWGNS557', '3SAN0060WH0001', 1, 2),
(575, '1LOCCTIWGNS557', '3SAN0120CL0010', 5, 2),
(576, '1LOCCTIWGNS557', '3SAN0150PP0003', 1, 2),
(577, '1LOCCTIWGNS557', '3SAN0180PP0004', 1, 2),
(578, '1LOCCTIWGNS557', '3GLUWBNBOND001', 54, 2),
(579, '1LOCCTIWGNS557', '3ISOPB00610001', 34, 3),
(580, '1LOCCTIWGNS557', '3LYR05P040A1KG', 102, 3),
(581, '1LOCCTIWGNS557', '3LYRM5F1K2S001', 1, 3),
(582, '1LOCCTIWGNS557', '3MDF0006E20001', 5, 3),
(583, '1LOCCTIWGNS557', '3MDF0012E20001', 4, 3),
(584, '1LOCCTIWGNS557', '3MTPBRFENCWH04', 202, 3),
(585, '1LOCCTIWGNS557', '3PLB03H080D1K0', 21, 3),
(586, '1LOCCTIWGNS557', '3PLY0015SG0001', 32, 3),
(587, '1LOCCTIWGNS557', '3PPB15YL000002', 1.007, 3),
(588, '1LOCCTIWGNS557', '3REFNA000F25MO', 2.345, 3),
(589, '1LOCCTIWGNS557', '3REFNACOIL5001', 4.691, 3),
(590, '1LOCCTIWGNS557', '3STR20U200M500', 5.555, 3),
(591, '1LOCCTIWGNS557', '3WODRIMBA00001', 1, 3);

-- --------------------------------------------------------

--
-- Table structure for table `divisi`
--

CREATE TABLE `divisi` (
  `divisi_id` int(11) NOT NULL,
  `divisi_nama` varchar(255) NOT NULL
) ENGINE=InnoDB DEFAULT CHARSET=utf8mb4;

--
-- Dumping data for table `divisi`
--

INSERT INTO `divisi` (`divisi_id`, `divisi_nama`) VALUES
(1, 'WW'),
(2, 'GESSO'),
(3, 'PACKING');

-- --------------------------------------------------------

--
-- Table structure for table `item`
--

CREATE TABLE `item` (
  `item_id` varchar(255) NOT NULL,
  `item_nama` varchar(255) NOT NULL,
  `item_panjang` float NOT NULL,
  `item_lebar` float NOT NULL,
  `item_tebal` float NOT NULL,
  `item_kubikasi` float NOT NULL,
  `item_uom_id` int(11) DEFAULT NULL
) ENGINE=InnoDB DEFAULT CHARSET=utf8mb4;

--
-- Dumping data for table `item`
--

INSERT INTO `item` (`item_id`, `item_nama`, `item_panjang`, `item_lebar`, `item_tebal`, `item_kubikasi`, `item_uom_id`) VALUES
('1EXPCTIB518002', 'BASEBOARD 5180', 4876.8, 132.57, 13.5, 8.728, 5),
('1EXPCTIB618001', 'BASEBOARD 618', 4876.8, 132.56, 13.49, 8.7209, 5),
('1EXPCTIB620001', 'BASEBOARD 620', 3657.6, 107.16, 13.48, 5.2835, 5),
('1EXPCTIB620002', 'BASEBOARD 620', 2438.4, 107.16, 13.48, 3.5223, 5),
('1EXPCTIB620003', 'BASEBOARD 620', 4876.8, 107.16, 13.48, 7.0446, 5),
('1EXPCTIB620004', 'BASEBOARD 620', 4876.8, 107.16, 13.48, 7.0446, 5),
('1EXPCTIB623001', 'BASEBOARD 623', 3657.4, 81.76, 13.49, 4.0339, 5),
('1EXPCTIB623002', 'BASEBOARD 623', 2438.4, 81.76, 13.49, 2.6894, 5),
('1EXPCTIB623003', 'BASEBOARD 623', 4876.8, 81.76, 13.49, 5.3788, 5),
('1EXPCTIB623004', 'BASEBOARD 623', 4876.8, 81.76, 13.49, 5.3788, 5),
('1EXPCTIBB00001', 'BB', 4876.8, 107.16, 13.48, 7.0446, 5),
('1EXPCTIBB00002', 'BB', 4876.8, 81.76, 13.48, 5.3748, 5),
('1EXPCTIS3S0001', 'S3S', 4876.8, 88.9, 13.49, 5.8486, 5),
('1EXPCTIS3S0002', 'S3S', 4876.8, 133.35, 13.49, 8.7728, 5),
('1EXPCTIS3S0003', 'S3S', 4876.8, 139.7, 13.49, 9.1906, 5),
('1LOCCTI1577740', 'S3S', 5181.6, 88.9, 13.5, 6.2187, 5),
('1LOCCTI491616S', 'FLAT JAMB', 2074.07, 115.89, 16.67, 4.1969, 5),
('1LOCCTI491618S', 'FLAT JAMB', 2470.94, 115.89, 16.67, 4.7736, 5),
('1LOCCTI5163JMB', 'BASEBOARD 5163', 4876.8, 133.35, 13.48, 8.7663, 5),
('1LOCCTIFPF49P1', 'FLAT JAMB', 2086.77, 115.89, 16.67, 4.0314, 5),
('1LOCCTIWGN618M  ', 'BASEBOARD 618', 4876.8, 132.57, 13.49, 8.7215, 5),
('1LOCCTIWGNS555', 'BASEBOARD 623', 4876.8, 107.16, 13.49, 7.0498, 5),
('1LOCCTIWGNS557', 'BASEBOARD 623', 4876.8, 81.76, 13.49, 5.3788, 5),
('1LOCFTCTIB5180', 'BASEBOARD 5180', 4876.8, 132.57, 13.49, 8.7215, 5),
('TES', 'TES', 10, 20, 30, 0.006, 2);

-- --------------------------------------------------------

--
-- Table structure for table `material`
--

CREATE TABLE `material` (
  `material_id` varchar(255) NOT NULL,
  `material_nama` varchar(255) NOT NULL,
  `material_harga` int(11) NOT NULL,
  `material_uom_id` int(11) DEFAULT NULL
) ENGINE=InnoDB DEFAULT CHARSET=utf8mb4;

--
-- Dumping data for table `material`
--

INSERT INTO `material` (`material_id`, `material_nama`, `material_harga`, `material_uom_id`) VALUES
('2LVL013M8SE001', 'LVL SENGON 13.8MM X 1250MM X 1250MM', 0, 12),
('2PNTSEWBWHCW01', 'WIP PAINTING AW170-04 WB PRIME WHITE (SYNCOA', 0, 6),
('2WODCTISML-SP1', 'WIP SUPPORT PALLET CTI (SMALL)', 0, 5),
('2WODPLET00-PA1', 'WIP SEKAT PALLET UK. 840MM X 20MM X 3MM', 0, 5),
('2WODPLET00-PA2', 'WIP SEKAT PALLET UK. 1165MM X 60MM X 6MM', 0, 5),
('2WODPLET00-PA3', 'WIP SEKAT PALLET UK. 840MM X 60MM X 9MM', 0, 5),
('2WODRST00PN001', 'RST PINUS KERING', 0, 6),
('2WODS3S0000001', 'WIP FJ S3S UK. 4876.8 X 88.9 X 13.49', 0, 5),
('3FLR0000000002', 'KALSIUM KARBONAT MERK OMYA (MESH #800)', 1120, 2),
('3FLR0000000008', 'KALSIUM KARBONAT MERK OMYA 6', 941, 2),
('3GLUHDTBONDLAP', 'HARDENER L A P', 63814, 2),
('3GLUTCBONDL558', 'TECHBOND L558', 17017, 2),
('3GLUWB05259PE1', 'LEM ALFABOND 5229 PE/1', 17800, 2),
('3GLUWBNBOND001', 'LEM N BOND', 3400, 14),
('3ISOPB00610001', 'PLAK BAND BENING (UK. 2.21 INCH) (ROHS)', 8000, 8),
('3LYR05P040A1KG', 'PAPER ANGLE UK:40MM X 40MM X 5MM X 1055MM', 5225, 5),
('3LYRM5F1K2S001', 'PE-FOAM SHEET 0.5MM L=120CM (1ROLL = 800M)', 570000, 8),
('3MDF0003E20001', 'MDF 3MM E2', 40727, 12),
('3MDF0006E20001', 'MDF 6MM E2', 69090, 12),
('3MDF0009E20001', 'MDF 9MM E2', 111364, 12),
('3MDF0012E20001', 'MDF 12MM E2', 115952, 12),
('3MTPBRFENCWH04', 'KLEM BESI 0.6MM', 275, 5),
('3PLB03H080D1K0', 'HD PRINT CTI SHEET HIJAU UK. 0.03 X 80 X 1000MTR', 2173, 7),
('3PLY0015SG0001', 'PLY WOOD SENGON THICKNESS 15MM', 165000, 12),
('3PNTSEWBWHCW01', '(CITRA WARNA MULIATAMA) AW170-04 WB PRIME', 34520, 2),
('3PPB15YL000002', '  TALI STRAPPING BAND KUNING (1ROLL = 1000MTR)', 148, 7),
('3PUTWDPTPW12', '(KALIMAS PUTRAMAKMUR) WOOD PUTTY PW-12', 26366, 2),
('3REFNA000F25MO', 'ISI PAKU TEMBAK F25MO', 6, 5),
('3REFNA000F30MO', 'ISI PAKU TEMBAK F30MO', 6, 5),
('3REFNACOIL5001', 'PAKU COIL ULIR 50MM', 55, 5),
('3SAN0060WH0001', 'AMPLAS FLAP WHEEL #60', 305000, 5),
('3SAN0120CL0010', 'AMPLAS BELT EKAMANT UK. 150 X 750 P.120', 12300, 5),
('3SAN0150PP0003', '  AMPLAS BELT 2200MM X 1330MM P.150', 215000, 5),
('3SAN0180PP0004', 'AMPLAS BELT 2200MM X 1330MM P.180', 215000, 5),
('3STKCPNABHLFCT', 'STICKER LABEL BARCODE BLANK-HALF CUT', 28, 5),
('3STR20U200M500', 'HAND STRETCH FILM 500MM X 200M X 20µM', 307, 7),
('3WODRIMBA00001', 'KAYU RIMBA CAMPUR', 1500000, 6);

-- --------------------------------------------------------

--
-- Table structure for table `so`
--

CREATE TABLE `so` (
  `so_id` int(11) NOT NULL,
  `so_no_po` varchar(255) NOT NULL,
  `so_bom_id` int(11) NOT NULL,
  `so_qty_order` float NOT NULL,
  `so_lot_number` varchar(255) NOT NULL,
  `so_realisasi` float NOT NULL,
  `so_ba` float NOT NULL,
  `so_tanggal` date NOT NULL
) ENGINE=InnoDB DEFAULT CHARSET=utf8mb4;

--
-- Dumping data for table `so`
--

INSERT INTO `so` (`so_id`, `so_no_po`, `so_bom_id`, `so_qty_order`, `so_lot_number`, `so_realisasi`, `so_ba`, `so_tanggal`) VALUES
(35, 'CTI/44408', 14, 3600, 'SFT21120039', 1619, 0, '2021-12-17'),
(36, 'CTI/44408', 15, 3600, 'SFT21120039', 0, 0, '0000-00-00'),
(37, 'CTI/44408', 16, 3600, 'SFT21120039', 0, 0, '0000-00-00'),
(38, 'CTI/44408', 17, 3600, 'SFT21120039', 0, 0, '0000-00-00'),
(39, 'CTI/44408', 18, 3600, 'SFT21120039', 0, 0, '0000-00-00'),
(40, 'CTI/44408', 19, 3600, 'SFT21120039', 0, 0, '0000-00-00'),
(41, 'CTI/44408', 20, 3600, 'SFT21120039', 0, 0, '0000-00-00'),
(42, 'CTI/44408', 21, 3600, 'SFT21120039', 0, 0, '0000-00-00'),
(43, 'CTI/44408', 91, 3600, 'SFT21120039', 0, 0, '0000-00-00'),
(44, 'CTI/44408', 92, 3600, 'SFT21120039', 0, 0, '0000-00-00'),
(45, 'CTI/44408', 93, 3600, 'SFT21120039', 0, 0, '0000-00-00'),
(46, 'CTI/44408', 94, 3600, 'SFT21120039', 0, 0, '0000-00-00'),
(47, 'CTI/44408', 95, 3600, 'SFT21120039', 0, 0, '0000-00-00'),
(48, 'CTI/44408', 96, 3600, 'SFT21120039', 0, 0, '0000-00-00'),
(49, 'CTI/44408', 97, 3600, 'SFT21120039', 0, 0, '0000-00-00'),
(50, 'CTI/44408', 98, 3600, 'SFT21120039', 0, 0, '0000-00-00'),
(51, 'CTI/44408', 99, 3600, 'SFT21120039', 0, 0, '0000-00-00'),
(52, 'CTI/44408', 184, 3600, 'SFT21120039', 0, 0, '0000-00-00'),
(53, 'CTI/44408', 185, 3600, 'SFT21120039', 0, 0, '0000-00-00'),
(54, 'CTI/44408', 186, 3600, 'SFT21120039', 0, 0, '0000-00-00'),
(55, 'CTI/44408', 187, 3600, 'SFT21120039', 0, 0, '0000-00-00'),
(56, 'CTI/44408', 188, 3600, 'SFT21120039', 0, 0, '0000-00-00'),
(57, 'CTI/44408', 189, 3600, 'SFT21120039', 0, 0, '0000-00-00'),
(58, 'CTI/44408', 190, 3600, 'SFT21120039', 0, 0, '0000-00-00'),
(59, 'CTI/44408', 191, 3600, 'SFT21120039', 0, 0, '0000-00-00'),
(60, 'CTI/44408', 192, 3600, 'SFT21120039', 0, 0, '0000-00-00'),
(62, 'CTI/44253', 83, 4800, 'SFT21120067', 0, 0, '0000-00-00'),
(63, 'CTI/44253', 84, 4800, 'SFT21120067', 0, 0, '0000-00-00'),
(64, 'CTI/44253', 85, 4800, 'SFT21120067', 0, 0, '0000-00-00'),
(65, 'CTI/44253', 86, 4800, 'SFT21120067', 0, 0, '0000-00-00'),
(66, 'CTI/44253', 87, 4800, 'SFT21120067', 0, 0, '0000-00-00'),
(67, 'CTI/44253', 88, 4800, 'SFT21120067', 0, 0, '0000-00-00'),
(68, 'CTI/44253', 89, 4800, 'SFT21120067', 0, 0, '0000-00-00'),
(69, 'CTI/44253', 90, 4800, 'SFT21120067', 0, 0, '0000-00-00'),
(70, 'CTI/44253', 175, 4800, 'SFT21120067', 0, 0, '0000-00-00'),
(71, 'CTI/44253', 176, 4800, 'SFT21120067', 0, 0, '0000-00-00'),
(72, 'CTI/44253', 177, 4800, 'SFT21120067', 0, 0, '0000-00-00'),
(73, 'CTI/44253', 178, 4800, 'SFT21120067', 0, 0, '0000-00-00'),
(74, 'CTI/44253', 179, 4800, 'SFT21120067', 0, 0, '0000-00-00'),
(75, 'CTI/44253', 180, 4800, 'SFT21120067', 0, 0, '0000-00-00'),
(76, 'CTI/44253', 181, 4800, 'SFT21120067', 0, 0, '0000-00-00'),
(77, 'CTI/44253', 182, 4800, 'SFT21120067', 0, 0, '0000-00-00'),
(78, 'CTI/44253', 183, 4800, 'SFT21120067', 0, 0, '0000-00-00'),
(79, 'CTI/44253', 265, 4800, 'SFT21120067', 0, 0, '0000-00-00'),
(80, 'CTI/44253', 266, 4800, 'SFT21120067', 0, 0, '0000-00-00'),
(81, 'CTI/44253', 267, 4800, 'SFT21120067', 0, 0, '0000-00-00'),
(82, 'CTI/44253', 268, 4800, 'SFT21120067', 0, 0, '0000-00-00'),
(83, 'CTI/44253', 269, 4800, 'SFT21120067', 0, 0, '0000-00-00'),
(84, 'CTI/44253', 270, 4800, 'SFT21120067', 0, 0, '0000-00-00'),
(85, 'CTI/44253', 271, 4800, 'SFT21120067', 0, 0, '0000-00-00'),
(86, 'CTI/44253', 272, 4800, 'SFT21120067', 0, 0, '0000-00-00'),
(87, 'CTI/44253', 273, 4800, 'SFT21120067', 0, 0, '0000-00-00'),
(89, 'CTI/44261', 22, 3024, 'SFT21120081', 0, 0, '0000-00-00'),
(90, 'CTI/44261', 23, 3024, 'SFT21120081', 0, 0, '0000-00-00'),
(91, 'CTI/44261', 24, 3024, 'SFT21120081', 0, 0, '0000-00-00'),
(92, 'CTI/44261', 25, 3024, 'SFT21120081', 0, 0, '0000-00-00'),
(93, 'CTI/44261', 26, 3024, 'SFT21120081', 0, 0, '0000-00-00'),
(94, 'CTI/44261', 27, 3024, 'SFT21120081', 0, 0, '0000-00-00'),
(95, 'CTI/44261', 28, 3024, 'SFT21120081', 0, 0, '0000-00-00'),
(96, 'CTI/44261', 100, 3024, 'SFT21120081', 0, 0, '0000-00-00'),
(97, 'CTI/44261', 101, 3024, 'SFT21120081', 0, 0, '0000-00-00'),
(98, 'CTI/44261', 102, 3024, 'SFT21120081', 0, 0, '0000-00-00'),
(99, 'CTI/44261', 103, 3024, 'SFT21120081', 0, 0, '0000-00-00'),
(100, 'CTI/44261', 104, 3024, 'SFT21120081', 0, 0, '0000-00-00'),
(101, 'CTI/44261', 105, 3024, 'SFT21120081', 0, 0, '0000-00-00'),
(102, 'CTI/44261', 106, 3024, 'SFT21120081', 0, 0, '0000-00-00'),
(103, 'CTI/44261', 107, 3024, 'SFT21120081', 0, 0, '0000-00-00'),
(104, 'CTI/44261', 108, 3024, 'SFT21120081', 0, 0, '0000-00-00'),
(105, 'CTI/44261', 193, 3024, 'SFT21120081', 0, 0, '0000-00-00'),
(106, 'CTI/44261', 194, 3024, 'SFT21120081', 0, 0, '0000-00-00'),
(107, 'CTI/44261', 195, 3024, 'SFT21120081', 0, 0, '0000-00-00'),
(108, 'CTI/44261', 196, 3024, 'SFT21120081', 0, 0, '0000-00-00'),
(109, 'CTI/44261', 197, 3024, 'SFT21120081', 0, 0, '0000-00-00'),
(110, 'CTI/44261', 198, 3024, 'SFT21120081', 0, 0, '0000-00-00'),
(111, 'CTI/44261', 199, 3024, 'SFT21120081', 0, 0, '0000-00-00'),
(112, 'CTI/44261', 200, 3024, 'SFT21120081', 0, 0, '0000-00-00'),
(113, 'CTI/44261', 201, 3024, 'SFT21120081', 0, 0, '0000-00-00'),
(114, 'CTI/44261', 491, 3024, 'SFT21120081', 0, 0, '0000-00-00'),
(115, 'CTI/44261', 414, 1296, 'SFT21120072', 0, 0, '0000-00-00'),
(116, 'CTI/44261', 415, 1296, 'SFT21120072', 0, 0, '0000-00-00'),
(117, 'CTI/44261', 416, 1296, 'SFT21120072', 0, 0, '0000-00-00'),
(118, 'CTI/44261', 417, 1296, 'SFT21120072', 0, 0, '0000-00-00'),
(119, 'CTI/44261', 418, 1296, 'SFT21120072', 0, 0, '0000-00-00'),
(120, 'CTI/44261', 419, 1296, 'SFT21120072', 0, 0, '0000-00-00'),
(121, 'CTI/44261', 420, 1296, 'SFT21120072', 0, 0, '0000-00-00'),
(122, 'CTI/44261', 421, 1296, 'SFT21120072', 0, 0, '0000-00-00'),
(123, 'CTI/44261', 422, 1296, 'SFT21120072', 0, 0, '0000-00-00'),
(124, 'CTI/44261', 423, 1296, 'SFT21120072', 0, 0, '0000-00-00'),
(125, 'CTI/44261', 424, 1296, 'SFT21120072', 0, 0, '0000-00-00'),
(126, 'CTI/44261', 425, 1296, 'SFT21120072', 0, 0, '0000-00-00'),
(127, 'CTI/44261', 426, 1296, 'SFT21120072', 0, 0, '0000-00-00'),
(128, 'CTI/44261', 427, 1296, 'SFT21120072', 0, 0, '0000-00-00'),
(129, 'CTI/44261', 428, 1296, 'SFT21120072', 0, 0, '0000-00-00'),
(130, 'CTI/44261', 429, 1296, 'SFT21120072', 0, 0, '0000-00-00'),
(131, 'CTI/44261', 430, 1296, 'SFT21120072', 0, 0, '0000-00-00'),
(132, 'CTI/44261', 431, 1296, 'SFT21120072', 0, 0, '0000-00-00'),
(133, 'CTI/44261', 432, 1296, 'SFT21120072', 0, 0, '0000-00-00'),
(134, 'CTI/44261', 433, 1296, 'SFT21120072', 0, 0, '0000-00-00'),
(135, 'CTI/44261', 434, 1296, 'SFT21120072', 0, 0, '0000-00-00'),
(136, 'CTI/44261', 435, 1296, 'SFT21120072', 0, 0, '0000-00-00'),
(137, 'CTI/44261', 436, 1296, 'SFT21120072', 0, 0, '0000-00-00'),
(138, 'CTI/44261', 437, 1296, 'SFT21120072', 0, 0, '0000-00-00'),
(139, 'CTI/44261', 438, 1296, 'SFT21120072', 0, 0, '0000-00-00'),
(140, 'CTI/44261', 439, 1296, 'SFT21120072', 0, 0, '0000-00-00'),
(141, 'CTI/44261', 440, 1296, 'SFT21120072', 0, 0, '0000-00-00'),
(142, 'CTI/44261', 37, 2106, 'SFT21120066', 0, 0, '0000-00-00'),
(143, 'CTI/44261', 38, 2106, 'SFT21120066', 0, 0, '0000-00-00'),
(144, 'CTI/44261', 39, 2106, 'SFT21120066', 0, 0, '0000-00-00'),
(145, 'CTI/44261', 40, 2106, 'SFT21120066', 0, 0, '0000-00-00'),
(146, 'CTI/44261', 41, 2106, 'SFT21120066', 0, 0, '0000-00-00'),
(147, 'CTI/44261', 42, 2106, 'SFT21120066', 0, 0, '0000-00-00'),
(148, 'CTI/44261', 43, 2106, 'SFT21120066', 0, 0, '0000-00-00'),
(149, 'CTI/44261', 121, 2106, 'SFT21120066', 0, 0, '0000-00-00'),
(150, 'CTI/44261', 122, 2106, 'SFT21120066', 0, 0, '0000-00-00'),
(151, 'CTI/44261', 123, 2106, 'SFT21120066', 0, 0, '0000-00-00'),
(152, 'CTI/44261', 124, 2106, 'SFT21120066', 0, 0, '0000-00-00'),
(153, 'CTI/44261', 125, 2106, 'SFT21120066', 0, 0, '0000-00-00'),
(154, 'CTI/44261', 126, 2106, 'SFT21120066', 0, 0, '0000-00-00'),
(155, 'CTI/44261', 127, 2106, 'SFT21120066', 0, 0, '0000-00-00'),
(156, 'CTI/44261', 128, 2106, 'SFT21120066', 0, 0, '0000-00-00'),
(157, 'CTI/44261', 129, 2106, 'SFT21120066', 0, 0, '0000-00-00'),
(158, 'CTI/44261', 211, 2106, 'SFT21120066', 0, 0, '0000-00-00'),
(159, 'CTI/44261', 212, 2106, 'SFT21120066', 0, 0, '0000-00-00'),
(160, 'CTI/44261', 213, 2106, 'SFT21120066', 0, 0, '0000-00-00'),
(161, 'CTI/44261', 214, 2106, 'SFT21120066', 0, 0, '0000-00-00'),
(162, 'CTI/44261', 215, 2106, 'SFT21120066', 0, 0, '0000-00-00'),
(163, 'CTI/44261', 216, 2106, 'SFT21120066', 0, 0, '0000-00-00'),
(164, 'CTI/44261', 217, 2106, 'SFT21120066', 0, 0, '0000-00-00'),
(165, 'CTI/44261', 218, 2106, 'SFT21120066', 0, 0, '0000-00-00'),
(166, 'CTI/44261', 219, 2106, 'SFT21120066', 0, 0, '0000-00-00'),
(167, 'CTI/44261', 520, 2106, 'SFT21120066', 0, 0, '0000-00-00'),
(169, 'CTI/44262', 414, 3024, 'SFT21120070', 0, 0, '0000-00-00'),
(170, 'CTI/44262', 415, 3024, 'SFT21120070', 0, 0, '0000-00-00'),
(171, 'CTI/44262', 416, 3024, 'SFT21120070', 0, 0, '0000-00-00'),
(172, 'CTI/44262', 417, 3024, 'SFT21120070', 0, 0, '0000-00-00'),
(173, 'CTI/44262', 418, 3024, 'SFT21120070', 0, 0, '0000-00-00'),
(174, 'CTI/44262', 419, 3024, 'SFT21120070', 0, 0, '0000-00-00'),
(175, 'CTI/44262', 420, 3024, 'SFT21120070', 0, 0, '0000-00-00'),
(176, 'CTI/44262', 421, 3024, 'SFT21120070', 0, 0, '0000-00-00'),
(177, 'CTI/44262', 422, 3024, 'SFT21120070', 0, 0, '0000-00-00'),
(178, 'CTI/44262', 423, 3024, 'SFT21120070', 0, 0, '0000-00-00'),
(179, 'CTI/44262', 424, 3024, 'SFT21120070', 0, 0, '0000-00-00'),
(180, 'CTI/44262', 425, 3024, 'SFT21120070', 0, 0, '0000-00-00'),
(181, 'CTI/44262', 426, 3024, 'SFT21120070', 0, 0, '0000-00-00'),
(182, 'CTI/44262', 427, 3024, 'SFT21120070', 0, 0, '0000-00-00'),
(183, 'CTI/44262', 428, 3024, 'SFT21120070', 0, 0, '0000-00-00'),
(184, 'CTI/44262', 429, 3024, 'SFT21120070', 0, 0, '0000-00-00'),
(185, 'CTI/44262', 430, 3024, 'SFT21120070', 0, 0, '0000-00-00'),
(186, 'CTI/44262', 431, 3024, 'SFT21120070', 0, 0, '0000-00-00'),
(187, 'CTI/44262', 432, 3024, 'SFT21120070', 0, 0, '0000-00-00'),
(188, 'CTI/44262', 433, 3024, 'SFT21120070', 0, 0, '0000-00-00'),
(189, 'CTI/44262', 434, 3024, 'SFT21120070', 0, 0, '0000-00-00'),
(190, 'CTI/44262', 435, 3024, 'SFT21120070', 0, 0, '0000-00-00'),
(191, 'CTI/44262', 436, 3024, 'SFT21120070', 0, 0, '0000-00-00'),
(192, 'CTI/44262', 437, 3024, 'SFT21120070', 0, 0, '0000-00-00'),
(193, 'CTI/44262', 438, 3024, 'SFT21120070', 0, 0, '0000-00-00'),
(194, 'CTI/44262', 439, 3024, 'SFT21120070', 0, 0, '0000-00-00'),
(195, 'CTI/44262', 440, 3024, 'SFT21120070', 0, 0, '0000-00-00'),
(197, 'CTI/44263', 22, 1296, 'SFT21120082', 0, 0, '0000-00-00'),
(198, 'CTI/44263', 23, 1296, 'SFT21120082', 0, 0, '0000-00-00'),
(199, 'CTI/44263', 24, 1296, 'SFT21120082', 0, 0, '0000-00-00'),
(200, 'CTI/44263', 25, 1296, 'SFT21120082', 0, 0, '0000-00-00'),
(201, 'CTI/44263', 26, 1296, 'SFT21120082', 0, 0, '0000-00-00'),
(202, 'CTI/44263', 27, 1296, 'SFT21120082', 0, 0, '0000-00-00'),
(203, 'CTI/44263', 28, 1296, 'SFT21120082', 0, 0, '0000-00-00'),
(204, 'CTI/44263', 100, 1296, 'SFT21120082', 0, 0, '0000-00-00'),
(205, 'CTI/44263', 101, 1296, 'SFT21120082', 0, 0, '0000-00-00'),
(206, 'CTI/44263', 102, 1296, 'SFT21120082', 0, 0, '0000-00-00'),
(207, 'CTI/44263', 103, 1296, 'SFT21120082', 0, 0, '0000-00-00'),
(208, 'CTI/44263', 104, 1296, 'SFT21120082', 0, 0, '0000-00-00'),
(209, 'CTI/44263', 105, 1296, 'SFT21120082', 0, 0, '0000-00-00'),
(210, 'CTI/44263', 106, 1296, 'SFT21120082', 0, 0, '0000-00-00'),
(211, 'CTI/44263', 107, 1296, 'SFT21120082', 0, 0, '0000-00-00'),
(212, 'CTI/44263', 108, 1296, 'SFT21120082', 0, 0, '0000-00-00'),
(213, 'CTI/44263', 193, 1296, 'SFT21120082', 0, 0, '0000-00-00'),
(214, 'CTI/44263', 194, 1296, 'SFT21120082', 0, 0, '0000-00-00'),
(215, 'CTI/44263', 195, 1296, 'SFT21120082', 0, 0, '0000-00-00'),
(216, 'CTI/44263', 196, 1296, 'SFT21120082', 0, 0, '0000-00-00'),
(217, 'CTI/44263', 197, 1296, 'SFT21120082', 0, 0, '0000-00-00'),
(218, 'CTI/44263', 198, 1296, 'SFT21120082', 0, 0, '0000-00-00'),
(219, 'CTI/44263', 199, 1296, 'SFT21120082', 0, 0, '0000-00-00'),
(220, 'CTI/44263', 200, 1296, 'SFT21120082', 0, 0, '0000-00-00'),
(221, 'CTI/44263', 201, 1296, 'SFT21120082', 0, 0, '0000-00-00'),
(222, 'CTI/44263', 491, 1296, 'SFT21120082', 0, 0, '0000-00-00'),
(223, 'CTI/44263', 414, 1296, 'SFT21120073', 0, 0, '0000-00-00'),
(224, 'CTI/44263', 415, 1296, 'SFT21120073', 0, 0, '0000-00-00'),
(225, 'CTI/44263', 416, 1296, 'SFT21120073', 0, 0, '0000-00-00'),
(226, 'CTI/44263', 417, 1296, 'SFT21120073', 0, 0, '0000-00-00'),
(227, 'CTI/44263', 418, 1296, 'SFT21120073', 0, 0, '0000-00-00'),
(228, 'CTI/44263', 419, 1296, 'SFT21120073', 0, 0, '0000-00-00'),
(229, 'CTI/44263', 420, 1296, 'SFT21120073', 0, 0, '0000-00-00'),
(230, 'CTI/44263', 421, 1296, 'SFT21120073', 0, 0, '0000-00-00'),
(231, 'CTI/44263', 422, 1296, 'SFT21120073', 0, 0, '0000-00-00'),
(232, 'CTI/44263', 423, 1296, 'SFT21120073', 0, 0, '0000-00-00'),
(233, 'CTI/44263', 424, 1296, 'SFT21120073', 0, 0, '0000-00-00'),
(234, 'CTI/44263', 425, 1296, 'SFT21120073', 0, 0, '0000-00-00'),
(235, 'CTI/44263', 426, 1296, 'SFT21120073', 0, 0, '0000-00-00'),
(236, 'CTI/44263', 427, 1296, 'SFT21120073', 0, 0, '0000-00-00'),
(237, 'CTI/44263', 428, 1296, 'SFT21120073', 0, 0, '0000-00-00'),
(238, 'CTI/44263', 429, 1296, 'SFT21120073', 0, 0, '0000-00-00'),
(239, 'CTI/44263', 430, 1296, 'SFT21120073', 0, 0, '0000-00-00'),
(240, 'CTI/44263', 431, 1296, 'SFT21120073', 0, 0, '0000-00-00'),
(241, 'CTI/44263', 432, 1296, 'SFT21120073', 0, 0, '0000-00-00'),
(242, 'CTI/44263', 433, 1296, 'SFT21120073', 0, 0, '0000-00-00'),
(243, 'CTI/44263', 434, 1296, 'SFT21120073', 0, 0, '0000-00-00'),
(244, 'CTI/44263', 435, 1296, 'SFT21120073', 0, 0, '0000-00-00'),
(245, 'CTI/44263', 436, 1296, 'SFT21120073', 0, 0, '0000-00-00'),
(246, 'CTI/44263', 437, 1296, 'SFT21120073', 0, 0, '0000-00-00'),
(247, 'CTI/44263', 438, 1296, 'SFT21120073', 0, 0, '0000-00-00'),
(248, 'CTI/44263', 439, 1296, 'SFT21120073', 0, 0, '0000-00-00'),
(249, 'CTI/44263', 440, 1296, 'SFT21120073', 0, 0, '0000-00-00'),
(250, 'CTI/44263', 37, 2106, 'SFT21120068', 0, 0, '0000-00-00'),
(251, 'CTI/44263', 38, 2106, 'SFT21120068', 0, 0, '0000-00-00'),
(252, 'CTI/44263', 39, 2106, 'SFT21120068', 0, 0, '0000-00-00'),
(253, 'CTI/44263', 40, 2106, 'SFT21120068', 0, 0, '0000-00-00'),
(254, 'CTI/44263', 41, 2106, 'SFT21120068', 0, 0, '0000-00-00'),
(255, 'CTI/44263', 42, 2106, 'SFT21120068', 0, 0, '0000-00-00'),
(256, 'CTI/44263', 43, 2106, 'SFT21120068', 0, 0, '0000-00-00'),
(257, 'CTI/44263', 121, 2106, 'SFT21120068', 0, 0, '0000-00-00'),
(258, 'CTI/44263', 122, 2106, 'SFT21120068', 0, 0, '0000-00-00'),
(259, 'CTI/44263', 123, 2106, 'SFT21120068', 0, 0, '0000-00-00'),
(260, 'CTI/44263', 124, 2106, 'SFT21120068', 0, 0, '0000-00-00'),
(261, 'CTI/44263', 125, 2106, 'SFT21120068', 0, 0, '0000-00-00'),
(262, 'CTI/44263', 126, 2106, 'SFT21120068', 0, 0, '0000-00-00'),
(263, 'CTI/44263', 127, 2106, 'SFT21120068', 0, 0, '0000-00-00'),
(264, 'CTI/44263', 128, 2106, 'SFT21120068', 0, 0, '0000-00-00'),
(265, 'CTI/44263', 129, 2106, 'SFT21120068', 0, 0, '0000-00-00'),
(266, 'CTI/44263', 211, 2106, 'SFT21120068', 0, 0, '0000-00-00'),
(267, 'CTI/44263', 212, 2106, 'SFT21120068', 0, 0, '0000-00-00'),
(268, 'CTI/44263', 213, 2106, 'SFT21120068', 0, 0, '0000-00-00'),
(269, 'CTI/44263', 214, 2106, 'SFT21120068', 0, 0, '0000-00-00'),
(270, 'CTI/44263', 215, 2106, 'SFT21120068', 0, 0, '0000-00-00'),
(271, 'CTI/44263', 216, 2106, 'SFT21120068', 0, 0, '0000-00-00'),
(272, 'CTI/44263', 217, 2106, 'SFT21120068', 0, 0, '0000-00-00'),
(273, 'CTI/44263', 218, 2106, 'SFT21120068', 0, 0, '0000-00-00'),
(274, 'CTI/44263', 219, 2106, 'SFT21120068', 0, 0, '0000-00-00'),
(275, 'CTI/44263', 520, 2106, 'SFT21120068', 0, 0, '0000-00-00'),
(277, 'CTI/44264', 22, 5184, 'SFT21120080', 0, 0, '0000-00-00'),
(278, 'CTI/44264', 23, 5184, 'SFT21120080', 0, 0, '0000-00-00'),
(279, 'CTI/44264', 24, 5184, 'SFT21120080', 0, 0, '0000-00-00'),
(280, 'CTI/44264', 25, 5184, 'SFT21120080', 0, 0, '0000-00-00'),
(281, 'CTI/44264', 26, 5184, 'SFT21120080', 0, 0, '0000-00-00'),
(282, 'CTI/44264', 27, 5184, 'SFT21120080', 0, 0, '0000-00-00'),
(283, 'CTI/44264', 28, 5184, 'SFT21120080', 0, 0, '0000-00-00'),
(284, 'CTI/44264', 100, 5184, 'SFT21120080', 0, 0, '0000-00-00'),
(285, 'CTI/44264', 101, 5184, 'SFT21120080', 0, 0, '0000-00-00'),
(286, 'CTI/44264', 102, 5184, 'SFT21120080', 0, 0, '0000-00-00'),
(287, 'CTI/44264', 103, 5184, 'SFT21120080', 0, 0, '0000-00-00'),
(288, 'CTI/44264', 104, 5184, 'SFT21120080', 0, 0, '0000-00-00'),
(289, 'CTI/44264', 105, 5184, 'SFT21120080', 0, 0, '0000-00-00'),
(290, 'CTI/44264', 106, 5184, 'SFT21120080', 0, 0, '0000-00-00'),
(291, 'CTI/44264', 107, 5184, 'SFT21120080', 0, 0, '0000-00-00'),
(292, 'CTI/44264', 108, 5184, 'SFT21120080', 0, 0, '0000-00-00'),
(293, 'CTI/44264', 193, 5184, 'SFT21120080', 0, 0, '0000-00-00'),
(294, 'CTI/44264', 194, 5184, 'SFT21120080', 0, 0, '0000-00-00'),
(295, 'CTI/44264', 195, 5184, 'SFT21120080', 0, 0, '0000-00-00'),
(296, 'CTI/44264', 196, 5184, 'SFT21120080', 0, 0, '0000-00-00'),
(297, 'CTI/44264', 197, 5184, 'SFT21120080', 0, 0, '0000-00-00'),
(298, 'CTI/44264', 198, 5184, 'SFT21120080', 0, 0, '0000-00-00'),
(299, 'CTI/44264', 199, 5184, 'SFT21120080', 0, 0, '0000-00-00'),
(300, 'CTI/44264', 200, 5184, 'SFT21120080', 0, 0, '0000-00-00'),
(301, 'CTI/44264', 201, 5184, 'SFT21120080', 0, 0, '0000-00-00'),
(302, 'CTI/44264', 491, 5184, 'SFT21120080', 0, 0, '0000-00-00'),
(304, 'CTI/44265', 37, 15600, 'SFT21120049', 0, 0, '0000-00-00'),
(305, 'CTI/44265', 38, 15600, 'SFT21120049', 0, 0, '0000-00-00'),
(306, 'CTI/44265', 39, 15600, 'SFT21120049', 0, 0, '0000-00-00'),
(307, 'CTI/44265', 40, 15600, 'SFT21120049', 0, 0, '0000-00-00'),
(308, 'CTI/44265', 41, 15600, 'SFT21120049', 0, 0, '0000-00-00'),
(309, 'CTI/44265', 42, 15600, 'SFT21120049', 0, 0, '0000-00-00'),
(310, 'CTI/44265', 43, 15600, 'SFT21120049', 0, 0, '0000-00-00'),
(311, 'CTI/44265', 121, 15600, 'SFT21120049', 0, 0, '0000-00-00'),
(312, 'CTI/44265', 122, 15600, 'SFT21120049', 0, 0, '0000-00-00'),
(313, 'CTI/44265', 123, 15600, 'SFT21120049', 0, 0, '0000-00-00'),
(314, 'CTI/44265', 124, 15600, 'SFT21120049', 0, 0, '0000-00-00'),
(315, 'CTI/44265', 125, 15600, 'SFT21120049', 0, 0, '0000-00-00'),
(316, 'CTI/44265', 126, 15600, 'SFT21120049', 0, 0, '0000-00-00'),
(317, 'CTI/44265', 127, 15600, 'SFT21120049', 0, 0, '0000-00-00'),
(318, 'CTI/44265', 128, 15600, 'SFT21120049', 0, 0, '0000-00-00'),
(319, 'CTI/44265', 129, 15600, 'SFT21120049', 0, 0, '0000-00-00'),
(320, 'CTI/44265', 211, 15600, 'SFT21120049', 0, 0, '0000-00-00'),
(321, 'CTI/44265', 212, 15600, 'SFT21120049', 0, 0, '0000-00-00'),
(322, 'CTI/44265', 213, 15600, 'SFT21120049', 0, 0, '0000-00-00'),
(323, 'CTI/44265', 214, 15600, 'SFT21120049', 0, 0, '0000-00-00'),
(324, 'CTI/44265', 215, 15600, 'SFT21120049', 0, 0, '0000-00-00'),
(325, 'CTI/44265', 216, 15600, 'SFT21120049', 0, 0, '0000-00-00'),
(326, 'CTI/44265', 217, 15600, 'SFT21120049', 0, 0, '0000-00-00'),
(327, 'CTI/44265', 218, 15600, 'SFT21120049', 0, 0, '0000-00-00'),
(328, 'CTI/44265', 219, 15600, 'SFT21120049', 0, 0, '0000-00-00'),
(329, 'CTI/44265', 520, 15600, 'SFT21120049', 0, 0, '0000-00-00'),
(331, 'CTI/44266', 37, 15444, 'SFT21120064', 0, 0, '0000-00-00'),
(332, 'CTI/44266', 38, 15444, 'SFT21120064', 0, 0, '0000-00-00'),
(333, 'CTI/44266', 39, 15444, 'SFT21120064', 0, 0, '0000-00-00'),
(334, 'CTI/44266', 40, 15444, 'SFT21120064', 0, 0, '0000-00-00'),
(335, 'CTI/44266', 41, 15444, 'SFT21120064', 0, 0, '0000-00-00'),
(336, 'CTI/44266', 42, 15444, 'SFT21120064', 0, 0, '0000-00-00'),
(337, 'CTI/44266', 43, 15444, 'SFT21120064', 0, 0, '0000-00-00'),
(338, 'CTI/44266', 121, 15444, 'SFT21120064', 0, 0, '0000-00-00'),
(339, 'CTI/44266', 122, 15444, 'SFT21120064', 0, 0, '0000-00-00'),
(340, 'CTI/44266', 123, 15444, 'SFT21120064', 0, 0, '0000-00-00'),
(341, 'CTI/44266', 124, 15444, 'SFT21120064', 0, 0, '0000-00-00'),
(342, 'CTI/44266', 125, 15444, 'SFT21120064', 0, 0, '0000-00-00'),
(343, 'CTI/44266', 126, 15444, 'SFT21120064', 0, 0, '0000-00-00'),
(344, 'CTI/44266', 127, 15444, 'SFT21120064', 0, 0, '0000-00-00'),
(345, 'CTI/44266', 128, 15444, 'SFT21120064', 0, 0, '0000-00-00'),
(346, 'CTI/44266', 129, 15444, 'SFT21120064', 0, 0, '0000-00-00'),
(347, 'CTI/44266', 211, 15444, 'SFT21120064', 0, 0, '0000-00-00'),
(348, 'CTI/44266', 212, 15444, 'SFT21120064', 0, 0, '0000-00-00'),
(349, 'CTI/44266', 213, 15444, 'SFT21120064', 0, 0, '0000-00-00'),
(350, 'CTI/44266', 214, 15444, 'SFT21120064', 0, 0, '0000-00-00'),
(351, 'CTI/44266', 215, 15444, 'SFT21120064', 0, 0, '0000-00-00'),
(352, 'CTI/44266', 216, 15444, 'SFT21120064', 0, 0, '0000-00-00'),
(353, 'CTI/44266', 217, 15444, 'SFT21120064', 0, 0, '0000-00-00'),
(354, 'CTI/44266', 218, 15444, 'SFT21120064', 0, 0, '0000-00-00'),
(355, 'CTI/44266', 219, 15444, 'SFT21120064', 0, 0, '0000-00-00'),
(356, 'CTI/44266', 520, 15444, 'SFT21120064', 0, 0, '0000-00-00'),
(358, 'CTI/44360', 52, 3000, 'SFT21120045', 0, 0, '0000-00-00'),
(359, 'CTI/44360', 53, 3000, 'SFT21120045', 0, 0, '0000-00-00'),
(360, 'CTI/44360', 54, 3000, 'SFT21120045', 0, 0, '0000-00-00'),
(361, 'CTI/44360', 55, 3000, 'SFT21120045', 0, 0, '0000-00-00'),
(362, 'CTI/44360', 56, 3000, 'SFT21120045', 0, 0, '0000-00-00'),
(363, 'CTI/44360', 57, 3000, 'SFT21120045', 0, 0, '0000-00-00'),
(364, 'CTI/44360', 58, 3000, 'SFT21120045', 0, 0, '0000-00-00'),
(365, 'CTI/44360', 59, 3000, 'SFT21120045', 0, 0, '0000-00-00'),
(366, 'CTI/44360', 139, 3000, 'SFT21120045', 0, 0, '0000-00-00'),
(367, 'CTI/44360', 140, 3000, 'SFT21120045', 0, 0, '0000-00-00'),
(368, 'CTI/44360', 141, 3000, 'SFT21120045', 0, 0, '0000-00-00'),
(369, 'CTI/44360', 142, 3000, 'SFT21120045', 0, 0, '0000-00-00'),
(370, 'CTI/44360', 143, 3000, 'SFT21120045', 0, 0, '0000-00-00'),
(371, 'CTI/44360', 144, 3000, 'SFT21120045', 0, 0, '0000-00-00'),
(372, 'CTI/44360', 145, 3000, 'SFT21120045', 0, 0, '0000-00-00'),
(373, 'CTI/44360', 146, 3000, 'SFT21120045', 0, 0, '0000-00-00'),
(374, 'CTI/44360', 147, 3000, 'SFT21120045', 0, 0, '0000-00-00'),
(375, 'CTI/44360', 229, 3000, 'SFT21120045', 0, 0, '0000-00-00'),
(376, 'CTI/44360', 230, 3000, 'SFT21120045', 0, 0, '0000-00-00'),
(377, 'CTI/44360', 231, 3000, 'SFT21120045', 0, 0, '0000-00-00'),
(378, 'CTI/44360', 232, 3000, 'SFT21120045', 0, 0, '0000-00-00'),
(379, 'CTI/44360', 233, 3000, 'SFT21120045', 0, 0, '0000-00-00'),
(380, 'CTI/44360', 234, 3000, 'SFT21120045', 0, 0, '0000-00-00'),
(381, 'CTI/44360', 235, 3000, 'SFT21120045', 0, 0, '0000-00-00'),
(382, 'CTI/44360', 236, 3000, 'SFT21120045', 0, 0, '0000-00-00'),
(383, 'CTI/44360', 237, 3000, 'SFT21120045', 0, 0, '0000-00-00'),
(384, 'CTI/44360', 60, 3510, 'SFT21120043', 0, 0, '0000-00-00'),
(385, 'CTI/44360', 61, 3510, 'SFT21120043', 0, 0, '0000-00-00'),
(386, 'CTI/44360', 62, 3510, 'SFT21120043', 0, 0, '0000-00-00'),
(387, 'CTI/44360', 63, 3510, 'SFT21120043', 0, 0, '0000-00-00'),
(388, 'CTI/44360', 64, 3510, 'SFT21120043', 0, 0, '0000-00-00'),
(389, 'CTI/44360', 65, 3510, 'SFT21120043', 0, 0, '0000-00-00'),
(390, 'CTI/44360', 66, 3510, 'SFT21120043', 0, 0, '0000-00-00'),
(391, 'CTI/44360', 67, 3510, 'SFT21120043', 0, 0, '0000-00-00'),
(392, 'CTI/44360', 148, 3510, 'SFT21120043', 0, 0, '0000-00-00'),
(393, 'CTI/44360', 149, 3510, 'SFT21120043', 0, 0, '0000-00-00'),
(394, 'CTI/44360', 150, 3510, 'SFT21120043', 0, 0, '0000-00-00'),
(395, 'CTI/44360', 151, 3510, 'SFT21120043', 0, 0, '0000-00-00'),
(396, 'CTI/44360', 152, 3510, 'SFT21120043', 0, 0, '0000-00-00'),
(397, 'CTI/44360', 153, 3510, 'SFT21120043', 0, 0, '0000-00-00'),
(398, 'CTI/44360', 154, 3510, 'SFT21120043', 0, 0, '0000-00-00'),
(399, 'CTI/44360', 155, 3510, 'SFT21120043', 0, 0, '0000-00-00'),
(400, 'CTI/44360', 156, 3510, 'SFT21120043', 0, 0, '0000-00-00'),
(401, 'CTI/44360', 238, 3510, 'SFT21120043', 0, 0, '0000-00-00'),
(402, 'CTI/44360', 239, 3510, 'SFT21120043', 0, 0, '0000-00-00'),
(403, 'CTI/44360', 240, 3510, 'SFT21120043', 0, 0, '0000-00-00'),
(404, 'CTI/44360', 241, 3510, 'SFT21120043', 0, 0, '0000-00-00'),
(405, 'CTI/44360', 242, 3510, 'SFT21120043', 0, 0, '0000-00-00'),
(406, 'CTI/44360', 243, 3510, 'SFT21120043', 0, 0, '0000-00-00'),
(407, 'CTI/44360', 244, 3510, 'SFT21120043', 0, 0, '0000-00-00'),
(408, 'CTI/44360', 245, 3510, 'SFT21120043', 0, 0, '0000-00-00'),
(409, 'CTI/44360', 246, 3510, 'SFT21120043', 0, 0, '0000-00-00'),
(411, 'CTI/44368', 68, 7056, 'SFT21120088', 0, 0, '0000-00-00'),
(412, 'CTI/44368', 69, 7056, 'SFT21120088', 0, 0, '0000-00-00'),
(413, 'CTI/44368', 70, 7056, 'SFT21120088', 0, 0, '0000-00-00'),
(414, 'CTI/44368', 71, 7056, 'SFT21120088', 0, 0, '0000-00-00'),
(415, 'CTI/44368', 72, 7056, 'SFT21120088', 0, 0, '0000-00-00'),
(416, 'CTI/44368', 73, 7056, 'SFT21120088', 0, 0, '0000-00-00'),
(417, 'CTI/44368', 74, 7056, 'SFT21120088', 0, 0, '0000-00-00'),
(418, 'CTI/44368', 157, 7056, 'SFT21120088', 0, 0, '0000-00-00'),
(419, 'CTI/44368', 158, 7056, 'SFT21120088', 0, 0, '0000-00-00'),
(420, 'CTI/44368', 159, 7056, 'SFT21120088', 0, 0, '0000-00-00'),
(421, 'CTI/44368', 160, 7056, 'SFT21120088', 0, 0, '0000-00-00'),
(422, 'CTI/44368', 161, 7056, 'SFT21120088', 0, 0, '0000-00-00'),
(423, 'CTI/44368', 162, 7056, 'SFT21120088', 0, 0, '0000-00-00'),
(424, 'CTI/44368', 163, 7056, 'SFT21120088', 0, 0, '0000-00-00'),
(425, 'CTI/44368', 164, 7056, 'SFT21120088', 0, 0, '0000-00-00'),
(426, 'CTI/44368', 165, 7056, 'SFT21120088', 0, 0, '0000-00-00'),
(427, 'CTI/44368', 247, 7056, 'SFT21120088', 0, 0, '0000-00-00'),
(428, 'CTI/44368', 248, 7056, 'SFT21120088', 0, 0, '0000-00-00'),
(429, 'CTI/44368', 249, 7056, 'SFT21120088', 0, 0, '0000-00-00'),
(430, 'CTI/44368', 250, 7056, 'SFT21120088', 0, 0, '0000-00-00'),
(431, 'CTI/44368', 251, 7056, 'SFT21120088', 0, 0, '0000-00-00'),
(432, 'CTI/44368', 252, 7056, 'SFT21120088', 0, 0, '0000-00-00'),
(433, 'CTI/44368', 253, 7056, 'SFT21120088', 0, 0, '0000-00-00'),
(434, 'CTI/44368', 254, 7056, 'SFT21120088', 0, 0, '0000-00-00'),
(435, 'CTI/44368', 255, 7056, 'SFT21120088', 0, 0, '0000-00-00'),
(436, 'CTI/44368', 519, 7056, 'SFT21120088', 0, 0, '0000-00-00'),
(438, 'CTI/44369', 68, 7056, 'SFT21120087', 0, 0, '0000-00-00'),
(439, 'CTI/44369', 69, 7056, 'SFT21120087', 0, 0, '0000-00-00'),
(440, 'CTI/44369', 70, 7056, 'SFT21120087', 0, 0, '0000-00-00'),
(441, 'CTI/44369', 71, 7056, 'SFT21120087', 0, 0, '0000-00-00'),
(442, 'CTI/44369', 72, 7056, 'SFT21120087', 0, 0, '0000-00-00'),
(443, 'CTI/44369', 73, 7056, 'SFT21120087', 0, 0, '0000-00-00'),
(444, 'CTI/44369', 74, 7056, 'SFT21120087', 0, 0, '0000-00-00'),
(445, 'CTI/44369', 157, 7056, 'SFT21120087', 0, 0, '0000-00-00'),
(446, 'CTI/44369', 158, 7056, 'SFT21120087', 0, 0, '0000-00-00'),
(447, 'CTI/44369', 159, 7056, 'SFT21120087', 0, 0, '0000-00-00'),
(448, 'CTI/44369', 160, 7056, 'SFT21120087', 0, 0, '0000-00-00'),
(449, 'CTI/44369', 161, 7056, 'SFT21120087', 0, 0, '0000-00-00'),
(450, 'CTI/44369', 162, 7056, 'SFT21120087', 0, 0, '0000-00-00'),
(451, 'CTI/44369', 163, 7056, 'SFT21120087', 0, 0, '0000-00-00'),
(452, 'CTI/44369', 164, 7056, 'SFT21120087', 0, 0, '0000-00-00'),
(453, 'CTI/44369', 165, 7056, 'SFT21120087', 0, 0, '0000-00-00'),
(454, 'CTI/44369', 247, 7056, 'SFT21120087', 0, 0, '0000-00-00'),
(455, 'CTI/44369', 248, 7056, 'SFT21120087', 0, 0, '0000-00-00'),
(456, 'CTI/44369', 249, 7056, 'SFT21120087', 0, 0, '0000-00-00'),
(457, 'CTI/44369', 250, 7056, 'SFT21120087', 0, 0, '0000-00-00'),
(458, 'CTI/44369', 251, 7056, 'SFT21120087', 0, 0, '0000-00-00'),
(459, 'CTI/44369', 252, 7056, 'SFT21120087', 0, 0, '0000-00-00'),
(460, 'CTI/44369', 253, 7056, 'SFT21120087', 0, 0, '0000-00-00'),
(461, 'CTI/44369', 254, 7056, 'SFT21120087', 0, 0, '0000-00-00'),
(462, 'CTI/44369', 255, 7056, 'SFT21120087', 0, 0, '0000-00-00'),
(463, 'CTI/44369', 519, 7056, 'SFT21120087', 0, 0, '0000-00-00'),
(465, 'CTI/44380', 441, 4800, 'SFT21120046', 0, 0, '0000-00-00'),
(466, 'CTI/44380', 442, 4800, 'SFT21120046', 0, 0, '0000-00-00'),
(467, 'CTI/44380', 443, 4800, 'SFT21120046', 0, 0, '0000-00-00'),
(468, 'CTI/44380', 444, 4800, 'SFT21120046', 0, 0, '0000-00-00'),
(469, 'CTI/44380', 445, 4800, 'SFT21120046', 0, 0, '0000-00-00'),
(470, 'CTI/44380', 446, 4800, 'SFT21120046', 0, 0, '0000-00-00'),
(471, 'CTI/44380', 447, 4800, 'SFT21120046', 0, 0, '0000-00-00'),
(472, 'CTI/44380', 448, 4800, 'SFT21120046', 0, 0, '0000-00-00'),
(473, 'CTI/44380', 449, 4800, 'SFT21120046', 0, 0, '0000-00-00'),
(474, 'CTI/44380', 450, 4800, 'SFT21120046', 0, 0, '0000-00-00'),
(475, 'CTI/44380', 451, 4800, 'SFT21120046', 0, 0, '0000-00-00'),
(476, 'CTI/44380', 452, 4800, 'SFT21120046', 0, 0, '0000-00-00'),
(477, 'CTI/44380', 453, 4800, 'SFT21120046', 0, 0, '0000-00-00'),
(478, 'CTI/44380', 454, 4800, 'SFT21120046', 0, 0, '0000-00-00'),
(479, 'CTI/44380', 455, 4800, 'SFT21120046', 0, 0, '0000-00-00'),
(480, 'CTI/44380', 456, 4800, 'SFT21120046', 0, 0, '0000-00-00'),
(481, 'CTI/44380', 457, 4800, 'SFT21120046', 0, 0, '0000-00-00'),
(482, 'CTI/44380', 458, 4800, 'SFT21120046', 0, 0, '0000-00-00'),
(483, 'CTI/44380', 459, 4800, 'SFT21120046', 0, 0, '0000-00-00'),
(484, 'CTI/44380', 460, 4800, 'SFT21120046', 0, 0, '0000-00-00'),
(485, 'CTI/44380', 461, 4800, 'SFT21120046', 0, 0, '0000-00-00'),
(486, 'CTI/44380', 462, 4800, 'SFT21120046', 0, 0, '0000-00-00'),
(487, 'CTI/44380', 463, 4800, 'SFT21120046', 0, 0, '0000-00-00'),
(488, 'CTI/44380', 464, 4800, 'SFT21120046', 0, 0, '0000-00-00'),
(489, 'CTI/44380', 465, 4800, 'SFT21120046', 0, 0, '0000-00-00'),
(490, 'CTI/44380', 466, 4800, 'SFT21120046', 0, 0, '0000-00-00'),
(492, 'CTI/44381', 441, 4800, 'SFT21120047', 0, 0, '0000-00-00'),
(493, 'CTI/44381', 442, 4800, 'SFT21120047', 0, 0, '0000-00-00'),
(494, 'CTI/44381', 443, 4800, 'SFT21120047', 0, 0, '0000-00-00'),
(495, 'CTI/44381', 444, 4800, 'SFT21120047', 0, 0, '0000-00-00'),
(496, 'CTI/44381', 445, 4800, 'SFT21120047', 0, 0, '0000-00-00'),
(497, 'CTI/44381', 446, 4800, 'SFT21120047', 0, 0, '0000-00-00'),
(498, 'CTI/44381', 447, 4800, 'SFT21120047', 0, 0, '0000-00-00'),
(499, 'CTI/44381', 448, 4800, 'SFT21120047', 0, 0, '0000-00-00'),
(500, 'CTI/44381', 449, 4800, 'SFT21120047', 0, 0, '0000-00-00'),
(501, 'CTI/44381', 450, 4800, 'SFT21120047', 0, 0, '0000-00-00'),
(502, 'CTI/44381', 451, 4800, 'SFT21120047', 0, 0, '0000-00-00'),
(503, 'CTI/44381', 452, 4800, 'SFT21120047', 0, 0, '0000-00-00'),
(504, 'CTI/44381', 453, 4800, 'SFT21120047', 0, 0, '0000-00-00'),
(505, 'CTI/44381', 454, 4800, 'SFT21120047', 0, 0, '0000-00-00'),
(506, 'CTI/44381', 455, 4800, 'SFT21120047', 0, 0, '0000-00-00'),
(507, 'CTI/44381', 456, 4800, 'SFT21120047', 0, 0, '0000-00-00'),
(508, 'CTI/44381', 457, 4800, 'SFT21120047', 0, 0, '0000-00-00'),
(509, 'CTI/44381', 458, 4800, 'SFT21120047', 0, 0, '0000-00-00'),
(510, 'CTI/44381', 459, 4800, 'SFT21120047', 0, 0, '0000-00-00'),
(511, 'CTI/44381', 460, 4800, 'SFT21120047', 0, 0, '0000-00-00'),
(512, 'CTI/44381', 461, 4800, 'SFT21120047', 0, 0, '0000-00-00'),
(513, 'CTI/44381', 462, 4800, 'SFT21120047', 0, 0, '0000-00-00'),
(514, 'CTI/44381', 463, 4800, 'SFT21120047', 0, 0, '0000-00-00'),
(515, 'CTI/44381', 464, 4800, 'SFT21120047', 0, 0, '0000-00-00'),
(516, 'CTI/44381', 465, 4800, 'SFT21120047', 0, 0, '0000-00-00'),
(517, 'CTI/44381', 466, 4800, 'SFT21120047', 0, 0, '0000-00-00'),
(519, 'CTI/44382', 441, 4800, 'SFT21120048', 0, 0, '0000-00-00'),
(520, 'CTI/44382', 442, 4800, 'SFT21120048', 0, 0, '0000-00-00'),
(521, 'CTI/44382', 443, 4800, 'SFT21120048', 0, 0, '0000-00-00'),
(522, 'CTI/44382', 444, 4800, 'SFT21120048', 0, 0, '0000-00-00'),
(523, 'CTI/44382', 445, 4800, 'SFT21120048', 0, 0, '0000-00-00'),
(524, 'CTI/44382', 446, 4800, 'SFT21120048', 0, 0, '0000-00-00'),
(525, 'CTI/44382', 447, 4800, 'SFT21120048', 0, 0, '0000-00-00'),
(526, 'CTI/44382', 448, 4800, 'SFT21120048', 0, 0, '0000-00-00'),
(527, 'CTI/44382', 449, 4800, 'SFT21120048', 0, 0, '0000-00-00'),
(528, 'CTI/44382', 450, 4800, 'SFT21120048', 0, 0, '0000-00-00'),
(529, 'CTI/44382', 451, 4800, 'SFT21120048', 0, 0, '0000-00-00'),
(530, 'CTI/44382', 452, 4800, 'SFT21120048', 0, 0, '0000-00-00'),
(531, 'CTI/44382', 453, 4800, 'SFT21120048', 0, 0, '0000-00-00'),
(532, 'CTI/44382', 454, 4800, 'SFT21120048', 0, 0, '0000-00-00'),
(533, 'CTI/44382', 455, 4800, 'SFT21120048', 0, 0, '0000-00-00'),
(534, 'CTI/44382', 456, 4800, 'SFT21120048', 0, 0, '0000-00-00'),
(535, 'CTI/44382', 457, 4800, 'SFT21120048', 0, 0, '0000-00-00'),
(536, 'CTI/44382', 458, 4800, 'SFT21120048', 0, 0, '0000-00-00'),
(537, 'CTI/44382', 459, 4800, 'SFT21120048', 0, 0, '0000-00-00'),
(538, 'CTI/44382', 460, 4800, 'SFT21120048', 0, 0, '0000-00-00'),
(539, 'CTI/44382', 461, 4800, 'SFT21120048', 0, 0, '0000-00-00'),
(540, 'CTI/44382', 462, 4800, 'SFT21120048', 0, 0, '0000-00-00'),
(541, 'CTI/44382', 463, 4800, 'SFT21120048', 0, 0, '0000-00-00'),
(542, 'CTI/44382', 464, 4800, 'SFT21120048', 0, 0, '0000-00-00'),
(543, 'CTI/44382', 465, 4800, 'SFT21120048', 0, 0, '0000-00-00'),
(544, 'CTI/44382', 466, 4800, 'SFT21120048', 0, 0, '0000-00-00'),
(546, 'CTI/44393', 75, 400, 'SFT21120094', 0, 0, '0000-00-00'),
(547, 'CTI/44393', 76, 400, 'SFT21120094', 0, 0, '0000-00-00'),
(548, 'CTI/44393', 77, 400, 'SFT21120094', 0, 0, '0000-00-00'),
(549, 'CTI/44393', 78, 400, 'SFT21120094', 0, 0, '0000-00-00'),
(550, 'CTI/44393', 79, 400, 'SFT21120094', 0, 0, '0000-00-00'),
(551, 'CTI/44393', 80, 400, 'SFT21120094', 0, 0, '0000-00-00'),
(552, 'CTI/44393', 81, 400, 'SFT21120094', 0, 0, '0000-00-00'),
(553, 'CTI/44393', 82, 400, 'SFT21120094', 0, 0, '0000-00-00'),
(554, 'CTI/44393', 166, 400, 'SFT21120094', 0, 0, '0000-00-00'),
(555, 'CTI/44393', 167, 400, 'SFT21120094', 0, 0, '0000-00-00'),
(556, 'CTI/44393', 168, 400, 'SFT21120094', 0, 0, '0000-00-00'),
(557, 'CTI/44393', 169, 400, 'SFT21120094', 0, 0, '0000-00-00'),
(558, 'CTI/44393', 170, 400, 'SFT21120094', 0, 0, '0000-00-00'),
(559, 'CTI/44393', 171, 400, 'SFT21120094', 0, 0, '0000-00-00'),
(560, 'CTI/44393', 172, 400, 'SFT21120094', 0, 0, '0000-00-00'),
(561, 'CTI/44393', 173, 400, 'SFT21120094', 0, 0, '0000-00-00'),
(562, 'CTI/44393', 174, 400, 'SFT21120094', 0, 0, '0000-00-00'),
(563, 'CTI/44393', 256, 400, 'SFT21120094', 0, 0, '0000-00-00'),
(564, 'CTI/44393', 257, 400, 'SFT21120094', 0, 0, '0000-00-00'),
(565, 'CTI/44393', 258, 400, 'SFT21120094', 0, 0, '0000-00-00'),
(566, 'CTI/44393', 259, 400, 'SFT21120094', 0, 0, '0000-00-00'),
(567, 'CTI/44393', 260, 400, 'SFT21120094', 0, 0, '0000-00-00'),
(568, 'CTI/44393', 261, 400, 'SFT21120094', 0, 0, '0000-00-00'),
(569, 'CTI/44393', 262, 400, 'SFT21120094', 0, 0, '0000-00-00'),
(570, 'CTI/44393', 263, 400, 'SFT21120094', 0, 0, '0000-00-00'),
(571, 'CTI/44393', 264, 400, 'SFT21120094', 0, 0, '0000-00-00'),
(572, 'CTI/44393', 68, 6468, 'SFT21120089', 0, 0, '0000-00-00'),
(573, 'CTI/44393', 69, 6468, 'SFT21120089', 0, 0, '0000-00-00'),
(574, 'CTI/44393', 70, 6468, 'SFT21120089', 0, 0, '0000-00-00'),
(575, 'CTI/44393', 71, 6468, 'SFT21120089', 0, 0, '0000-00-00'),
(576, 'CTI/44393', 72, 6468, 'SFT21120089', 0, 0, '0000-00-00'),
(577, 'CTI/44393', 73, 6468, 'SFT21120089', 0, 0, '0000-00-00'),
(578, 'CTI/44393', 74, 6468, 'SFT21120089', 0, 0, '0000-00-00'),
(579, 'CTI/44393', 157, 6468, 'SFT21120089', 0, 0, '0000-00-00'),
(580, 'CTI/44393', 158, 6468, 'SFT21120089', 0, 0, '0000-00-00'),
(581, 'CTI/44393', 159, 6468, 'SFT21120089', 0, 0, '0000-00-00'),
(582, 'CTI/44393', 160, 6468, 'SFT21120089', 0, 0, '0000-00-00'),
(583, 'CTI/44393', 161, 6468, 'SFT21120089', 0, 0, '0000-00-00'),
(584, 'CTI/44393', 162, 6468, 'SFT21120089', 0, 0, '0000-00-00'),
(585, 'CTI/44393', 163, 6468, 'SFT21120089', 0, 0, '0000-00-00'),
(586, 'CTI/44393', 164, 6468, 'SFT21120089', 0, 0, '0000-00-00'),
(587, 'CTI/44393', 165, 6468, 'SFT21120089', 0, 0, '0000-00-00'),
(588, 'CTI/44393', 247, 6468, 'SFT21120089', 0, 0, '0000-00-00'),
(589, 'CTI/44393', 248, 6468, 'SFT21120089', 0, 0, '0000-00-00'),
(590, 'CTI/44393', 249, 6468, 'SFT21120089', 0, 0, '0000-00-00'),
(591, 'CTI/44393', 250, 6468, 'SFT21120089', 0, 0, '0000-00-00'),
(592, 'CTI/44393', 251, 6468, 'SFT21120089', 0, 0, '0000-00-00'),
(593, 'CTI/44393', 252, 6468, 'SFT21120089', 0, 0, '0000-00-00'),
(594, 'CTI/44393', 253, 6468, 'SFT21120089', 0, 0, '0000-00-00'),
(595, 'CTI/44393', 254, 6468, 'SFT21120089', 0, 0, '0000-00-00'),
(596, 'CTI/44393', 255, 6468, 'SFT21120089', 0, 0, '0000-00-00'),
(597, 'CTI/44393', 519, 6468, 'SFT21120089', 0, 0, '0000-00-00'),
(599, 'CTI/44394', 75, 4800, 'SFT21120093', 0, 0, '0000-00-00'),
(600, 'CTI/44394', 76, 4800, 'SFT21120093', 0, 0, '0000-00-00'),
(601, 'CTI/44394', 77, 4800, 'SFT21120093', 0, 0, '0000-00-00'),
(602, 'CTI/44394', 78, 4800, 'SFT21120093', 0, 0, '0000-00-00'),
(603, 'CTI/44394', 79, 4800, 'SFT21120093', 0, 0, '0000-00-00'),
(604, 'CTI/44394', 80, 4800, 'SFT21120093', 0, 0, '0000-00-00'),
(605, 'CTI/44394', 81, 4800, 'SFT21120093', 0, 0, '0000-00-00'),
(606, 'CTI/44394', 82, 4800, 'SFT21120093', 0, 0, '0000-00-00'),
(607, 'CTI/44394', 166, 4800, 'SFT21120093', 0, 0, '0000-00-00'),
(608, 'CTI/44394', 167, 4800, 'SFT21120093', 0, 0, '0000-00-00'),
(609, 'CTI/44394', 168, 4800, 'SFT21120093', 0, 0, '0000-00-00'),
(610, 'CTI/44394', 169, 4800, 'SFT21120093', 0, 0, '0000-00-00'),
(611, 'CTI/44394', 170, 4800, 'SFT21120093', 0, 0, '0000-00-00'),
(612, 'CTI/44394', 171, 4800, 'SFT21120093', 0, 0, '0000-00-00'),
(613, 'CTI/44394', 172, 4800, 'SFT21120093', 0, 0, '0000-00-00'),
(614, 'CTI/44394', 173, 4800, 'SFT21120093', 0, 0, '0000-00-00'),
(615, 'CTI/44394', 174, 4800, 'SFT21120093', 0, 0, '0000-00-00'),
(616, 'CTI/44394', 256, 4800, 'SFT21120093', 0, 0, '0000-00-00'),
(617, 'CTI/44394', 257, 4800, 'SFT21120093', 0, 0, '0000-00-00'),
(618, 'CTI/44394', 258, 4800, 'SFT21120093', 0, 0, '0000-00-00'),
(619, 'CTI/44394', 259, 4800, 'SFT21120093', 0, 0, '0000-00-00'),
(620, 'CTI/44394', 260, 4800, 'SFT21120093', 0, 0, '0000-00-00'),
(621, 'CTI/44394', 261, 4800, 'SFT21120093', 0, 0, '0000-00-00'),
(622, 'CTI/44394', 262, 4800, 'SFT21120093', 0, 0, '0000-00-00'),
(623, 'CTI/44394', 263, 4800, 'SFT21120093', 0, 0, '0000-00-00'),
(624, 'CTI/44394', 264, 4800, 'SFT21120093', 0, 0, '0000-00-00'),
(626, 'CTI/44398', 492, 5184, 'SFT21120090', 0, 0, '0000-00-00'),
(627, 'CTI/44398', 493, 5184, 'SFT21120090', 0, 0, '0000-00-00'),
(628, 'CTI/44398', 494, 5184, 'SFT21120090', 0, 0, '0000-00-00'),
(629, 'CTI/44398', 495, 5184, 'SFT21120090', 0, 0, '0000-00-00'),
(630, 'CTI/44398', 496, 5184, 'SFT21120090', 0, 0, '0000-00-00'),
(631, 'CTI/44398', 497, 5184, 'SFT21120090', 0, 0, '0000-00-00'),
(632, 'CTI/44398', 498, 5184, 'SFT21120090', 0, 0, '0000-00-00'),
(633, 'CTI/44398', 499, 5184, 'SFT21120090', 0, 0, '0000-00-00'),
(634, 'CTI/44398', 500, 5184, 'SFT21120090', 0, 0, '0000-00-00'),
(635, 'CTI/44398', 501, 5184, 'SFT21120090', 0, 0, '0000-00-00'),
(636, 'CTI/44398', 502, 5184, 'SFT21120090', 0, 0, '0000-00-00'),
(637, 'CTI/44398', 503, 5184, 'SFT21120090', 0, 0, '0000-00-00'),
(638, 'CTI/44398', 504, 5184, 'SFT21120090', 0, 0, '0000-00-00'),
(639, 'CTI/44398', 505, 5184, 'SFT21120090', 0, 0, '0000-00-00'),
(640, 'CTI/44398', 506, 5184, 'SFT21120090', 0, 0, '0000-00-00'),
(641, 'CTI/44398', 507, 5184, 'SFT21120090', 0, 0, '0000-00-00'),
(642, 'CTI/44398', 508, 5184, 'SFT21120090', 0, 0, '0000-00-00'),
(643, 'CTI/44398', 509, 5184, 'SFT21120090', 0, 0, '0000-00-00'),
(644, 'CTI/44398', 510, 5184, 'SFT21120090', 0, 0, '0000-00-00'),
(645, 'CTI/44398', 511, 5184, 'SFT21120090', 0, 0, '0000-00-00'),
(646, 'CTI/44398', 512, 5184, 'SFT21120090', 0, 0, '0000-00-00'),
(647, 'CTI/44398', 513, 5184, 'SFT21120090', 0, 0, '0000-00-00'),
(648, 'CTI/44398', 514, 5184, 'SFT21120090', 0, 0, '0000-00-00'),
(649, 'CTI/44398', 515, 5184, 'SFT21120090', 0, 0, '0000-00-00'),
(650, 'CTI/44398', 516, 5184, 'SFT21120090', 0, 0, '0000-00-00'),
(651, 'CTI/44398', 517, 5184, 'SFT21120090', 0, 0, '0000-00-00'),
(652, 'CTI/44398', 518, 5184, 'SFT21120090', 0, 0, '0000-00-00'),
(654, 'CTI/44399', 492, 5184, 'SFT21120091', 0, 0, '0000-00-00'),
(655, 'CTI/44399', 493, 5184, 'SFT21120091', 0, 0, '0000-00-00'),
(656, 'CTI/44399', 494, 5184, 'SFT21120091', 0, 0, '0000-00-00'),
(657, 'CTI/44399', 495, 5184, 'SFT21120091', 0, 0, '0000-00-00'),
(658, 'CTI/44399', 496, 5184, 'SFT21120091', 0, 0, '0000-00-00'),
(659, 'CTI/44399', 497, 5184, 'SFT21120091', 0, 0, '0000-00-00'),
(660, 'CTI/44399', 498, 5184, 'SFT21120091', 0, 0, '0000-00-00'),
(661, 'CTI/44399', 499, 5184, 'SFT21120091', 0, 0, '0000-00-00'),
(662, 'CTI/44399', 500, 5184, 'SFT21120091', 0, 0, '0000-00-00'),
(663, 'CTI/44399', 501, 5184, 'SFT21120091', 0, 0, '0000-00-00'),
(664, 'CTI/44399', 502, 5184, 'SFT21120091', 0, 0, '0000-00-00'),
(665, 'CTI/44399', 503, 5184, 'SFT21120091', 0, 0, '0000-00-00'),
(666, 'CTI/44399', 504, 5184, 'SFT21120091', 0, 0, '0000-00-00'),
(667, 'CTI/44399', 505, 5184, 'SFT21120091', 0, 0, '0000-00-00'),
(668, 'CTI/44399', 506, 5184, 'SFT21120091', 0, 0, '0000-00-00'),
(669, 'CTI/44399', 507, 5184, 'SFT21120091', 0, 0, '0000-00-00'),
(670, 'CTI/44399', 508, 5184, 'SFT21120091', 0, 0, '0000-00-00'),
(671, 'CTI/44399', 509, 5184, 'SFT21120091', 0, 0, '0000-00-00'),
(672, 'CTI/44399', 510, 5184, 'SFT21120091', 0, 0, '0000-00-00'),
(673, 'CTI/44399', 511, 5184, 'SFT21120091', 0, 0, '0000-00-00'),
(674, 'CTI/44399', 512, 5184, 'SFT21120091', 0, 0, '0000-00-00'),
(675, 'CTI/44399', 513, 5184, 'SFT21120091', 0, 0, '0000-00-00'),
(676, 'CTI/44399', 514, 5184, 'SFT21120091', 0, 0, '0000-00-00'),
(677, 'CTI/44399', 515, 5184, 'SFT21120091', 0, 0, '0000-00-00'),
(678, 'CTI/44399', 516, 5184, 'SFT21120091', 0, 0, '0000-00-00'),
(679, 'CTI/44399', 517, 5184, 'SFT21120091', 0, 0, '0000-00-00'),
(680, 'CTI/44399', 518, 5184, 'SFT21120091', 0, 0, '0000-00-00'),
(681, 'CTI/44408', 276, 1755, 'SFT21120044', 0, 0, '0000-00-00'),
(682, 'CTI/44408', 277, 1755, 'SFT21120044', 0, 0, '0000-00-00'),
(683, 'CTI/44408', 278, 1755, 'SFT21120044', 0, 0, '0000-00-00'),
(684, 'CTI/44408', 279, 1755, 'SFT21120044', 0, 0, '0000-00-00'),
(685, 'CTI/44408', 280, 1755, 'SFT21120044', 0, 0, '0000-00-00'),
(686, 'CTI/44408', 281, 1755, 'SFT21120044', 0, 0, '0000-00-00'),
(687, 'CTI/44408', 282, 1755, 'SFT21120044', 0, 0, '0000-00-00'),
(688, 'CTI/44408', 283, 1755, 'SFT21120044', 0, 0, '0000-00-00'),
(689, 'CTI/44408', 284, 1755, 'SFT21120044', 0, 0, '0000-00-00'),
(690, 'CTI/44408', 285, 1755, 'SFT21120044', 0, 0, '0000-00-00'),
(691, 'CTI/44408', 286, 1755, 'SFT21120044', 0, 0, '0000-00-00'),
(692, 'CTI/44408', 287, 1755, 'SFT21120044', 0, 0, '0000-00-00'),
(693, 'CTI/44408', 288, 1755, 'SFT21120044', 0, 0, '0000-00-00'),
(694, 'CTI/44408', 289, 1755, 'SFT21120044', 0, 0, '0000-00-00'),
(695, 'CTI/44408', 290, 1755, 'SFT21120044', 0, 0, '0000-00-00'),
(696, 'CTI/44408', 291, 1755, 'SFT21120044', 0, 0, '0000-00-00'),
(697, 'CTI/44408', 292, 1755, 'SFT21120044', 0, 0, '0000-00-00'),
(698, 'CTI/44408', 293, 1755, 'SFT21120044', 0, 0, '0000-00-00'),
(699, 'CTI/44408', 294, 1755, 'SFT21120044', 0, 0, '0000-00-00'),
(700, 'CTI/44408', 295, 1755, 'SFT21120044', 0, 0, '0000-00-00'),
(701, 'CTI/44408', 296, 1755, 'SFT21120044', 0, 0, '0000-00-00'),
(702, 'CTI/44408', 297, 1755, 'SFT21120044', 0, 0, '0000-00-00'),
(703, 'CTI/44408', 298, 1755, 'SFT21120044', 0, 0, '0000-00-00'),
(704, 'CTI/44408', 299, 1755, 'SFT21120044', 0, 0, '0000-00-00'),
(705, 'CTI/44408', 300, 1755, 'SFT21120044', 0, 0, '0000-00-00'),
(706, 'CTI/44408', 301, 1755, 'SFT21120044', 0, 0, '0000-00-00'),
(708, 'CTI/44456', 355, 4800, 'SFT21120051', 0, 0, '0000-00-00'),
(709, 'CTI/44456', 356, 4800, 'SFT21120051', 0, 0, '0000-00-00'),
(710, 'CTI/44456', 357, 4800, 'SFT21120051', 0, 0, '0000-00-00'),
(711, 'CTI/44456', 358, 4800, 'SFT21120051', 0, 0, '0000-00-00'),
(712, 'CTI/44456', 359, 4800, 'SFT21120051', 0, 0, '0000-00-00'),
(713, 'CTI/44456', 360, 4800, 'SFT21120051', 0, 0, '0000-00-00'),
(714, 'CTI/44456', 361, 4800, 'SFT21120051', 0, 0, '0000-00-00'),
(715, 'CTI/44456', 362, 4800, 'SFT21120051', 0, 0, '0000-00-00'),
(716, 'CTI/44456', 363, 4800, 'SFT21120051', 0, 0, '0000-00-00'),
(717, 'CTI/44456', 364, 4800, 'SFT21120051', 0, 0, '0000-00-00'),
(718, 'CTI/44456', 365, 4800, 'SFT21120051', 0, 0, '0000-00-00'),
(719, 'CTI/44456', 366, 4800, 'SFT21120051', 0, 0, '0000-00-00'),
(720, 'CTI/44456', 367, 4800, 'SFT21120051', 0, 0, '0000-00-00'),
(721, 'CTI/44456', 368, 4800, 'SFT21120051', 0, 0, '0000-00-00'),
(722, 'CTI/44456', 369, 4800, 'SFT21120051', 0, 0, '0000-00-00'),
(723, 'CTI/44456', 370, 4800, 'SFT21120051', 0, 0, '0000-00-00'),
(724, 'CTI/44456', 371, 4800, 'SFT21120051', 0, 0, '0000-00-00'),
(725, 'CTI/44456', 372, 4800, 'SFT21120051', 0, 0, '0000-00-00'),
(726, 'CTI/44456', 373, 4800, 'SFT21120051', 0, 0, '0000-00-00'),
(727, 'CTI/44456', 374, 4800, 'SFT21120051', 0, 0, '0000-00-00'),
(728, 'CTI/44456', 375, 4800, 'SFT21120051', 0, 0, '0000-00-00'),
(729, 'CTI/44456', 376, 4800, 'SFT21120051', 0, 0, '0000-00-00'),
(730, 'CTI/44456', 377, 4800, 'SFT21120051', 0, 0, '0000-00-00'),
(731, 'CTI/44456', 378, 4800, 'SFT21120051', 0, 0, '0000-00-00'),
(732, 'CTI/44456', 379, 4800, 'SFT21120051', 0, 0, '0000-00-00'),
(733, 'CTI/44456', 380, 4800, 'SFT21120051', 0, 0, '0000-00-00'),
(734, 'CTI/44456', 381, 4800, 'SFT21120051', 0, 0, '0000-00-00'),
(736, 'CTI/44457', 355, 4800, 'SFT21120053', 0, 0, '0000-00-00'),
(737, 'CTI/44457', 356, 4800, 'SFT21120053', 0, 0, '0000-00-00'),
(738, 'CTI/44457', 357, 4800, 'SFT21120053', 0, 0, '0000-00-00'),
(739, 'CTI/44457', 358, 4800, 'SFT21120053', 0, 0, '0000-00-00'),
(740, 'CTI/44457', 359, 4800, 'SFT21120053', 0, 0, '0000-00-00'),
(741, 'CTI/44457', 360, 4800, 'SFT21120053', 0, 0, '0000-00-00'),
(742, 'CTI/44457', 361, 4800, 'SFT21120053', 0, 0, '0000-00-00'),
(743, 'CTI/44457', 362, 4800, 'SFT21120053', 0, 0, '0000-00-00'),
(744, 'CTI/44457', 363, 4800, 'SFT21120053', 0, 0, '0000-00-00'),
(745, 'CTI/44457', 364, 4800, 'SFT21120053', 0, 0, '0000-00-00'),
(746, 'CTI/44457', 365, 4800, 'SFT21120053', 0, 0, '0000-00-00'),
(747, 'CTI/44457', 366, 4800, 'SFT21120053', 0, 0, '0000-00-00'),
(748, 'CTI/44457', 367, 4800, 'SFT21120053', 0, 0, '0000-00-00'),
(749, 'CTI/44457', 368, 4800, 'SFT21120053', 0, 0, '0000-00-00'),
(750, 'CTI/44457', 369, 4800, 'SFT21120053', 0, 0, '0000-00-00'),
(751, 'CTI/44457', 370, 4800, 'SFT21120053', 0, 0, '0000-00-00'),
(752, 'CTI/44457', 371, 4800, 'SFT21120053', 0, 0, '0000-00-00'),
(753, 'CTI/44457', 372, 4800, 'SFT21120053', 0, 0, '0000-00-00'),
(754, 'CTI/44457', 373, 4800, 'SFT21120053', 0, 0, '0000-00-00'),
(755, 'CTI/44457', 374, 4800, 'SFT21120053', 0, 0, '0000-00-00'),
(756, 'CTI/44457', 375, 4800, 'SFT21120053', 0, 0, '0000-00-00'),
(757, 'CTI/44457', 376, 4800, 'SFT21120053', 0, 0, '0000-00-00'),
(758, 'CTI/44457', 377, 4800, 'SFT21120053', 0, 0, '0000-00-00'),
(759, 'CTI/44457', 378, 4800, 'SFT21120053', 0, 0, '0000-00-00'),
(760, 'CTI/44457', 379, 4800, 'SFT21120053', 0, 0, '0000-00-00'),
(761, 'CTI/44457', 380, 4800, 'SFT21120053', 0, 0, '0000-00-00'),
(762, 'CTI/44457', 381, 4800, 'SFT21120053', 0, 0, '0000-00-00'),
(764, 'CTI/44458', 355, 4800, 'SFT21120052', 0, 0, '0000-00-00'),
(765, 'CTI/44458', 356, 4800, 'SFT21120052', 0, 0, '0000-00-00'),
(766, 'CTI/44458', 357, 4800, 'SFT21120052', 0, 0, '0000-00-00'),
(767, 'CTI/44458', 358, 4800, 'SFT21120052', 0, 0, '0000-00-00'),
(768, 'CTI/44458', 359, 4800, 'SFT21120052', 0, 0, '0000-00-00'),
(769, 'CTI/44458', 360, 4800, 'SFT21120052', 0, 0, '0000-00-00'),
(770, 'CTI/44458', 361, 4800, 'SFT21120052', 0, 0, '0000-00-00'),
(771, 'CTI/44458', 362, 4800, 'SFT21120052', 0, 0, '0000-00-00'),
(772, 'CTI/44458', 363, 4800, 'SFT21120052', 0, 0, '0000-00-00'),
(773, 'CTI/44458', 364, 4800, 'SFT21120052', 0, 0, '0000-00-00'),
(774, 'CTI/44458', 365, 4800, 'SFT21120052', 0, 0, '0000-00-00'),
(775, 'CTI/44458', 366, 4800, 'SFT21120052', 0, 0, '0000-00-00'),
(776, 'CTI/44458', 367, 4800, 'SFT21120052', 0, 0, '0000-00-00'),
(777, 'CTI/44458', 368, 4800, 'SFT21120052', 0, 0, '0000-00-00'),
(778, 'CTI/44458', 369, 4800, 'SFT21120052', 0, 0, '0000-00-00'),
(779, 'CTI/44458', 370, 4800, 'SFT21120052', 0, 0, '0000-00-00'),
(780, 'CTI/44458', 371, 4800, 'SFT21120052', 0, 0, '0000-00-00'),
(781, 'CTI/44458', 372, 4800, 'SFT21120052', 0, 0, '0000-00-00'),
(782, 'CTI/44458', 373, 4800, 'SFT21120052', 0, 0, '0000-00-00'),
(783, 'CTI/44458', 374, 4800, 'SFT21120052', 0, 0, '0000-00-00'),
(784, 'CTI/44458', 375, 4800, 'SFT21120052', 0, 0, '0000-00-00'),
(785, 'CTI/44458', 376, 4800, 'SFT21120052', 0, 0, '0000-00-00'),
(786, 'CTI/44458', 377, 4800, 'SFT21120052', 0, 0, '0000-00-00'),
(787, 'CTI/44458', 378, 4800, 'SFT21120052', 0, 0, '0000-00-00'),
(788, 'CTI/44458', 379, 4800, 'SFT21120052', 0, 0, '0000-00-00'),
(789, 'CTI/44458', 380, 4800, 'SFT21120052', 0, 0, '0000-00-00'),
(790, 'CTI/44458', 381, 4800, 'SFT21120052', 0, 0, '0000-00-00'),
(792, 'CTI/44460', 355, 4800, 'SFT21120054', 0, 0, '0000-00-00'),
(793, 'CTI/44460', 356, 4800, 'SFT21120054', 0, 0, '0000-00-00'),
(794, 'CTI/44460', 357, 4800, 'SFT21120054', 0, 0, '0000-00-00'),
(795, 'CTI/44460', 358, 4800, 'SFT21120054', 0, 0, '0000-00-00'),
(796, 'CTI/44460', 359, 4800, 'SFT21120054', 0, 0, '0000-00-00'),
(797, 'CTI/44460', 360, 4800, 'SFT21120054', 0, 0, '0000-00-00'),
(798, 'CTI/44460', 361, 4800, 'SFT21120054', 0, 0, '0000-00-00'),
(799, 'CTI/44460', 362, 4800, 'SFT21120054', 0, 0, '0000-00-00'),
(800, 'CTI/44460', 363, 4800, 'SFT21120054', 0, 0, '0000-00-00'),
(801, 'CTI/44460', 364, 4800, 'SFT21120054', 0, 0, '0000-00-00'),
(802, 'CTI/44460', 365, 4800, 'SFT21120054', 0, 0, '0000-00-00'),
(803, 'CTI/44460', 366, 4800, 'SFT21120054', 0, 0, '0000-00-00'),
(804, 'CTI/44460', 367, 4800, 'SFT21120054', 0, 0, '0000-00-00'),
(805, 'CTI/44460', 368, 4800, 'SFT21120054', 0, 0, '0000-00-00'),
(806, 'CTI/44460', 369, 4800, 'SFT21120054', 0, 0, '0000-00-00'),
(807, 'CTI/44460', 370, 4800, 'SFT21120054', 0, 0, '0000-00-00'),
(808, 'CTI/44460', 371, 4800, 'SFT21120054', 0, 0, '0000-00-00'),
(809, 'CTI/44460', 372, 4800, 'SFT21120054', 0, 0, '0000-00-00'),
(810, 'CTI/44460', 373, 4800, 'SFT21120054', 0, 0, '0000-00-00'),
(811, 'CTI/44460', 374, 4800, 'SFT21120054', 0, 0, '0000-00-00'),
(812, 'CTI/44460', 375, 4800, 'SFT21120054', 0, 0, '0000-00-00'),
(813, 'CTI/44460', 376, 4800, 'SFT21120054', 0, 0, '0000-00-00'),
(814, 'CTI/44460', 377, 4800, 'SFT21120054', 0, 0, '0000-00-00'),
(815, 'CTI/44460', 378, 4800, 'SFT21120054', 0, 0, '0000-00-00'),
(816, 'CTI/44460', 379, 4800, 'SFT21120054', 0, 0, '0000-00-00'),
(817, 'CTI/44460', 380, 4800, 'SFT21120054', 0, 0, '0000-00-00'),
(818, 'CTI/44460', 381, 4800, 'SFT21120054', 0, 0, '0000-00-00'),
(820, 'CTI/44461', 355, 4800, 'SFT21120050', 0, 0, '0000-00-00'),
(821, 'CTI/44461', 356, 4800, 'SFT21120050', 0, 0, '0000-00-00'),
(822, 'CTI/44461', 357, 4800, 'SFT21120050', 0, 0, '0000-00-00'),
(823, 'CTI/44461', 358, 4800, 'SFT21120050', 0, 0, '0000-00-00'),
(824, 'CTI/44461', 359, 4800, 'SFT21120050', 0, 0, '0000-00-00'),
(825, 'CTI/44461', 360, 4800, 'SFT21120050', 0, 0, '0000-00-00'),
(826, 'CTI/44461', 361, 4800, 'SFT21120050', 0, 0, '0000-00-00'),
(827, 'CTI/44461', 362, 4800, 'SFT21120050', 0, 0, '0000-00-00'),
(828, 'CTI/44461', 363, 4800, 'SFT21120050', 0, 0, '0000-00-00'),
(829, 'CTI/44461', 364, 4800, 'SFT21120050', 0, 0, '0000-00-00'),
(830, 'CTI/44461', 365, 4800, 'SFT21120050', 0, 0, '0000-00-00'),
(831, 'CTI/44461', 366, 4800, 'SFT21120050', 0, 0, '0000-00-00'),
(832, 'CTI/44461', 367, 4800, 'SFT21120050', 0, 0, '0000-00-00'),
(833, 'CTI/44461', 368, 4800, 'SFT21120050', 0, 0, '0000-00-00'),
(834, 'CTI/44461', 369, 4800, 'SFT21120050', 0, 0, '0000-00-00'),
(835, 'CTI/44461', 370, 4800, 'SFT21120050', 0, 0, '0000-00-00'),
(836, 'CTI/44461', 371, 4800, 'SFT21120050', 0, 0, '0000-00-00'),
(837, 'CTI/44461', 372, 4800, 'SFT21120050', 0, 0, '0000-00-00');
INSERT INTO `so` (`so_id`, `so_no_po`, `so_bom_id`, `so_qty_order`, `so_lot_number`, `so_realisasi`, `so_ba`, `so_tanggal`) VALUES
(838, 'CTI/44461', 373, 4800, 'SFT21120050', 0, 0, '0000-00-00'),
(839, 'CTI/44461', 374, 4800, 'SFT21120050', 0, 0, '0000-00-00'),
(840, 'CTI/44461', 375, 4800, 'SFT21120050', 0, 0, '0000-00-00'),
(841, 'CTI/44461', 376, 4800, 'SFT21120050', 0, 0, '0000-00-00'),
(842, 'CTI/44461', 377, 4800, 'SFT21120050', 0, 0, '0000-00-00'),
(843, 'CTI/44461', 378, 4800, 'SFT21120050', 0, 0, '0000-00-00'),
(844, 'CTI/44461', 379, 4800, 'SFT21120050', 0, 0, '0000-00-00'),
(845, 'CTI/44461', 380, 4800, 'SFT21120050', 0, 0, '0000-00-00'),
(846, 'CTI/44461', 381, 4800, 'SFT21120050', 0, 0, '0000-00-00'),
(875, 'CTI/44714', 315, 4800, 'SFT21120058', 0, 0, '0000-00-00'),
(876, 'CTI/44714', 316, 4800, 'SFT21120058', 0, 0, '0000-00-00'),
(877, 'CTI/44714', 317, 4800, 'SFT21120058', 0, 0, '0000-00-00'),
(878, 'CTI/44714', 318, 4800, 'SFT21120058', 0, 0, '0000-00-00'),
(879, 'CTI/44714', 319, 4800, 'SFT21120058', 0, 0, '0000-00-00'),
(880, 'CTI/44714', 320, 4800, 'SFT21120058', 0, 0, '0000-00-00'),
(881, 'CTI/44714', 321, 4800, 'SFT21120058', 0, 0, '0000-00-00'),
(882, 'CTI/44714', 322, 4800, 'SFT21120058', 0, 0, '0000-00-00'),
(883, 'CTI/44714', 323, 4800, 'SFT21120058', 0, 0, '0000-00-00'),
(884, 'CTI/44714', 324, 4800, 'SFT21120058', 0, 0, '0000-00-00'),
(885, 'CTI/44714', 325, 4800, 'SFT21120058', 0, 0, '0000-00-00'),
(886, 'CTI/44714', 326, 4800, 'SFT21120058', 0, 0, '0000-00-00'),
(887, 'CTI/44714', 327, 4800, 'SFT21120058', 0, 0, '0000-00-00'),
(888, 'CTI/44714', 328, 4800, 'SFT21120058', 0, 0, '0000-00-00'),
(889, 'CTI/44714', 329, 4800, 'SFT21120058', 0, 0, '0000-00-00'),
(890, 'CTI/44714', 330, 4800, 'SFT21120058', 0, 0, '0000-00-00'),
(891, 'CTI/44714', 331, 4800, 'SFT21120058', 0, 0, '0000-00-00'),
(892, 'CTI/44714', 332, 4800, 'SFT21120058', 0, 0, '0000-00-00'),
(893, 'CTI/44714', 333, 4800, 'SFT21120058', 0, 0, '0000-00-00'),
(894, 'CTI/44714', 334, 4800, 'SFT21120058', 0, 0, '0000-00-00'),
(895, 'CTI/44714', 382, 4800, 'SFT21120058', 0, 0, '0000-00-00'),
(896, 'CTI/44714', 383, 4800, 'SFT21120058', 0, 0, '0000-00-00'),
(897, 'CTI/44714', 384, 4800, 'SFT21120058', 0, 0, '0000-00-00'),
(898, 'CTI/44714', 385, 4800, 'SFT21120058', 0, 0, '0000-00-00'),
(899, 'CTI/44714', 386, 4800, 'SFT21120058', 0, 0, '0000-00-00'),
(900, 'CTI/44714', 387, 4800, 'SFT21120058', 0, 0, '0000-00-00'),
(902, 'CTI/44715', 315, 4800, 'SFT21120056', 0, 0, '0000-00-00'),
(903, 'CTI/44715', 316, 4800, 'SFT21120056', 0, 0, '0000-00-00'),
(904, 'CTI/44715', 317, 4800, 'SFT21120056', 0, 0, '0000-00-00'),
(905, 'CTI/44715', 318, 4800, 'SFT21120056', 0, 0, '0000-00-00'),
(906, 'CTI/44715', 319, 4800, 'SFT21120056', 0, 0, '0000-00-00'),
(907, 'CTI/44715', 320, 4800, 'SFT21120056', 0, 0, '0000-00-00'),
(908, 'CTI/44715', 321, 4800, 'SFT21120056', 0, 0, '0000-00-00'),
(909, 'CTI/44715', 322, 4800, 'SFT21120056', 0, 0, '0000-00-00'),
(910, 'CTI/44715', 323, 4800, 'SFT21120056', 0, 0, '0000-00-00'),
(911, 'CTI/44715', 324, 4800, 'SFT21120056', 0, 0, '0000-00-00'),
(912, 'CTI/44715', 325, 4800, 'SFT21120056', 0, 0, '0000-00-00'),
(913, 'CTI/44715', 326, 4800, 'SFT21120056', 0, 0, '0000-00-00'),
(914, 'CTI/44715', 327, 4800, 'SFT21120056', 0, 0, '0000-00-00'),
(915, 'CTI/44715', 328, 4800, 'SFT21120056', 0, 0, '0000-00-00'),
(916, 'CTI/44715', 329, 4800, 'SFT21120056', 0, 0, '0000-00-00'),
(917, 'CTI/44715', 330, 4800, 'SFT21120056', 0, 0, '0000-00-00'),
(918, 'CTI/44715', 331, 4800, 'SFT21120056', 0, 0, '0000-00-00'),
(919, 'CTI/44715', 332, 4800, 'SFT21120056', 0, 0, '0000-00-00'),
(920, 'CTI/44715', 333, 4800, 'SFT21120056', 0, 0, '0000-00-00'),
(921, 'CTI/44715', 334, 4800, 'SFT21120056', 0, 0, '0000-00-00'),
(922, 'CTI/44715', 382, 4800, 'SFT21120056', 0, 0, '0000-00-00'),
(923, 'CTI/44715', 383, 4800, 'SFT21120056', 0, 0, '0000-00-00'),
(924, 'CTI/44715', 384, 4800, 'SFT21120056', 0, 0, '0000-00-00'),
(925, 'CTI/44715', 385, 4800, 'SFT21120056', 0, 0, '0000-00-00'),
(926, 'CTI/44715', 386, 4800, 'SFT21120056', 0, 0, '0000-00-00'),
(927, 'CTI/44715', 387, 4800, 'SFT21120056', 0, 0, '0000-00-00'),
(929, 'CTI/44716', 315, 4800, 'SFT21120057', 0, 0, '0000-00-00'),
(930, 'CTI/44716', 316, 4800, 'SFT21120057', 0, 0, '0000-00-00'),
(931, 'CTI/44716', 317, 4800, 'SFT21120057', 0, 0, '0000-00-00'),
(932, 'CTI/44716', 318, 4800, 'SFT21120057', 0, 0, '0000-00-00'),
(933, 'CTI/44716', 319, 4800, 'SFT21120057', 0, 0, '0000-00-00'),
(934, 'CTI/44716', 320, 4800, 'SFT21120057', 0, 0, '0000-00-00'),
(935, 'CTI/44716', 321, 4800, 'SFT21120057', 0, 0, '0000-00-00'),
(936, 'CTI/44716', 322, 4800, 'SFT21120057', 0, 0, '0000-00-00'),
(937, 'CTI/44716', 323, 4800, 'SFT21120057', 0, 0, '0000-00-00'),
(938, 'CTI/44716', 324, 4800, 'SFT21120057', 0, 0, '0000-00-00'),
(939, 'CTI/44716', 325, 4800, 'SFT21120057', 0, 0, '0000-00-00'),
(940, 'CTI/44716', 326, 4800, 'SFT21120057', 0, 0, '0000-00-00'),
(941, 'CTI/44716', 327, 4800, 'SFT21120057', 0, 0, '0000-00-00'),
(942, 'CTI/44716', 328, 4800, 'SFT21120057', 0, 0, '0000-00-00'),
(943, 'CTI/44716', 329, 4800, 'SFT21120057', 0, 0, '0000-00-00'),
(944, 'CTI/44716', 330, 4800, 'SFT21120057', 0, 0, '0000-00-00'),
(945, 'CTI/44716', 331, 4800, 'SFT21120057', 0, 0, '0000-00-00'),
(946, 'CTI/44716', 332, 4800, 'SFT21120057', 0, 0, '0000-00-00'),
(947, 'CTI/44716', 333, 4800, 'SFT21120057', 0, 0, '0000-00-00'),
(948, 'CTI/44716', 334, 4800, 'SFT21120057', 0, 0, '0000-00-00'),
(949, 'CTI/44716', 382, 4800, 'SFT21120057', 0, 0, '0000-00-00'),
(950, 'CTI/44716', 383, 4800, 'SFT21120057', 0, 0, '0000-00-00'),
(951, 'CTI/44716', 384, 4800, 'SFT21120057', 0, 0, '0000-00-00'),
(952, 'CTI/44716', 385, 4800, 'SFT21120057', 0, 0, '0000-00-00'),
(953, 'CTI/44716', 386, 4800, 'SFT21120057', 0, 0, '0000-00-00'),
(954, 'CTI/44716', 387, 4800, 'SFT21120057', 0, 0, '0000-00-00'),
(956, 'CTI/44717', 315, 4800, 'SFT21120055', 0, 0, '0000-00-00'),
(957, 'CTI/44717', 316, 4800, 'SFT21120055', 0, 0, '0000-00-00'),
(958, 'CTI/44717', 317, 4800, 'SFT21120055', 0, 0, '0000-00-00'),
(959, 'CTI/44717', 318, 4800, 'SFT21120055', 0, 0, '0000-00-00'),
(960, 'CTI/44717', 319, 4800, 'SFT21120055', 0, 0, '0000-00-00'),
(961, 'CTI/44717', 320, 4800, 'SFT21120055', 0, 0, '0000-00-00'),
(962, 'CTI/44717', 321, 4800, 'SFT21120055', 0, 0, '0000-00-00'),
(963, 'CTI/44717', 322, 4800, 'SFT21120055', 0, 0, '0000-00-00'),
(964, 'CTI/44717', 323, 4800, 'SFT21120055', 0, 0, '0000-00-00'),
(965, 'CTI/44717', 324, 4800, 'SFT21120055', 0, 0, '0000-00-00'),
(966, 'CTI/44717', 325, 4800, 'SFT21120055', 0, 0, '0000-00-00'),
(967, 'CTI/44717', 326, 4800, 'SFT21120055', 0, 0, '0000-00-00'),
(968, 'CTI/44717', 327, 4800, 'SFT21120055', 0, 0, '0000-00-00'),
(969, 'CTI/44717', 328, 4800, 'SFT21120055', 0, 0, '0000-00-00'),
(970, 'CTI/44717', 329, 4800, 'SFT21120055', 0, 0, '0000-00-00'),
(971, 'CTI/44717', 330, 4800, 'SFT21120055', 0, 0, '0000-00-00'),
(972, 'CTI/44717', 331, 4800, 'SFT21120055', 0, 0, '0000-00-00'),
(973, 'CTI/44717', 332, 4800, 'SFT21120055', 0, 0, '0000-00-00'),
(974, 'CTI/44717', 333, 4800, 'SFT21120055', 0, 0, '0000-00-00'),
(975, 'CTI/44717', 334, 4800, 'SFT21120055', 0, 0, '0000-00-00'),
(976, 'CTI/44717', 382, 4800, 'SFT21120055', 0, 0, '0000-00-00'),
(977, 'CTI/44717', 383, 4800, 'SFT21120055', 0, 0, '0000-00-00'),
(978, 'CTI/44717', 384, 4800, 'SFT21120055', 0, 0, '0000-00-00'),
(979, 'CTI/44717', 385, 4800, 'SFT21120055', 0, 0, '0000-00-00'),
(980, 'CTI/44717', 386, 4800, 'SFT21120055', 0, 0, '0000-00-00'),
(981, 'CTI/44717', 387, 4800, 'SFT21120055', 0, 0, '0000-00-00'),
(983, 'CTI/44718', 335, 7056, 'SFT21120063', 0, 0, '0000-00-00'),
(984, 'CTI/44718', 336, 7056, 'SFT21120063', 0, 0, '0000-00-00'),
(985, 'CTI/44718', 337, 7056, 'SFT21120063', 0, 0, '0000-00-00'),
(986, 'CTI/44718', 338, 7056, 'SFT21120063', 0, 0, '0000-00-00'),
(987, 'CTI/44718', 339, 7056, 'SFT21120063', 0, 0, '0000-00-00'),
(988, 'CTI/44718', 340, 7056, 'SFT21120063', 0, 0, '0000-00-00'),
(989, 'CTI/44718', 341, 7056, 'SFT21120063', 0, 0, '0000-00-00'),
(990, 'CTI/44718', 342, 7056, 'SFT21120063', 0, 0, '0000-00-00'),
(991, 'CTI/44718', 343, 7056, 'SFT21120063', 0, 0, '0000-00-00'),
(992, 'CTI/44718', 344, 7056, 'SFT21120063', 0, 0, '0000-00-00'),
(993, 'CTI/44718', 345, 7056, 'SFT21120063', 0, 0, '0000-00-00'),
(994, 'CTI/44718', 346, 7056, 'SFT21120063', 0, 0, '0000-00-00'),
(995, 'CTI/44718', 347, 7056, 'SFT21120063', 0, 0, '0000-00-00'),
(996, 'CTI/44718', 348, 7056, 'SFT21120063', 0, 0, '0000-00-00'),
(997, 'CTI/44718', 349, 7056, 'SFT21120063', 0, 0, '0000-00-00'),
(998, 'CTI/44718', 350, 7056, 'SFT21120063', 0, 0, '0000-00-00'),
(999, 'CTI/44718', 351, 7056, 'SFT21120063', 0, 0, '0000-00-00'),
(1000, 'CTI/44718', 352, 7056, 'SFT21120063', 0, 0, '0000-00-00'),
(1001, 'CTI/44718', 353, 7056, 'SFT21120063', 0, 0, '0000-00-00'),
(1002, 'CTI/44718', 354, 7056, 'SFT21120063', 0, 0, '0000-00-00'),
(1003, 'CTI/44263', 29, 1296, 'SFT21120084', 0, 0, '0000-00-00'),
(1004, 'CTI/44263', 30, 1296, 'SFT21120084', 0, 0, '0000-00-00'),
(1005, 'CTI/44263', 31, 1296, 'SFT21120084', 0, 0, '0000-00-00'),
(1006, 'CTI/44263', 32, 1296, 'SFT21120084', 0, 0, '0000-00-00'),
(1007, 'CTI/44263', 33, 1296, 'SFT21120084', 0, 0, '0000-00-00'),
(1008, 'CTI/44263', 34, 1296, 'SFT21120084', 0, 0, '0000-00-00'),
(1009, 'CTI/44263', 35, 1296, 'SFT21120084', 0, 0, '0000-00-00'),
(1010, 'CTI/44263', 109, 1296, 'SFT21120084', 0, 0, '0000-00-00'),
(1011, 'CTI/44263', 110, 1296, 'SFT21120084', 0, 0, '0000-00-00'),
(1012, 'CTI/44263', 111, 1296, 'SFT21120084', 0, 0, '0000-00-00'),
(1013, 'CTI/44263', 112, 1296, 'SFT21120084', 0, 0, '0000-00-00'),
(1014, 'CTI/44263', 113, 1296, 'SFT21120084', 0, 0, '0000-00-00'),
(1015, 'CTI/44263', 114, 1296, 'SFT21120084', 0, 0, '0000-00-00'),
(1016, 'CTI/44263', 115, 1296, 'SFT21120084', 0, 0, '0000-00-00'),
(1017, 'CTI/44263', 116, 1296, 'SFT21120084', 0, 0, '0000-00-00'),
(1018, 'CTI/44263', 117, 1296, 'SFT21120084', 0, 0, '0000-00-00'),
(1019, 'CTI/44263', 202, 1296, 'SFT21120084', 0, 0, '0000-00-00'),
(1020, 'CTI/44263', 203, 1296, 'SFT21120084', 0, 0, '0000-00-00'),
(1021, 'CTI/44263', 204, 1296, 'SFT21120084', 0, 0, '0000-00-00'),
(1022, 'CTI/44263', 205, 1296, 'SFT21120084', 0, 0, '0000-00-00'),
(1023, 'CTI/44263', 206, 1296, 'SFT21120084', 0, 0, '0000-00-00'),
(1024, 'CTI/44263', 207, 1296, 'SFT21120084', 0, 0, '0000-00-00'),
(1025, 'CTI/44263', 208, 1296, 'SFT21120084', 0, 0, '0000-00-00'),
(1026, 'CTI/44263', 209, 1296, 'SFT21120084', 0, 0, '0000-00-00'),
(1027, 'CTI/44263', 210, 1296, 'SFT21120084', 0, 0, '0000-00-00'),
(1028, 'CTI/44263', 274, 1296, 'SFT21120084', 0, 0, '0000-00-00'),
(1029, 'CTI/44263', 388, 1296, 'SFT21120084', 0, 0, '0000-00-00'),
(1030, 'CTI/44262', 36, 8424, 'SFT21120075', 0, 0, '0000-00-00'),
(1031, 'CTI/44262', 118, 8424, 'SFT21120075', 0, 0, '0000-00-00'),
(1032, 'CTI/44262', 119, 8424, 'SFT21120075', 0, 0, '0000-00-00'),
(1033, 'CTI/44262', 120, 8424, 'SFT21120075', 0, 0, '0000-00-00'),
(1034, 'CTI/44262', 467, 8424, 'SFT21120075', 0, 0, '0000-00-00'),
(1035, 'CTI/44262', 468, 8424, 'SFT21120075', 0, 0, '0000-00-00'),
(1036, 'CTI/44262', 469, 8424, 'SFT21120075', 0, 0, '0000-00-00'),
(1037, 'CTI/44262', 470, 8424, 'SFT21120075', 0, 0, '0000-00-00'),
(1038, 'CTI/44262', 471, 8424, 'SFT21120075', 0, 0, '0000-00-00'),
(1039, 'CTI/44262', 472, 8424, 'SFT21120075', 0, 0, '0000-00-00'),
(1040, 'CTI/44262', 473, 8424, 'SFT21120075', 0, 0, '0000-00-00'),
(1041, 'CTI/44262', 474, 8424, 'SFT21120075', 0, 0, '0000-00-00'),
(1042, 'CTI/44262', 475, 8424, 'SFT21120075', 0, 0, '0000-00-00'),
(1043, 'CTI/44262', 476, 8424, 'SFT21120075', 0, 0, '0000-00-00'),
(1044, 'CTI/44262', 477, 8424, 'SFT21120075', 0, 0, '0000-00-00'),
(1045, 'CTI/44262', 478, 8424, 'SFT21120075', 0, 0, '0000-00-00'),
(1046, 'CTI/44262', 479, 8424, 'SFT21120075', 0, 0, '0000-00-00'),
(1047, 'CTI/44262', 480, 8424, 'SFT21120075', 0, 0, '0000-00-00'),
(1048, 'CTI/44262', 481, 8424, 'SFT21120075', 0, 0, '0000-00-00'),
(1049, 'CTI/44262', 482, 8424, 'SFT21120075', 0, 0, '0000-00-00'),
(1050, 'CTI/44262', 483, 8424, 'SFT21120075', 0, 0, '0000-00-00'),
(1051, 'CTI/44262', 484, 8424, 'SFT21120075', 0, 0, '0000-00-00'),
(1052, 'CTI/44262', 485, 8424, 'SFT21120075', 0, 0, '0000-00-00'),
(1053, 'CTI/44262', 486, 8424, 'SFT21120075', 0, 0, '0000-00-00'),
(1054, 'CTI/44262', 487, 8424, 'SFT21120075', 0, 0, '0000-00-00'),
(1055, 'CTI/44262', 488, 8424, 'SFT21120075', 0, 0, '0000-00-00'),
(1056, 'CTI/44262', 489, 8424, 'SFT21120075', 0, 0, '0000-00-00'),
(1057, 'CTI/44262', 490, 8424, 'SFT21120075', 0, 0, '0000-00-00'),
(1058, 'CTI/44261', 36, 3510, 'SFT21120077', 0, 0, '0000-00-00'),
(1059, 'CTI/44261', 118, 3510, 'SFT21120077', 0, 0, '0000-00-00'),
(1060, 'CTI/44261', 119, 3510, 'SFT21120077', 0, 0, '0000-00-00'),
(1061, 'CTI/44261', 120, 3510, 'SFT21120077', 0, 0, '0000-00-00'),
(1062, 'CTI/44261', 467, 3510, 'SFT21120077', 0, 0, '0000-00-00'),
(1063, 'CTI/44261', 468, 3510, 'SFT21120077', 0, 0, '0000-00-00'),
(1064, 'CTI/44261', 469, 3510, 'SFT21120077', 0, 0, '0000-00-00'),
(1065, 'CTI/44261', 470, 3510, 'SFT21120077', 0, 0, '0000-00-00'),
(1066, 'CTI/44261', 471, 3510, 'SFT21120077', 0, 0, '0000-00-00'),
(1067, 'CTI/44261', 472, 3510, 'SFT21120077', 0, 0, '0000-00-00'),
(1068, 'CTI/44261', 473, 3510, 'SFT21120077', 0, 0, '0000-00-00'),
(1069, 'CTI/44261', 474, 3510, 'SFT21120077', 0, 0, '0000-00-00'),
(1070, 'CTI/44261', 475, 3510, 'SFT21120077', 0, 0, '0000-00-00'),
(1071, 'CTI/44261', 476, 3510, 'SFT21120077', 0, 0, '0000-00-00'),
(1072, 'CTI/44261', 477, 3510, 'SFT21120077', 0, 0, '0000-00-00'),
(1073, 'CTI/44261', 478, 3510, 'SFT21120077', 0, 0, '0000-00-00'),
(1074, 'CTI/44261', 479, 3510, 'SFT21120077', 0, 0, '0000-00-00'),
(1075, 'CTI/44261', 480, 3510, 'SFT21120077', 0, 0, '0000-00-00'),
(1076, 'CTI/44261', 481, 3510, 'SFT21120077', 0, 0, '0000-00-00'),
(1077, 'CTI/44261', 482, 3510, 'SFT21120077', 0, 0, '0000-00-00'),
(1078, 'CTI/44261', 483, 3510, 'SFT21120077', 0, 0, '0000-00-00'),
(1079, 'CTI/44261', 484, 3510, 'SFT21120077', 0, 0, '0000-00-00'),
(1080, 'CTI/44261', 485, 3510, 'SFT21120077', 0, 0, '0000-00-00'),
(1081, 'CTI/44261', 486, 3510, 'SFT21120077', 0, 0, '0000-00-00'),
(1082, 'CTI/44261', 487, 3510, 'SFT21120077', 0, 0, '0000-00-00'),
(1083, 'CTI/44261', 488, 3510, 'SFT21120077', 0, 0, '0000-00-00'),
(1084, 'CTI/44261', 489, 3510, 'SFT21120077', 0, 0, '0000-00-00'),
(1085, 'CTI/44261', 490, 3510, 'SFT21120077', 0, 0, '0000-00-00'),
(1086, 'CTI/44263', 36, 2106, 'SFT21120078', 0, 0, '0000-00-00'),
(1087, 'CTI/44263', 118, 2106, 'SFT21120078', 0, 0, '0000-00-00'),
(1088, 'CTI/44263', 119, 2106, 'SFT21120078', 0, 0, '0000-00-00'),
(1089, 'CTI/44263', 120, 2106, 'SFT21120078', 0, 0, '0000-00-00'),
(1090, 'CTI/44263', 467, 2106, 'SFT21120078', 0, 0, '0000-00-00'),
(1091, 'CTI/44263', 468, 2106, 'SFT21120078', 0, 0, '0000-00-00'),
(1092, 'CTI/44263', 469, 2106, 'SFT21120078', 0, 0, '0000-00-00'),
(1093, 'CTI/44263', 470, 2106, 'SFT21120078', 0, 0, '0000-00-00'),
(1094, 'CTI/44263', 471, 2106, 'SFT21120078', 0, 0, '0000-00-00'),
(1095, 'CTI/44263', 472, 2106, 'SFT21120078', 0, 0, '0000-00-00'),
(1096, 'CTI/44263', 473, 2106, 'SFT21120078', 0, 0, '0000-00-00'),
(1097, 'CTI/44263', 474, 2106, 'SFT21120078', 0, 0, '0000-00-00'),
(1098, 'CTI/44263', 475, 2106, 'SFT21120078', 0, 0, '0000-00-00'),
(1099, 'CTI/44263', 476, 2106, 'SFT21120078', 0, 0, '0000-00-00'),
(1100, 'CTI/44263', 477, 2106, 'SFT21120078', 0, 0, '0000-00-00'),
(1101, 'CTI/44263', 478, 2106, 'SFT21120078', 0, 0, '0000-00-00'),
(1102, 'CTI/44263', 479, 2106, 'SFT21120078', 0, 0, '0000-00-00'),
(1103, 'CTI/44263', 480, 2106, 'SFT21120078', 0, 0, '0000-00-00'),
(1104, 'CTI/44263', 481, 2106, 'SFT21120078', 0, 0, '0000-00-00'),
(1105, 'CTI/44263', 482, 2106, 'SFT21120078', 0, 0, '0000-00-00'),
(1106, 'CTI/44263', 483, 2106, 'SFT21120078', 0, 0, '0000-00-00'),
(1107, 'CTI/44263', 484, 2106, 'SFT21120078', 0, 0, '0000-00-00'),
(1108, 'CTI/44263', 485, 2106, 'SFT21120078', 0, 0, '0000-00-00'),
(1109, 'CTI/44263', 486, 2106, 'SFT21120078', 0, 0, '0000-00-00'),
(1110, 'CTI/44263', 487, 2106, 'SFT21120078', 0, 0, '0000-00-00'),
(1111, 'CTI/44263', 488, 2106, 'SFT21120078', 0, 0, '0000-00-00'),
(1112, 'CTI/44263', 489, 2106, 'SFT21120078', 0, 0, '0000-00-00'),
(1113, 'CTI/44263', 490, 2106, 'SFT21120078', 0, 0, '0000-00-00'),
(1114, 'CTI/44263', 44, 1944, 'SFT21120085', 0, 0, '0000-00-00'),
(1115, 'CTI/44263', 45, 1944, 'SFT21120085', 0, 0, '0000-00-00'),
(1116, 'CTI/44263', 46, 1944, 'SFT21120085', 0, 0, '0000-00-00'),
(1117, 'CTI/44263', 47, 1944, 'SFT21120085', 0, 0, '0000-00-00'),
(1118, 'CTI/44263', 48, 1944, 'SFT21120085', 0, 0, '0000-00-00'),
(1119, 'CTI/44263', 49, 1944, 'SFT21120085', 0, 0, '0000-00-00'),
(1120, 'CTI/44263', 50, 1944, 'SFT21120085', 0, 0, '0000-00-00'),
(1121, 'CTI/44263', 51, 1944, 'SFT21120085', 0, 0, '0000-00-00'),
(1122, 'CTI/44263', 130, 1944, 'SFT21120085', 0, 0, '0000-00-00'),
(1123, 'CTI/44263', 131, 1944, 'SFT21120085', 0, 0, '0000-00-00'),
(1124, 'CTI/44263', 132, 1944, 'SFT21120085', 0, 0, '0000-00-00'),
(1125, 'CTI/44263', 133, 1944, 'SFT21120085', 0, 0, '0000-00-00'),
(1126, 'CTI/44263', 134, 1944, 'SFT21120085', 0, 0, '0000-00-00'),
(1127, 'CTI/44263', 135, 1944, 'SFT21120085', 0, 0, '0000-00-00'),
(1128, 'CTI/44263', 136, 1944, 'SFT21120085', 0, 0, '0000-00-00'),
(1129, 'CTI/44263', 137, 1944, 'SFT21120085', 0, 0, '0000-00-00'),
(1130, 'CTI/44263', 138, 1944, 'SFT21120085', 0, 0, '0000-00-00'),
(1131, 'CTI/44263', 220, 1944, 'SFT21120085', 0, 0, '0000-00-00'),
(1132, 'CTI/44263', 221, 1944, 'SFT21120085', 0, 0, '0000-00-00'),
(1133, 'CTI/44263', 222, 1944, 'SFT21120085', 0, 0, '0000-00-00'),
(1134, 'CTI/44263', 223, 1944, 'SFT21120085', 0, 0, '0000-00-00'),
(1135, 'CTI/44263', 224, 1944, 'SFT21120085', 0, 0, '0000-00-00'),
(1136, 'CTI/44263', 225, 1944, 'SFT21120085', 0, 0, '0000-00-00'),
(1137, 'CTI/44263', 226, 1944, 'SFT21120085', 0, 0, '0000-00-00'),
(1138, 'CTI/44263', 227, 1944, 'SFT21120085', 0, 0, '0000-00-00'),
(1139, 'CTI/44263', 228, 1944, 'SFT21120085', 0, 0, '0000-00-00'),
(1140, 'CTI/44263', 275, 1944, 'SFT21120085', 0, 0, '0000-00-00'),
(1142, 'CTI/44367', 68, 7506, 'SFT21120086', 0, 0, '0000-00-00'),
(1143, 'CTI/44367', 69, 7506, 'SFT21120086', 0, 0, '0000-00-00'),
(1144, 'CTI/44367', 70, 7506, 'SFT21120086', 0, 0, '0000-00-00'),
(1145, 'CTI/44367', 71, 7506, 'SFT21120086', 0, 0, '0000-00-00'),
(1146, 'CTI/44367', 72, 7506, 'SFT21120086', 0, 0, '0000-00-00'),
(1147, 'CTI/44367', 73, 7506, 'SFT21120086', 0, 0, '0000-00-00'),
(1148, 'CTI/44367', 74, 7506, 'SFT21120086', 0, 0, '0000-00-00'),
(1149, 'CTI/44367', 157, 7506, 'SFT21120086', 0, 0, '0000-00-00'),
(1150, 'CTI/44367', 158, 7506, 'SFT21120086', 0, 0, '0000-00-00'),
(1151, 'CTI/44367', 159, 7506, 'SFT21120086', 0, 0, '0000-00-00'),
(1152, 'CTI/44367', 160, 7506, 'SFT21120086', 0, 0, '0000-00-00'),
(1153, 'CTI/44367', 161, 7506, 'SFT21120086', 0, 0, '0000-00-00'),
(1154, 'CTI/44367', 162, 7506, 'SFT21120086', 0, 0, '0000-00-00'),
(1155, 'CTI/44367', 163, 7506, 'SFT21120086', 0, 0, '0000-00-00'),
(1156, 'CTI/44367', 164, 7506, 'SFT21120086', 0, 0, '0000-00-00'),
(1157, 'CTI/44367', 165, 7506, 'SFT21120086', 0, 0, '0000-00-00'),
(1158, 'CTI/44367', 247, 7506, 'SFT21120086', 0, 0, '0000-00-00'),
(1159, 'CTI/44367', 248, 7506, 'SFT21120086', 0, 0, '0000-00-00'),
(1160, 'CTI/44367', 249, 7506, 'SFT21120086', 0, 0, '0000-00-00'),
(1161, 'CTI/44367', 250, 7506, 'SFT21120086', 0, 0, '0000-00-00'),
(1162, 'CTI/44367', 251, 7506, 'SFT21120086', 0, 0, '0000-00-00'),
(1163, 'CTI/44367', 252, 7506, 'SFT21120086', 0, 0, '0000-00-00'),
(1164, 'CTI/44367', 253, 7506, 'SFT21120086', 0, 0, '0000-00-00'),
(1165, 'CTI/44367', 254, 7506, 'SFT21120086', 0, 0, '0000-00-00'),
(1166, 'CTI/44367', 255, 7506, 'SFT21120086', 0, 0, '0000-00-00'),
(1167, 'CTI/44367', 519, 7506, 'SFT21120086', 0, 0, '0000-00-00'),
(1169, 'CTI/44095', 302, 5400, 'SFT21120028', 0, 0, '0000-00-00'),
(1170, 'CTI/44095', 303, 5400, 'SFT21120028', 0, 0, '0000-00-00'),
(1171, 'CTI/44095', 304, 5400, 'SFT21120028', 0, 0, '0000-00-00'),
(1172, 'CTI/44095', 305, 5400, 'SFT21120028', 0, 0, '0000-00-00'),
(1173, 'CTI/44095', 306, 5400, 'SFT21120028', 0, 0, '0000-00-00'),
(1174, 'CTI/44095', 307, 5400, 'SFT21120028', 0, 0, '0000-00-00'),
(1175, 'CTI/44095', 308, 5400, 'SFT21120028', 0, 0, '0000-00-00'),
(1176, 'CTI/44095', 309, 5400, 'SFT21120028', 0, 0, '0000-00-00'),
(1177, 'CTI/44095', 310, 5400, 'SFT21120028', 0, 0, '0000-00-00'),
(1178, 'CTI/44095', 311, 5400, 'SFT21120028', 0, 0, '0000-00-00'),
(1179, 'CTI/44095', 312, 5400, 'SFT21120028', 0, 0, '0000-00-00'),
(1180, 'CTI/44095', 313, 5400, 'SFT21120028', 0, 0, '0000-00-00'),
(1181, 'CTI/44095', 314, 5400, 'SFT21120028', 0, 0, '0000-00-00'),
(1182, 'CTI/44095', 526, 5400, 'SFT21120028', 0, 0, '0000-00-00'),
(1183, 'CTI/44095', 527, 5400, 'SFT21120028', 0, 0, '0000-00-00'),
(1184, 'CTI/44095', 528, 5400, 'SFT21120028', 0, 0, '0000-00-00'),
(1185, 'CTI/44095', 529, 5400, 'SFT21120028', 0, 0, '0000-00-00'),
(1186, 'CTI/44095', 530, 5400, 'SFT21120028', 0, 0, '0000-00-00'),
(1204, 'CTI/44264', 36, 3900, 'SFT21120076', 0, 0, '0000-00-00'),
(1205, 'CTI/44264', 118, 3900, 'SFT21120076', 0, 0, '0000-00-00'),
(1206, 'CTI/44264', 119, 3900, 'SFT21120076', 0, 0, '0000-00-00'),
(1207, 'CTI/44264', 120, 3900, 'SFT21120076', 0, 0, '0000-00-00'),
(1208, 'CTI/44264', 467, 3900, 'SFT21120076', 0, 0, '0000-00-00'),
(1209, 'CTI/44264', 468, 3900, 'SFT21120076', 0, 0, '0000-00-00'),
(1210, 'CTI/44264', 469, 3900, 'SFT21120076', 0, 0, '0000-00-00'),
(1211, 'CTI/44264', 470, 3900, 'SFT21120076', 0, 0, '0000-00-00'),
(1212, 'CTI/44264', 471, 3900, 'SFT21120076', 0, 0, '0000-00-00'),
(1213, 'CTI/44264', 472, 3900, 'SFT21120076', 0, 0, '0000-00-00'),
(1214, 'CTI/44264', 473, 3900, 'SFT21120076', 0, 0, '0000-00-00'),
(1215, 'CTI/44264', 474, 3900, 'SFT21120076', 0, 0, '0000-00-00'),
(1216, 'CTI/44264', 475, 3900, 'SFT21120076', 0, 0, '0000-00-00'),
(1217, 'CTI/44264', 476, 3900, 'SFT21120076', 0, 0, '0000-00-00'),
(1218, 'CTI/44264', 477, 3900, 'SFT21120076', 0, 0, '0000-00-00'),
(1219, 'CTI/44264', 478, 3900, 'SFT21120076', 0, 0, '0000-00-00'),
(1220, 'CTI/44264', 479, 3900, 'SFT21120076', 0, 0, '0000-00-00'),
(1221, 'CTI/44264', 480, 3900, 'SFT21120076', 0, 0, '0000-00-00'),
(1222, 'CTI/44264', 481, 3900, 'SFT21120076', 0, 0, '0000-00-00'),
(1223, 'CTI/44264', 482, 3900, 'SFT21120076', 0, 0, '0000-00-00'),
(1224, 'CTI/44264', 483, 3900, 'SFT21120076', 0, 0, '0000-00-00'),
(1225, 'CTI/44264', 484, 3900, 'SFT21120076', 0, 0, '0000-00-00'),
(1226, 'CTI/44264', 485, 3900, 'SFT21120076', 0, 0, '0000-00-00'),
(1227, 'CTI/44264', 486, 3900, 'SFT21120076', 0, 0, '0000-00-00'),
(1228, 'CTI/44264', 487, 3900, 'SFT21120076', 0, 0, '0000-00-00'),
(1229, 'CTI/44264', 488, 3900, 'SFT21120076', 0, 0, '0000-00-00'),
(1230, 'CTI/44264', 489, 3900, 'SFT21120076', 0, 0, '0000-00-00'),
(1231, 'CTI/44264', 490, 3900, 'SFT21120076', 0, 0, '0000-00-00'),
(1233, 'CTI/44389', 492, 5184, 'SFT21120092', 0, 0, '0000-00-00'),
(1234, 'CTI/44389', 493, 5184, 'SFT21120092', 0, 0, '0000-00-00'),
(1235, 'CTI/44389', 494, 5184, 'SFT21120092', 0, 0, '0000-00-00'),
(1236, 'CTI/44389', 495, 5184, 'SFT21120092', 0, 0, '0000-00-00'),
(1237, 'CTI/44389', 496, 5184, 'SFT21120092', 0, 0, '0000-00-00'),
(1238, 'CTI/44389', 497, 5184, 'SFT21120092', 0, 0, '0000-00-00'),
(1239, 'CTI/44389', 498, 5184, 'SFT21120092', 0, 0, '0000-00-00'),
(1240, 'CTI/44389', 499, 5184, 'SFT21120092', 0, 0, '0000-00-00'),
(1241, 'CTI/44389', 500, 5184, 'SFT21120092', 0, 0, '0000-00-00'),
(1242, 'CTI/44389', 501, 5184, 'SFT21120092', 0, 0, '0000-00-00'),
(1243, 'CTI/44389', 502, 5184, 'SFT21120092', 0, 0, '0000-00-00'),
(1244, 'CTI/44389', 503, 5184, 'SFT21120092', 0, 0, '0000-00-00'),
(1245, 'CTI/44389', 504, 5184, 'SFT21120092', 0, 0, '0000-00-00'),
(1246, 'CTI/44389', 505, 5184, 'SFT21120092', 0, 0, '0000-00-00'),
(1247, 'CTI/44389', 506, 5184, 'SFT21120092', 0, 0, '0000-00-00'),
(1248, 'CTI/44389', 507, 5184, 'SFT21120092', 0, 0, '0000-00-00'),
(1249, 'CTI/44389', 508, 5184, 'SFT21120092', 0, 0, '0000-00-00'),
(1250, 'CTI/44389', 509, 5184, 'SFT21120092', 0, 0, '0000-00-00'),
(1251, 'CTI/44389', 510, 5184, 'SFT21120092', 0, 0, '0000-00-00'),
(1252, 'CTI/44389', 511, 5184, 'SFT21120092', 0, 0, '0000-00-00'),
(1253, 'CTI/44389', 512, 5184, 'SFT21120092', 0, 0, '0000-00-00'),
(1254, 'CTI/44389', 513, 5184, 'SFT21120092', 0, 0, '0000-00-00'),
(1255, 'CTI/44389', 514, 5184, 'SFT21120092', 0, 0, '0000-00-00'),
(1256, 'CTI/44389', 515, 5184, 'SFT21120092', 0, 0, '0000-00-00'),
(1257, 'CTI/44389', 516, 5184, 'SFT21120092', 0, 0, '0000-00-00'),
(1258, 'CTI/44389', 517, 5184, 'SFT21120092', 0, 0, '0000-00-00'),
(1259, 'CTI/44389', 518, 5184, 'SFT21120092', 0, 0, '0000-00-00'),
(1260, 'CTI/44367', 68, 7056, 'SFT21120086', 0, 0, '0000-00-00'),
(1261, 'CTI/44367', 69, 7056, 'SFT21120086', 0, 0, '0000-00-00'),
(1262, 'CTI/44367', 70, 7056, 'SFT21120086', 0, 0, '0000-00-00'),
(1263, 'CTI/44367', 71, 7056, 'SFT21120086', 0, 0, '0000-00-00'),
(1264, 'CTI/44367', 72, 7056, 'SFT21120086', 0, 0, '0000-00-00'),
(1265, 'CTI/44367', 73, 7056, 'SFT21120086', 0, 0, '0000-00-00'),
(1266, 'CTI/44367', 74, 7056, 'SFT21120086', 0, 0, '0000-00-00'),
(1267, 'CTI/44367', 157, 7056, 'SFT21120086', 0, 0, '0000-00-00'),
(1268, 'CTI/44367', 158, 7056, 'SFT21120086', 0, 0, '0000-00-00'),
(1269, 'CTI/44367', 159, 7056, 'SFT21120086', 0, 0, '0000-00-00'),
(1270, 'CTI/44367', 160, 7056, 'SFT21120086', 0, 0, '0000-00-00'),
(1271, 'CTI/44367', 161, 7056, 'SFT21120086', 0, 0, '0000-00-00'),
(1272, 'CTI/44367', 162, 7056, 'SFT21120086', 0, 0, '0000-00-00'),
(1273, 'CTI/44367', 163, 7056, 'SFT21120086', 0, 0, '0000-00-00'),
(1274, 'CTI/44367', 164, 7056, 'SFT21120086', 0, 0, '0000-00-00'),
(1275, 'CTI/44367', 165, 7056, 'SFT21120086', 0, 0, '0000-00-00'),
(1276, 'CTI/44367', 247, 7056, 'SFT21120086', 0, 0, '0000-00-00'),
(1277, 'CTI/44367', 248, 7056, 'SFT21120086', 0, 0, '0000-00-00'),
(1278, 'CTI/44367', 249, 7056, 'SFT21120086', 0, 0, '0000-00-00'),
(1279, 'CTI/44367', 250, 7056, 'SFT21120086', 0, 0, '0000-00-00'),
(1280, 'CTI/44367', 251, 7056, 'SFT21120086', 0, 0, '0000-00-00'),
(1281, 'CTI/44367', 252, 7056, 'SFT21120086', 0, 0, '0000-00-00'),
(1282, 'CTI/44367', 253, 7056, 'SFT21120086', 0, 0, '0000-00-00'),
(1283, 'CTI/44367', 254, 7056, 'SFT21120086', 0, 0, '0000-00-00'),
(1284, 'CTI/44367', 255, 7056, 'SFT21120086', 0, 0, '0000-00-00'),
(1285, 'CTI/44367', 519, 7056, 'SFT21120086', 0, 0, '0000-00-00'),
(1304, 'CTI/44097', 302, 8640, 'SFT21120027', 0, 0, '0000-00-00'),
(1305, 'CTI/44097', 303, 8640, 'SFT21120027', 0, 0, '0000-00-00'),
(1306, 'CTI/44097', 304, 8640, 'SFT21120027', 0, 0, '0000-00-00'),
(1307, 'CTI/44097', 305, 8640, 'SFT21120027', 0, 0, '0000-00-00'),
(1308, 'CTI/44097', 306, 8640, 'SFT21120027', 0, 0, '0000-00-00'),
(1309, 'CTI/44097', 307, 8640, 'SFT21120027', 0, 0, '0000-00-00'),
(1310, 'CTI/44097', 308, 8640, 'SFT21120027', 0, 0, '0000-00-00'),
(1311, 'CTI/44097', 309, 8640, 'SFT21120027', 0, 0, '0000-00-00'),
(1312, 'CTI/44097', 310, 8640, 'SFT21120027', 0, 0, '0000-00-00'),
(1313, 'CTI/44097', 311, 8640, 'SFT21120027', 0, 0, '0000-00-00'),
(1314, 'CTI/44097', 312, 8640, 'SFT21120027', 0, 0, '0000-00-00'),
(1315, 'CTI/44097', 313, 8640, 'SFT21120027', 0, 0, '0000-00-00'),
(1316, 'CTI/44097', 314, 8640, 'SFT21120027', 0, 0, '0000-00-00'),
(1317, 'CTI/44097', 526, 8640, 'SFT21120027', 0, 0, '0000-00-00'),
(1318, 'CTI/44097', 527, 8640, 'SFT21120027', 0, 0, '0000-00-00'),
(1319, 'CTI/44097', 528, 8640, 'SFT21120027', 0, 0, '0000-00-00'),
(1320, 'CTI/44097', 529, 8640, 'SFT21120027', 0, 0, '0000-00-00'),
(1321, 'CTI/44097', 530, 8640, 'SFT21120027', 0, 0, '0000-00-00'),
(1322, 'CTI/44095', 521, 2700, 'SFT21120029', 0, 0, '0000-00-00'),
(1323, 'CTI/44095', 522, 2700, 'SFT21120029', 0, 0, '0000-00-00'),
(1324, 'CTI/44095', 523, 2700, 'SFT21120029', 0, 0, '0000-00-00'),
(1325, 'CTI/44095', 524, 2700, 'SFT21120029', 0, 0, '0000-00-00'),
(1326, 'CTI/44095', 525, 2700, 'SFT21120029', 0, 0, '0000-00-00'),
(1327, 'CTI/44095', 531, 2700, 'SFT21120029', 0, 0, '0000-00-00'),
(1328, 'CTI/44095', 532, 2700, 'SFT21120029', 0, 0, '0000-00-00'),
(1329, 'CTI/44095', 533, 2700, 'SFT21120029', 0, 0, '0000-00-00'),
(1330, 'CTI/44095', 534, 2700, 'SFT21120029', 0, 0, '0000-00-00'),
(1331, 'CTI/44095', 535, 2700, 'SFT21120029', 0, 0, '0000-00-00'),
(1332, 'CTI/44095', 536, 2700, 'SFT21120029', 0, 0, '0000-00-00'),
(1333, 'CTI/44095', 537, 2700, 'SFT21120029', 0, 0, '0000-00-00'),
(1334, 'CTI/44095', 538, 2700, 'SFT21120029', 0, 0, '0000-00-00'),
(1335, 'CTI/44095', 539, 2700, 'SFT21120029', 0, 0, '0000-00-00'),
(1336, 'CTI/44095', 540, 2700, 'SFT21120029', 0, 0, '0000-00-00'),
(1337, 'CTI/44095', 541, 2700, 'SFT21120029', 0, 0, '0000-00-00'),
(1338, 'CTI/44095', 542, 2700, 'SFT21120029', 0, 0, '0000-00-00');

-- --------------------------------------------------------

--
-- Table structure for table `uom`
--

CREATE TABLE `uom` (
  `uom_id` int(11) NOT NULL,
  `uom_nama` varchar(255) NOT NULL
) ENGINE=InnoDB DEFAULT CHARSET=utf8mb4;

--
-- Dumping data for table `uom`
--

INSERT INTO `uom` (`uom_id`, `uom_nama`) VALUES
(2, 'KG'),
(4, 'GR'),
(5, 'PCS'),
(6, 'M3'),
(7, 'MTR'),
(8, 'ROL'),
(9, 'M2'),
(10, 'LTR'),
(12, 'SHEET'),
(14, 'BTL');

--
-- Indexes for dumped tables
--

--
-- Indexes for table `admin`
--
ALTER TABLE `admin`
  ADD PRIMARY KEY (`id`);

--
-- Indexes for table `bom`
--
ALTER TABLE `bom`
  ADD PRIMARY KEY (`bom_id`),
  ADD KEY `fk_bom_item` (`bom_item_id`),
  ADD KEY `fk_bom_material` (`bom_material_id`),
  ADD KEY `fk_bom_divisi` (`bom_divisi_id`);

--
-- Indexes for table `divisi`
--
ALTER TABLE `divisi`
  ADD PRIMARY KEY (`divisi_id`);

--
-- Indexes for table `item`
--
ALTER TABLE `item`
  ADD PRIMARY KEY (`item_id`),
  ADD KEY `fk_item_uom` (`item_uom_id`);

--
-- Indexes for table `material`
--
ALTER TABLE `material`
  ADD PRIMARY KEY (`material_id`),
  ADD KEY `fk_material_uom` (`material_uom_id`);

--
-- Indexes for table `so`
--
ALTER TABLE `so`
  ADD PRIMARY KEY (`so_id`),
  ADD KEY `fk_so_bom` (`so_bom_id`);

--
-- Indexes for table `uom`
--
ALTER TABLE `uom`
  ADD PRIMARY KEY (`uom_id`);

--
-- AUTO_INCREMENT for dumped tables
--

--
-- AUTO_INCREMENT for table `admin`
--
ALTER TABLE `admin`
  MODIFY `id` int(11) NOT NULL AUTO_INCREMENT, AUTO_INCREMENT=3;

--
-- AUTO_INCREMENT for table `bom`
--
ALTER TABLE `bom`
  MODIFY `bom_id` int(11) NOT NULL AUTO_INCREMENT, AUTO_INCREMENT=619;

--
-- AUTO_INCREMENT for table `divisi`
--
ALTER TABLE `divisi`
  MODIFY `divisi_id` int(11) NOT NULL AUTO_INCREMENT, AUTO_INCREMENT=5;

--
-- AUTO_INCREMENT for table `so`
--
ALTER TABLE `so`
  MODIFY `so_id` int(11) NOT NULL AUTO_INCREMENT, AUTO_INCREMENT=1357;

--
-- AUTO_INCREMENT for table `uom`
--
ALTER TABLE `uom`
  MODIFY `uom_id` int(11) NOT NULL AUTO_INCREMENT, AUTO_INCREMENT=15;

--
-- Constraints for dumped tables
--

--
-- Constraints for table `bom`
--
ALTER TABLE `bom`
  ADD CONSTRAINT `fk_bom_divisi` FOREIGN KEY (`bom_divisi_id`) REFERENCES `divisi` (`divisi_id`) ON DELETE SET NULL ON UPDATE CASCADE,
  ADD CONSTRAINT `fk_bom_item` FOREIGN KEY (`bom_item_id`) REFERENCES `item` (`item_id`) ON DELETE CASCADE ON UPDATE CASCADE,
  ADD CONSTRAINT `fk_bom_material` FOREIGN KEY (`bom_material_id`) REFERENCES `material` (`material_id`) ON DELETE SET NULL ON UPDATE CASCADE;

--
-- Constraints for table `item`
--
ALTER TABLE `item`
  ADD CONSTRAINT `fk_item_uom` FOREIGN KEY (`item_uom_id`) REFERENCES `uom` (`uom_id`) ON DELETE CASCADE ON UPDATE CASCADE;

--
-- Constraints for table `material`
--
ALTER TABLE `material`
  ADD CONSTRAINT `fk_material_uom` FOREIGN KEY (`material_uom_id`) REFERENCES `uom` (`uom_id`) ON DELETE SET NULL ON UPDATE CASCADE;

--
-- Constraints for table `so`
--
ALTER TABLE `so`
  ADD CONSTRAINT `fk_so_bom` FOREIGN KEY (`so_bom_id`) REFERENCES `bom` (`bom_id`) ON DELETE CASCADE ON UPDATE CASCADE;
COMMIT;

/*!40101 SET CHARACTER_SET_CLIENT=@OLD_CHARACTER_SET_CLIENT */;
/*!40101 SET CHARACTER_SET_RESULTS=@OLD_CHARACTER_SET_RESULTS */;
/*!40101 SET COLLATION_CONNECTION=@OLD_COLLATION_CONNECTION */;
