-- --------------------------------------------------------
-- Host:                         127.0.0.1
-- Server version:               10.4.22-MariaDB - mariadb.org binary distribution
-- Server OS:                    Win64
-- HeidiSQL Version:             11.3.0.6295
-- --------------------------------------------------------

/*!40101 SET @OLD_CHARACTER_SET_CLIENT=@@CHARACTER_SET_CLIENT */;
/*!40101 SET NAMES utf8 */;
/*!50503 SET NAMES utf8mb4 */;
/*!40014 SET @OLD_FOREIGN_KEY_CHECKS=@@FOREIGN_KEY_CHECKS, FOREIGN_KEY_CHECKS=0 */;
/*!40101 SET @OLD_SQL_MODE=@@SQL_MODE, SQL_MODE='NO_AUTO_VALUE_ON_ZERO' */;
/*!40111 SET @OLD_SQL_NOTES=@@SQL_NOTES, SQL_NOTES=0 */;

-- Dumping structure for table pwm2.admin
CREATE TABLE IF NOT EXISTS `admin` (
  `id` int(11) NOT NULL AUTO_INCREMENT,
  `username` varchar(255) NOT NULL,
  `password` varchar(255) NOT NULL,
  PRIMARY KEY (`id`)
) ENGINE=InnoDB AUTO_INCREMENT=3 DEFAULT CHARSET=utf8mb4;

-- Dumping data for table pwm2.admin: ~2 rows (approximately)
/*!40000 ALTER TABLE `admin` DISABLE KEYS */;
INSERT INTO `admin` (`id`, `username`, `password`) VALUES
	(1, 'admin', '$2y$10$4IDLRWJHD17qZnAhDOw92.T.KWXkmrxa95ARbd45bhQ2gb/l1US3S'),
	(2, 'admin2', '$2y$10$7uncCHVKpVWWoztznVQIuuzOF.kmeoSaJAOvNrI1VbFDmQMZ/LF0e');
/*!40000 ALTER TABLE `admin` ENABLE KEYS */;

-- Dumping structure for table pwm2.bom
CREATE TABLE IF NOT EXISTS `bom` (
  `bom_id` int(11) NOT NULL AUTO_INCREMENT,
  `bom_item_id` varchar(255) NOT NULL,
  `bom_material_id` varchar(255) DEFAULT NULL,
  `bom_quantity` float NOT NULL DEFAULT 0,
  `bom_divisi_id` int(11) DEFAULT NULL,
  PRIMARY KEY (`bom_id`),
  KEY `fk_bom_item` (`bom_item_id`),
  KEY `fk_bom_material` (`bom_material_id`),
  KEY `fk_bom_divisi` (`bom_divisi_id`)
) ENGINE=InnoDB AUTO_INCREMENT=953 DEFAULT CHARSET=utf8mb4;

-- Dumping data for table pwm2.bom: ~871 rows (approximately)
/*!40000 ALTER TABLE `bom` DISABLE KEYS */;
INSERT INTO `bom` (`bom_id`, `bom_item_id`, `bom_material_id`, `bom_quantity`, `bom_divisi_id`) VALUES
	(1, '1LOCCTI491616S', '3STR20U200M500', 0.57, 3),
	(14, '1EXPCTIB518002', '2LVL013M8SE001', 0.4552, 1),
	(15, '1EXPCTIB518002', '3GLUHDTBONDLAP', 0.0039, 1),
	(16, '1EXPCTIB518002', '3GLUTCBONDL558', 0.0393, 1),
	(17, '1EXPCTIB518002', '3GLUWBNBOND001', 0.9426, 1),
	(18, '1EXPCTIB518002', '3MDF0006E20001', 0.0007, 3),
	(19, '1EXPCTIB518002', '3MDF0012E20001', 0.0005, 3),
	(20, '1EXPCTIB518002', '3PLY0015SG0001', 0.0048, 3),
	(21, '1EXPCTIB518002', '3WODRIMBA00001', 0.0001, 3),
	(22, '1EXPCTIB620001', '2LVL013M8SE001', 0.3151, 1),
	(23, '1EXPCTIB620001', '3GLUHDTBONDLAP', 0.0026, 1),
	(24, '1EXPCTIB620001', '3GLUTCBONDL558', 0.0263, 1),
	(25, '1EXPCTIB620001', '3MDF0006E20001', 0.0005, 3),
	(26, '1EXPCTIB620001', '3MDF0012E20001', 0.0004, 3),
	(27, '1EXPCTIB620001', '3PLY0015SG0001', 0.0032, 3),
	(28, '1EXPCTIB620001', '3WODRIMBA00001', 0.0001, 3),
	(29, '1EXPCTIB620003', '2LVL013M8SE001', 0.3723, 1),
	(30, '1EXPCTIB620003', '3GLUHDTBONDLAP', 0.0032, 1),
	(31, '1EXPCTIB620003', '3GLUTCBONDL558', 0.0317, 1),
	(32, '1EXPCTIB620003', '3MDF0006E20001', 0.0006, 3),
	(33, '1EXPCTIB620003', '3MDF0012E20001', 0.0005, 3),
	(34, '1EXPCTIB620003', '3PLY0015SG0001', 0.0044, 3),
	(35, '1EXPCTIB620003', '3WODRIMBA00001', 0.0001, 3),
	(37, '1EXPCTIB623002', '3GLUHDTBONDLAP', 0.0012, 1),
	(38, '1EXPCTIB623002', '3GLUTCBONDL558', 0.0121, 1),
	(39, '1EXPCTIB623002', '3GLUWBNBOND001', 0.2905, 1),
	(40, '1EXPCTIB623002', '3MDF0006E20001', 0.0004, 3),
	(41, '1EXPCTIB623002', '3MDF0012E20001', 0.0003, 3),
	(42, '1EXPCTIB623002', '3PLY0015SG0001', 0.0016, 3),
	(43, '1EXPCTIB623002', '3WODRIMBA00001', 0.0046, 3),
	(44, '1EXPCTIB623003', '2LVL013M8SE001', 0.2926, 1),
	(45, '1EXPCTIB623003', '3GLUHDTBONDLAP', 0.0024, 1),
	(46, '1EXPCTIB623003', '3GLUTCBONDL558', 0.0242, 1),
	(47, '1EXPCTIB623003', '3GLUWBNBOND001', 0.043, 1),
	(48, '1EXPCTIB623003', '3MDF0006E20001', 0.0004, 3),
	(49, '1EXPCTIB623003', '3MDF0012E20001', 0.0003, 3),
	(50, '1EXPCTIB623003', '3PLY0015SG0001', 0.0029, 3),
	(51, '1EXPCTIB623003', '3WODRIMBA00001', 0.0008, 3),
	(52, '1EXPCTIBB00001', '2LVL013M8SE001', 0.3724, 1),
	(53, '1EXPCTIBB00001', '3GLUHDTBONDLAP', 0.0032, 1),
	(54, '1EXPCTIBB00001', '3GLUTCBONDL558', 0.031, 1),
	(55, '1EXPCTIBB00001', '3GLUWBNBOND001', 0.0564, 1),
	(56, '1EXPCTIBB00001', '3MDF0006E20001', 0.0006, 3),
	(57, '1EXPCTIBB00001', '3MDF0012E20001', 0.0004, 3),
	(58, '1EXPCTIBB00001', '3PLY0015SG0001', 0.0038, 3),
	(59, '1EXPCTIBB00001', '3WODRIMBA00001', 0.0001, 3),
	(60, '1EXPCTIBB00002', '2LVL013M8SE001', 0.2926, 1),
	(61, '1EXPCTIBB00002', '3GLUHDTBONDLAP', 0.0024, 1),
	(62, '1EXPCTIBB00002', '3GLUTCBONDL558', 0.0242, 1),
	(63, '1EXPCTIBB00002', '3GLUWBNBOND001', 0.043, 1),
	(64, '1EXPCTIBB00002', '3MDF0006E20001', 0.0005, 3),
	(65, '1EXPCTIBB00002', '3MDF0012E20001', 0.0004, 3),
	(66, '1EXPCTIBB00002', '3PLY0015SG0001', 0.0033, 3),
	(67, '1EXPCTIBB00002', '3WODRIMBA00001', 0.0001, 3),
	(68, '1EXPCTIS3S0001', '2LVL013M8SE001', 0.3151, 1),
	(69, '1EXPCTIS3S0001', '3GLUHDTBONDLAP', 0.0026, 1),
	(70, '1EXPCTIS3S0001', '3GLUTCBONDL558', 0.0263, 1),
	(71, '1EXPCTIS3S0001', '3MDF0006E20001', 0.0005, 3),
	(72, '1EXPCTIS3S0001', '3MDF0012E20001', 0.0004, 3),
	(73, '1EXPCTIS3S0001', '3PLY0015SG0001', 0.0032, 3),
	(74, '1EXPCTIS3S0001', '3WODRIMBA00001', 0.0001, 3),
	(75, '1EXPCTIS3S0002', '2LVL013M8SE001', 0.4552, 1),
	(76, '1EXPCTIS3S0002', '3GLUHDTBONDLAP', 0.0039, 1),
	(77, '1EXPCTIS3S0002', '3GLUTCBONDL558', 0.0395, 1),
	(78, '1EXPCTIS3S0002', '3GLUWBNBOND001', 0.0702, 1),
	(79, '1EXPCTIS3S0002', '3MDF0006E20001', 0.0007, 3),
	(80, '1EXPCTIS3S0002', '3MDF0012E20001', 0.0005, 3),
	(81, '1EXPCTIS3S0002', '3PLY0015SG0001', 0.0048, 3),
	(82, '1EXPCTIS3S0002', '3WODRIMBA00001', 0.0001, 3),
	(83, '1EXPCTIS3S0003', '2LVL013M8SE001', 0.5121, 1),
	(84, '1EXPCTIS3S0003', '3GLUHDTBONDLAP', 0.0041, 1),
	(85, '1EXPCTIS3S0003', '3GLUTCBONDL558', 0.0414, 1),
	(86, '1EXPCTIS3S0003', '3GLUWBNBOND001', 0.9926, 1),
	(87, '1EXPCTIS3S0003', '3MDF0006E20001', 0.0008, 3),
	(88, '1EXPCTIS3S0003', '3MDF0012E20001', 0.0006, 3),
	(89, '1EXPCTIS3S0003', '3PLY0015SG0001', 0.0055, 3),
	(90, '1EXPCTIS3S0003', '3WODRIMBA00001', 0.0001, 3),
	(91, '1EXPCTIB518002', '3FLR0000000002', 0.4482, 2),
	(92, '1EXPCTIB518002', '3FLR0000000008', 0.9557, 2),
	(93, '1EXPCTIB518002', '3GLUWB05259PE1', 0.4501, 2),
	(94, '1EXPCTIB518002', '3GLUWBNBOND001', 0.1177, 2),
	(95, '1EXPCTIB518002', '3PNTSEWBWHCW01', 0.0011, 2),
	(96, '1EXPCTIB518002', '3SAN0060WH0001', 0.0001, 2),
	(97, '1EXPCTIB518002', '3SAN0120CL0010', 0.0009, 2),
	(98, '1EXPCTIB518002', '3SAN0150PP0003', 0.0002, 2),
	(99, '1EXPCTIB518002', '3SAN0180PP0004', 0.0002, 2),
	(100, '1EXPCTIB620001', '3FLR0000000002', 0.2766, 2),
	(101, '1EXPCTIB620001', '3FLR0000000008', 0.592, 2),
	(102, '1EXPCTIB620001', '3GLUWB05259PE1', 0.2788, 2),
	(103, '1EXPCTIB620001', '3GLUWBNBOND001', 0.0053, 2),
	(104, '1EXPCTIB620001', '3PNTSEWBWHCW01', 0.0009, 2),
	(105, '1EXPCTIB620001', '3SAN0060WH0001', 0.0001, 2),
	(106, '1EXPCTIB620001', '3SAN0120CL0010', 0.0005, 2),
	(107, '1EXPCTIB620001', '3SAN0150PP0003', 0.0001, 2),
	(108, '1EXPCTIB620001', '3SAN0180PP0004', 0.0001, 2),
	(109, '1EXPCTIB620003', '3FLR0000000002', 0.3702, 2),
	(110, '1EXPCTIB620003', '3FLR0000000008', 0.7893, 2),
	(111, '1EXPCTIB620003', '3GLUWB05259PE1', 0.3717, 2),
	(112, '1EXPCTIB620003', '3GLUWBNBOND001', 0.007, 2),
	(113, '1EXPCTIB620003', '3PNTSEWBWHCW01', 0.0009, 2),
	(114, '1EXPCTIB620003', '3SAN0060WH0001', 0.00008, 2),
	(115, '1EXPCTIB620003', '3SAN0120CL0010', 0.0007, 2),
	(116, '1EXPCTIB620003', '3SAN0150PP0003', 0.0001, 2),
	(117, '1EXPCTIB620003', '3SAN0180PP0004', 0.0001, 2),
	(118, '1EXPCTIB623001', '3SAN0120CL0010', 0.0004, 2),
	(119, '1EXPCTIB623001', '3SAN0150PP0003', 0.0001, 2),
	(120, '1EXPCTIB623001', '3SAN0180PP0004', 0.0001, 2),
	(121, '1EXPCTIB623002', '3FLR0000000002', 0.1461, 2),
	(122, '1EXPCTIB623002', '3FLR0000000008', 0.3116, 2),
	(123, '1EXPCTIB623002', '3GLUWB05259PE1', 0.1467, 2),
	(124, '1EXPCTIB623002', '3GLUWBNBOND001', 0.0027, 2),
	(125, '1EXPCTIB623002', '3PNTSEWBWHCW01', 0.0007, 2),
	(126, '1EXPCTIB623002', '3SAN0060WH0001', 0.0003, 2),
	(127, '1EXPCTIB623002', '3SAN0120CL0010', 0.0003, 2),
	(128, '1EXPCTIB623002', '3SAN0150PP0003', 0.0001, 2),
	(129, '1EXPCTIB623002', '3SAN0180PP0004', 0.0001, 2),
	(130, '1EXPCTIB623003', '3FLR0000000002', 0.2923, 2),
	(131, '1EXPCTIB623003', '3FLR0000000008', 0.6232, 2),
	(132, '1EXPCTIB623003', '3GLUWB05259PE1', 0.2935, 2),
	(133, '1EXPCTIB623003', '3GLUWBNBOND001', 0.0054, 2),
	(134, '1EXPCTIB623003', '3PNTSEWBWHCW01', 0.0007, 2),
	(135, '1EXPCTIB623003', '3SAN0060WH0001', 0.0006, 2),
	(136, '1EXPCTIB623003', '3SAN0120CL0010', 0.0005, 2),
	(137, '1EXPCTIB623003', '3SAN0150PP0003', 0.0001, 2),
	(138, '1EXPCTIB623003', '3SAN0180PP0004', 0.0001, 2),
	(139, '1EXPCTIBB00001', '3FLR0000000002', 0.3702, 2),
	(140, '1EXPCTIBB00001', '3FLR0000000008', 0.7893, 2),
	(141, '1EXPCTIBB00001', '3GLUWB05259PE1', 0.3717, 2),
	(142, '1EXPCTIBB00001', '3GLUWBNBOND001', 0.0007, 2),
	(143, '1EXPCTIBB00001', '3PNTSEWBWHCW01', 0.0009, 2),
	(144, '1EXPCTIBB00001', '3SAN0060WH0001', 0.0008, 2),
	(145, '1EXPCTIBB00001', '3SAN0120CL0010', 0.0007, 2),
	(146, '1EXPCTIBB00001', '3SAN0150PP0003', 0.0001, 2),
	(147, '1EXPCTIBB00001', '3SAN0180PP0004', 0.0001, 2),
	(148, '1EXPCTIBB00002', '3FLR0000000002', 0.2922, 2),
	(149, '1EXPCTIBB00002', '3FLR0000000008', 0.6231, 2),
	(150, '1EXPCTIBB00002', '3GLUWB05259PE1', 0.2934, 2),
	(151, '1EXPCTIBB00002', '3GLUWBNBOND001', 0.0054, 2),
	(152, '1EXPCTIBB00002', '3PNTSEWBWHCW01', 0.0007, 2),
	(153, '1EXPCTIBB00002', '3SAN0060WH0001', 0.0006, 2),
	(154, '1EXPCTIBB00002', '3SAN0120CL0010', 0.0005, 2),
	(155, '1EXPCTIBB00002', '3SAN0150PP0003', 0.0001, 2),
	(156, '1EXPCTIBB00002', '3SAN0180PP0004', 0.0001, 2),
	(157, '1EXPCTIS3S0001', '3FLR0000000002', 0.3142, 2),
	(158, '1EXPCTIS3S0001', '3FLR0000000008', 0.6699, 2),
	(159, '1EXPCTIS3S0001', '3GLUWB05259PE1', 0.3155, 2),
	(160, '1EXPCTIS3S0001', '3GLUWBNBOND001', 0.0059, 2),
	(161, '1EXPCTIS3S0001', '3PNTSEWBWHCW01', 0.0007, 2),
	(162, '1EXPCTIS3S0001', '3SAN0060WH0001', 0.0001, 2),
	(163, '1EXPCTIS3S0001', '3SAN0120CL0010', 0.0006, 2),
	(164, '1EXPCTIS3S0001', '3SAN0150PP0003', 0.0001, 2),
	(165, '1EXPCTIS3S0001', '3SAN0180PP0004', 0.0001, 2),
	(166, '1EXPCTIS3S0002', '3FLR0000000002', 0.4506, 2),
	(167, '1EXPCTIS3S0002', '3FLR0000000008', 0.9607, 2),
	(168, '1EXPCTIS3S0002', '3GLUWB05259PE1', 0.4524, 2),
	(169, '1EXPCTIS3S0002', '3GLUWBNBOND001', 0.0088, 2),
	(170, '1EXPCTIS3S0002', '3PNTSEWBWHCW01', 0.0011, 2),
	(171, '1EXPCTIS3S0002', '3SAN0060WH0001', 0.0001, 2),
	(172, '1EXPCTIS3S0002', '3SAN0120CL0010', 0.0009, 2),
	(173, '1EXPCTIS3S0002', '3SAN0150PP0003', 0.0002, 2),
	(174, '1EXPCTIS3S0002', '3SAN0180PP0004', 0.0002, 2),
	(175, '1EXPCTIS3S0003', '3FLR0000000002', 0.4701, 2),
	(176, '1EXPCTIS3S0003', '3FLR0000000008', 1.0023, 2),
	(177, '1EXPCTIS3S0003', '3GLUWB05259PE1', 0.472, 2),
	(178, '1EXPCTIS3S0003', '3GLUWBNBOND001', 0.1241, 2),
	(179, '1EXPCTIS3S0003', '3PNTSEWBWHCW01', 0.0011, 2),
	(180, '1EXPCTIS3S0003', '3SAN0060WH0001', 0.0001, 2),
	(181, '1EXPCTIS3S0003', '3SAN0120CL0010', 0.0009, 2),
	(182, '1EXPCTIS3S0003', '3SAN0150PP0003', 0.0002, 2),
	(183, '1EXPCTIS3S0003', '3SAN0180PP0004', 0.0002, 2),
	(184, '1EXPCTIB518002', '3ISOPB00610001', 0.4577, 3),
	(185, '1EXPCTIB518002', '3LYR05P040A1KG', 0.0149, 3),
	(186, '1EXPCTIB518002', '3LYRM5F1K2S001', 0.0345, 3),
	(187, '1EXPCTIB518002', '3MTPBRFENCWH04', 0.0295, 3),
	(188, '1EXPCTIB518002', '3PLB03H080D1K0', 0.0307, 3),
	(189, '1EXPCTIB518002', '3PPB15YL000002', 0.1516, 3),
	(190, '1EXPCTIB518002', '3REFNA000F25MO', 0.343, 3),
	(191, '1EXPCTIB518002', '3REFNACOIL5001', 0.686, 3),
	(192, '1EXPCTIB518002', '3STR20U200M500', 0.7138, 3),
	(193, '1EXPCTIB620001', '3ISOPB00610001', 0.0037, 3),
	(194, '1EXPCTIB620001', '3LYR05P040A1KG', 0.0127, 3),
	(195, '1EXPCTIB620001', '3LYRM5F1K2S001', 0.0001, 3),
	(196, '1EXPCTIB620001', '3MTPBRFENCWH04', 0.0217, 3),
	(197, '1EXPCTIB620001', '3PLB03H080D1K0', 0.0223, 3),
	(198, '1EXPCTIB620001', '3PPB15YL000002', 0.0998, 3),
	(199, '1EXPCTIB620001', '3REFNA000F25MO', 0.2385, 3),
	(200, '1EXPCTIB620001', '3REFNACOIL5001', 0.477, 3),
	(201, '1EXPCTIB620001', '3STR20U200M500', 0.6136, 3),
	(202, '1EXPCTIB620003', '3ISOPB00610001', 0.4157, 3),
	(203, '1EXPCTIB620003', '3LYR05P040A1KG', 0.0138, 3),
	(204, '1EXPCTIB620003', '3LYRM5F1K2S001', 0.0319, 3),
	(205, '1EXPCTIB620003', '3MTPBRFENCWH04', 0.0273, 3),
	(206, '1EXPCTIB620003', '3PLB03H080D1K0', 0.0279, 3),
	(207, '1EXPCTIB620003', '3PPB15YL000002', 0.1328, 3),
	(208, '1EXPCTIB620003', '3REFNA000F25MO', 0.3175, 3),
	(209, '1EXPCTIB620003', '3REFNACOIL5001', 0.6351, 3),
	(210, '1EXPCTIB620003', '3STR20U200M500', 0.6475, 3),
	(211, '1EXPCTIB623002', '3ISOPB00610001', 0.1803, 3),
	(212, '1EXPCTIB623002', '3LYR05P040A1KG', 0.0077, 3),
	(213, '1EXPCTIB623002', '3LYRM5F1K2S001', 0.0137, 3),
	(214, '1EXPCTIB623002', '3MTPBRFENCWH04', 0.0106, 3),
	(215, '1EXPCTIB623002', '3PLB03H080D1K0', 0.0114, 3),
	(216, '1EXPCTIB623002', '3PPB15YL000002', 0.0468, 3),
	(217, '1EXPCTIB623002', '3REFNA000F25MO', 0.1059, 3),
	(218, '1EXPCTIB623002', '3REFNACOIL5001', 0.2119, 3),
	(219, '1EXPCTIB623002', '3STR20U200M500', 0.4982, 3),
	(220, '1EXPCTIB623003', '3ISOPB00610001', 0.2816, 3),
	(221, '1EXPCTIB623003', '3LYR05P040A1KG', 0.0092, 3),
	(222, '1EXPCTIB623003', '3LYRM5F1K2S001', 0.0212, 3),
	(223, '1EXPCTIB623003', '3MTPBRFENCWH04', 0.0182, 3),
	(224, '1EXPCTIB623003', '3PLB03H080D1K0', 0.0189, 3),
	(225, '1EXPCTIB623003', '3PPB15YL000002', 0.0933, 3),
	(226, '1EXPCTIB623003', '3REFNA000F25MO', 0.211, 3),
	(227, '1EXPCTIB623003', '3REFNACOIL5001', 0.4222, 3),
	(228, '1EXPCTIB623003', '3STR20U200M500', 0.5433, 3),
	(229, '1EXPCTIBB00001', '3ISOPB00610001', 0.3666, 3),
	(230, '1EXPCTIBB00001', '3LYR05P040A1KG', 0.0119, 3),
	(231, '1EXPCTIBB00001', '3LYRM5F1K2S001', 0.0276, 3),
	(232, '1EXPCTIBB00001', '3MTPBRFENCWH04', 0.0236, 3),
	(233, '1EXPCTIBB00001', '3PLB03H080D1K0', 0.0245, 3),
	(234, '1EXPCTIBB00001', '3PPB15YL000002', 0.1217, 3),
	(235, '1EXPCTIBB00001', '3REFNA000F25MO', 0.2744, 3),
	(236, '1EXPCTIBB00001', '3REFNACOIL5001', 0.5488, 3),
	(237, '1EXPCTIBB00001', '3STR20U200M500', 0.0627, 3),
	(238, '1EXPCTIBB00002', '3ISOPB00610001', 0.3084, 3),
	(239, '1EXPCTIBB00002', '3LYR05P040A1KG', 0.0102, 3),
	(240, '1EXPCTIBB00002', '3LYRM5F1K2S001', 0.0235, 3),
	(241, '1EXPCTIBB00002', '3MTPBRFENCWH04', 0.0202, 3),
	(242, '1EXPCTIBB00002', '3PLB03H080D1K0', 0.0207, 3),
	(243, '1EXPCTIBB00002', '3PPB15YL000002', 0.0994, 3),
	(244, '1EXPCTIBB00002', '3REFNA000F25MO', 0.2345, 3),
	(245, '1EXPCTIBB00002', '3REFNACOIL5001', 0.4691, 3),
	(246, '1EXPCTIBB00002', '3STR20U200M500', 0.5542, 3),
	(247, '1EXPCTIS3S0001', '3ISOPB00610001', 0.0034, 3),
	(248, '1EXPCTIS3S0001', '3LYR05P040A1KG', 0.0101, 3),
	(249, '1EXPCTIS3S0001', '3LYRM5F1K2S001', 0.0235, 3),
	(250, '1EXPCTIS3S0001', '3MTPBRFENCWH04', 0.0201, 3),
	(251, '1EXPCTIS3S0001', '3PLB03H080D1K0', 0.0209, 3),
	(252, '1EXPCTIS3S0001', '3PPB15YL000002', 0.1027, 3),
	(253, '1EXPCTIS3S0001', '3REFNA000F25MO', 0.2333, 3),
	(254, '1EXPCTIS3S0001', '3REFNACOIL5001', 0.4667, 3),
	(255, '1EXPCTIS3S0001', '3STR20U200M500', 0.5692, 3),
	(256, '1EXPCTIS3S0002', '3ISOPB00610001', 0.0051, 3),
	(257, '1EXPCTIS3S0002', '3LYR05P040A1KG', 0.0149, 3),
	(258, '1EXPCTIS3S0002', '3LYRM5F1K2S001', 0.0001, 3),
	(259, '1EXPCTIS3S0002', '3MTPBRFENCWH04', 0.0295, 3),
	(260, '1EXPCTIS3S0002', '3PLB03H080D1K0', 0.0307, 3),
	(261, '1EXPCTIS3S0002', '3PPB15YL000002', 0.1519, 3),
	(262, '1EXPCTIS3S0002', '3REFNA000F25MO', 0.343, 3),
	(263, '1EXPCTIS3S0002', '3REFNACOIL5001', 0.686, 3),
	(264, '1EXPCTIS3S0002', '3STR20U200M500', 0.7153, 3),
	(265, '1EXPCTIS3S0003', '3ISOPB00610001', 0.5207, 3),
	(266, '1EXPCTIS3S0003', '3LYR05P040A1KG', 0.017, 3),
	(267, '1EXPCTIS3S0003', '3LYRM5F1K2S001', 0.0394, 3),
	(268, '1EXPCTIS3S0003', '3MTPBRFENCWH04', 0.0337, 3),
	(269, '1EXPCTIS3S0003', '3PLB03H080D1K0', 0.0353, 3),
	(270, '1EXPCTIS3S0003', '3PPB15YL000002', 0.1711, 3),
	(271, '1EXPCTIS3S0003', '3REFNA000F25MO', 0.392, 3),
	(272, '1EXPCTIS3S0003', '3REFNACOIL5001', 0.784, 3),
	(273, '1EXPCTIS3S0003', '3STR20U200M500', 0.7547, 3),
	(274, '1EXPCTIB620003', '3STKCPNABHLFCT', 2, 3),
	(275, '1EXPCTIB623003', '3STKCPNABHLFCT', 2, 3),
	(276, '1EXPCTIB623004', '2LVL013M8SE001', 0.2926, 1),
	(277, '1EXPCTIB623004', '3GLUHDTBONDLAP', 0.0024, 1),
	(278, '1EXPCTIB623004', '3GLUTCBONDL558', 0.0242, 1),
	(279, '1EXPCTIB623004', '3GLUWBNBOND001', 0.5809, 1),
	(280, '1EXPCTIB623004', '2WODS3S0000001', 1, 2),
	(281, '1EXPCTIB623004', '3FLR0000000002', 0.2923, 2),
	(282, '1EXPCTIB623004', '3FLR0000000008', 0.6232, 2),
	(283, '1EXPCTIB623004', '3GLUWB05259PE1', 0.2923, 2),
	(284, '1EXPCTIB623004', '3GLUWBNBOND001', 0.0726, 2),
	(285, '1EXPCTIB623004', '3PNTSEWBWHCW01', 0.0007, 2),
	(286, '1EXPCTIB623004', '3SAN0060WH0001', 0.0001, 2),
	(287, '1EXPCTIB623004', '3SAN0120CL0010', 0.0005, 2),
	(288, '1EXPCTIB623004', '3SAN0150PP0003', 0.0001, 2),
	(289, '1EXPCTIB623004', '3SAN0180PP0004', 0.0001, 2),
	(290, '1EXPCTIB623004', '3ISOPB00610001', 0.3098, 3),
	(291, '1EXPCTIB623004', '3LYR05P040A1KG', 0.0102, 3),
	(292, '1EXPCTIB623004', '3LYRM5F1K2S001', 0.0236, 3),
	(293, '1EXPCTIB623004', '3MDF0006E20001', 0.0005, 3),
	(294, '1EXPCTIB623004', '3MDF0012E20001', 0.0004, 3),
	(295, '1EXPCTIB623004', '3MTPBRFENCWH04', 0.0202, 3),
	(296, '1EXPCTIB623004', '3PLB03H080D1K0', 0.021, 3),
	(297, '1EXPCTIB623004', '3PPB15YL000002', 0.1007, 3),
	(298, '1EXPCTIB623004', '3REFNA000F25MO', 0.2345, 3),
	(299, '1EXPCTIB623004', '3REFNACOIL5001', 0.4691, 3),
	(300, '1EXPCTIB623004', '3STR20U200M500', 0.5555, 3),
	(301, '1EXPCTIB623004', '3WODRIMBA00001', 0.0001, 3),
	(302, '1LOCCTI491616S', '2WODRST00PN001', 0.0061, 1),
	(303, '1LOCCTI491616S', '3GLUHDTBONDLAP', 0.0072, 1),
	(304, '1LOCCTI491616S', '3GLUTCBONDL558', 0.048, 1),
	(305, '1LOCCTI491616S', '3GLUWBNBOND001', 0.009, 1),
	(306, '1LOCCTI491616S', '2PNTSEWBWHCW01', 0.0039, 2),
	(307, '1LOCCTI491616S', '3FLR0000000002', 0.5422, 2),
	(308, '1LOCCTI491616S', '3GLUWB05259PE1', 0.1741, 2),
	(309, '1LOCCTI491616S', '3PNTSEWBWHCW01', 0.0009, 2),
	(310, '1LOCCTI491616S', '3PUTWDPTPW12', 0.003, 2),
	(311, '1LOCCTI491616S', '3SAN0150PP0003', 0.0001, 2),
	(312, '1LOCCTI491616S', '3SAN0180PP0004', 0.0001, 2),
	(313, '1LOCCTI491616S', '3MDF0006E20001', 0.0006, 3),
	(314, '1LOCCTI491616S', '3MDF0009E20001', 0.0002, 3),
	(315, '1LOCFTCTIB5180', '2LVL013M8SE001', 0.4449, 1),
	(316, '1LOCFTCTIB5180', '3GLUHDTBONDLAP', 0.0039, 1),
	(317, '1LOCFTCTIB5180', '3FLR0000000002', 0.4257, 2),
	(318, '1LOCFTCTIB5180', '3FLR0000000008', 0.9078, 2),
	(319, '1LOCFTCTIB5180', '3GLUWB05259PE1', 0.4275, 2),
	(320, '1LOCFTCTIB5180', '3GLUTCBONDL558', 0.0392, 1),
	(321, '1LOCFTCTIB5180', '3GLUWBNBOND001', 0.0348, 1),
	(322, '1LOCFTCTIB5180', '3GLUWBNBOND001', 0.0087, 2),
	(323, '1LOCFTCTIB5180', '3SAN0120CL0010', 0.0009, 2),
	(324, '1LOCFTCTIB5180', '3SAN0150PP0003', 0.0002, 2),
	(325, '1LOCFTCTIB5180', '3SAN0180PP0004', 0.0002, 2),
	(326, '1LOCFTCTIB5180', '3LYRM5F1K2S001', 0.0001, 3),
	(327, '1LOCFTCTIB5180', '3MDF0006E20001', 0.0007, 3),
	(328, '1LOCFTCTIB5180', '3MDF0012E20001', 0.0005, 3),
	(329, '1LOCFTCTIB5180', '3MTPBRFENCWH04', 0.0295, 3),
	(330, '1LOCFTCTIB5180', '3PLY0015SG0001', 0.0048, 3),
	(331, '1LOCFTCTIB5180', '3PPB15YL000002', 0.1516, 3),
	(332, '1LOCFTCTIB5180', '3REFNA000F25MO', 0.343, 3),
	(333, '1LOCFTCTIB5180', '3REFNACOIL5001', 0.686, 3),
	(334, '1LOCFTCTIB5180', '3STR20U200M500', 0.7138, 3),
	(335, '1LOCCTI1577740', '2LVL013M8SE001', 0.3271, 1),
	(336, '1LOCCTI1577740', '3GLUHDTBONDLAP', 0.0028, 1),
	(337, '1LOCCTI1577740', '3GLUTCBONDL558', 0.0279, 1),
	(338, '1LOCCTI1577740', '3GLUWBNBOND001', 248.748, 1),
	(339, '1LOCCTI1577740', '3FLR0000000002', 0.3171, 2),
	(340, '1LOCCTI1577740', '3FLR0000000008', 0.6762, 2),
	(341, '1LOCCTI1577740', '3GLUWB05259PE1', 0.3184, 2),
	(342, '1LOCCTI1577740', '3GLUWBNBOND001', 0.0062, 2),
	(343, '1LOCCTI1577740', '3SAN0120CL0010', 0.0006, 2),
	(344, '1LOCCTI1577740', '3SAN0150PP0003', 0.0001, 2),
	(345, '1LOCCTI1577740', '3SAN0180PP0004', 0.0001, 2),
	(346, '1LOCCTI1577740', '3LYRM5F1K2S001', 0.0245, 3),
	(347, '1LOCCTI1577740', '3MDF0006E20001', 0.0005, 3),
	(348, '1LOCCTI1577740', '3MDF0012E20001', 0.0004, 3),
	(349, '1LOCCTI1577740', '3MTPBRFENCWH04', 0.0211, 3),
	(350, '1LOCCTI1577740', '3PLY0015SG0001', 0.0032, 3),
	(351, '1LOCCTI1577740', '3PPB15YL000002', 0.1092, 3),
	(352, '1LOCCTI1577740', '3REFNA000F25MO', 0.2479, 3),
	(353, '1LOCCTI1577740', '3REFNACOIL5001', 0.4957, 3),
	(354, '1LOCCTI1577740', '3STR20U200M500', 0.3518, 3),
	(355, '1LOCCTI5163JMB', '2LVL013M8SE001', 0.4449, 1),
	(356, '1LOCCTI5163JMB', '3GLUHDTBONDLAP', 0.0039, 1),
	(357, '1LOCCTI5163JMB', '3GLUTCBONDL558', 0.0394, 1),
	(358, '1LOCCTI5163JMB', '3GLUWBNBOND001', 0.035, 1),
	(359, '1LOCCTI5163JMB', '3FLR0000000002', 0.428, 2),
	(360, '1LOCCTI5163JMB', '3FLR0000000008', 0.9126, 2),
	(361, '1LOCCTI5163JMB', '3GLUWB05259PE1', 0.4297, 2),
	(362, '1LOCCTI5163JMB', '3GLUWBNBOND001', 0.0088, 2),
	(363, '1LOCCTI5163JMB', '3SAN0120CL0010', 0.0009, 2),
	(364, '1LOCCTI5163JMB', '3SAN0150PP0003', 0.0002, 2),
	(365, '1LOCCTI5163JMB', '3SAN0180PP0004', 0.0002, 2),
	(366, '1LOCCTI5163JMB', '3LYRM5F1K2S001', 0.0345, 3),
	(367, '1LOCCTI5163JMB', '3MDF0006E20001', 0.0007, 3),
	(368, '1LOCCTI5163JMB', '3MDF0012E20001', 0.0005, 3),
	(369, '1LOCCTI5163JMB', '3MTPBRFENCWH04', 0.0295, 3),
	(370, '1LOCCTI5163JMB', '3PLY0015SG0001', 0.0048, 3),
	(371, '1LOCCTI5163JMB', '3PPB15YL000002', 0.1519, 3),
	(372, '1LOCCTI5163JMB', '3REFNA000F25MO', 0.343, 3),
	(373, '1LOCCTI5163JMB', '3REFNACOIL5001', 0.686, 3),
	(374, '1LOCCTI5163JMB', '3STKCPNABHLFCT', 4, 3),
	(375, '1LOCCTI5163JMB', '3STR20U200M500', 0.447, 3),
	(376, '1LOCCTI5163JMB', '3ISOPB00610001', 0.4579, 3),
	(377, '1LOCCTI5163JMB', '3LYR05P040A1KG', 0.0149, 3),
	(378, '1LOCCTI5163JMB', '3PLB03H080D1K0', 0.0307, 3),
	(379, '1LOCCTI5163JMB', '3PNTSEWBWHCW01', 0.0011, 2),
	(380, '1LOCCTI5163JMB', '3SAN0060WH0001', 0.0001, 2),
	(381, '1LOCCTI5163JMB', '3WODRIMBA00001', 0.0001, 3),
	(382, '1LOCFTCTIB5180', '3ISOPB00610001', 0.005, 3),
	(383, '1LOCFTCTIB5180', '3LYR05P040A1KG', 0.0149, 3),
	(384, '1LOCFTCTIB5180', '3PLB03H080D1K0', 0.0307, 3),
	(385, '1LOCFTCTIB5180', '3PNTSEWBWHCW01', 0.0011, 2),
	(386, '1LOCFTCTIB5180', '3SAN0060WH0001', 0.0001, 2),
	(387, '1LOCFTCTIB5180', '3WODRIMBA00001', 0.0001, 3),
	(388, '1EXPCTIB620003', '3GLUWBNBOND001', 0.0564, 1),
	(389, '1LOCCTIWGN618M  ', '2LVL013M8SE001', 0.4378, 1),
	(390, '1LOCCTIWGN618M  ', '3GLUHDTBONDLAP', 0.0036, 1),
	(391, '1LOCCTIWGN618M  ', '3GLUTCBONDL558', 0.0363, 1),
	(392, '1LOCCTIWGN618M  ', '3GLUWBNBOND001', 0.0192, 1),
	(393, '1LOCCTIWGN618M  ', '3FLR0000000002', 1.4022, 2),
	(394, '1LOCCTIWGN618M  ', '3FLR0000000008', 0.038, 2),
	(395, '1LOCCTIWGN618M  ', '3GLUWB05259PE1', 0.4503, 2),
	(396, '1LOCCTIWGN618M  ', '3GLUWBNBOND001', 0.007, 2),
	(397, '1LOCCTIWGN618M  ', '3PNTSEWBWHCW01', 0.0011, 2),
	(398, '1LOCCTIWGN618M  ', '3SAN0060WH0001', 0.0001, 2),
	(399, '1LOCCTIWGN618M  ', '3SAN0150PP0003', 0.0002, 2),
	(400, '1LOCCTIWGN618M  ', '3SAN0180PP0004', 0.0002, 2),
	(401, '1LOCCTIWGN618M  ', '3ISOPB00610001', 0.458, 3),
	(402, '1LOCCTIWGN618M  ', '3LYR05P040A1KG', 0.005, 3),
	(403, '1LOCCTIWGN618M  ', '3LYRM5F1K2S001', 0.0001, 3),
	(404, '1LOCCTIWGN618M  ', '3MDF0006E20001', 0.0007, 3),
	(405, '1LOCCTIWGN618M  ', '3MDF0012E20001', 0.0005, 3),
	(406, '1LOCCTIWGN618M  ', '3MTPBRFENCWH04', 0.0295, 3),
	(407, '1LOCCTIWGN618M  ', '3PLB03H080D1K0', 0.0307, 3),
	(408, '1LOCCTIWGN618M  ', '3PLY0015SG0001', 0.0047, 3),
	(409, '1LOCCTIWGN618M  ', '3PPB15YL000002', 0.1519, 3),
	(410, '1LOCCTIWGN618M  ', '3REFNA000F25MO', 0.343, 3),
	(411, '1LOCCTIWGN618M  ', '3REFNACOIL5001', 0.686, 3),
	(412, '1LOCCTIWGN618M  ', '3STR20U200M500', 0.7137, 3),
	(413, '1LOCCTIWGN618M  ', '3WODRIMBA00001', 0.0001, 3),
	(414, '1EXPCTIB620002', '2LVL013M8SE001', 0.1862, 1),
	(415, '1EXPCTIB620002', '3GLUHDTBONDLAP', 0.0016, 1),
	(416, '1EXPCTIB620002', '3GLUTCBONDL558', 0.0159, 1),
	(417, '1EXPCTIB620002', '3GLUWBNBOND001', 0.0282, 1),
	(418, '1EXPCTIB620002', '3FLR0000000002', 0.1851, 2),
	(419, '1EXPCTIB620002', '3FLR0000000008', 0.3947, 2),
	(420, '1EXPCTIB620002', '3GLUWB05259PE1', 0.1859, 2),
	(421, '1EXPCTIB620002', '3GLUWBNBOND001', 0.0035, 2),
	(422, '1EXPCTIB620002', '3PNTSEWBWHCW01', 0.0009, 2),
	(423, '1EXPCTIB620002', '3SAN0060WH0001', 0.0001, 2),
	(424, '1EXPCTIB620002', '3SAN0120CL0010', 0.0004, 2),
	(425, '1EXPCTIB620002', '3SAN0150PP0003', 0.0001, 2),
	(426, '1EXPCTIB620002', '3SAN0180PP0004', 0.0001, 2),
	(427, '1EXPCTIB620002', '3ISOPB00610001', 0.0029, 3),
	(428, '1EXPCTIB620002', '3LYR05P040A1KG', 0.0115, 3),
	(429, '1EXPCTIB620002', '3LYRM5F1K2S001', 0.0001, 3),
	(430, '1EXPCTIB620002', '3MDF0006E20001', 0.0006, 3),
	(431, '1EXPCTIB620002', '3MDF0012E20001', 0.0005, 3),
	(432, '1EXPCTIB620002', '3MTPBRFENCWH04', 0.016, 3),
	(433, '1EXPCTIB620002', '3PLB03H080D1K0', 0.0166, 3),
	(434, '1EXPCTIB620002', '3PLY0015SG0001', 0.0026, 3),
	(435, '1EXPCTIB620002', '3PPB15YL000002', 0.0667, 3),
	(436, '1EXPCTIB620002', '3REFNA000F25MO', 0.1594, 3),
	(437, '1EXPCTIB620002', '3REFNACOIL5001', 0.3189, 3),
	(438, '1EXPCTIB620002', '3STKCPNABHLFCT', 0.1, 3),
	(439, '1EXPCTIB620002', '3STR20U200M500', 0.5798, 3),
	(440, '1EXPCTIB620002', '3WODRIMBA00001', 0.0001, 3),
	(441, '1EXPCTIB618001', '2LVL013M8SE001', 0.4552, 1),
	(442, '1EXPCTIB618001', '3GLUHDTBONDLAP', 0.0039, 1),
	(443, '1EXPCTIB618001', '3GLUTCBONDL558', 0.0392, 1),
	(444, '1EXPCTIB618001', '3GLUWBNBOND001', 0.9419, 1),
	(445, '1EXPCTIB618001', '3FLR0000000002', 0.4482, 2),
	(446, '1EXPCTIB618001', '3FLR0000000008', 0.9556, 2),
	(447, '1EXPCTIB618001', '3GLUWB05259PE1', 0.45, 2),
	(448, '1EXPCTIB618001', '3GLUWBNBOND001', 0.1177, 2),
	(449, '1EXPCTIB618001', '3PNTSEWBWHCW01', 0.0011, 2),
	(450, '1EXPCTIB618001', '3SAN0060WH0001', 0.0001, 2),
	(451, '1EXPCTIB618001', '3SAN0120CL0010', 0.0009, 2),
	(452, '1EXPCTIB618001', '3SAN0150PP0003', 0.0002, 2),
	(453, '1EXPCTIB618001', '3SAN0180PP0004', 0.0002, 2),
	(454, '1EXPCTIB618001', '3ISOPB00610001', 0.4576, 3),
	(455, '1EXPCTIB618001', '3LYR05P040A1KG', 0.0149, 3),
	(456, '1EXPCTIB618001', '3LYRM5F1K2S001', 0.0345, 3),
	(457, '1EXPCTIB618001', '3MDF0006E20001', 0.0007, 3),
	(458, '1EXPCTIB618001', '3MDF0012E20001', 0.0005, 3),
	(459, '1EXPCTIB618001', '3MTPBRFENCWH04', 0.0295, 3),
	(460, '1EXPCTIB618001', '3PLB03H080D1K0', 0.0307, 3),
	(461, '1EXPCTIB618001', '3PLY0015SG0001', 0.0048, 3),
	(462, '1EXPCTIB618001', '3PPB15YL000002', 0.1516, 3),
	(463, '1EXPCTIB618001', '3REFNA000F25MO', 0.343, 3),
	(464, '1EXPCTIB618001', '3REFNACOIL5001', 0.686, 3),
	(465, '1EXPCTIB618001', '3STR20U200M500', 0.7136, 3),
	(466, '1EXPCTIB618001', '3WODRIMBA00001', 0.0001, 3),
	(467, '1EXPCTIB623001', '2LVL013M8SE001', 0.1862, 1),
	(468, '1EXPCTIB623001', '3GLUHDTBONDLAP', 0.0018, 1),
	(469, '1EXPCTIB623001', '3GLUTCBONDL558', 0.0159, 1),
	(470, '1EXPCTIB623001', '3GLUWBNBOND001', 0.0282, 1),
	(471, '1EXPCTIB623001', '3FLR0000000002', 0.2192, 2),
	(472, '1EXPCTIB623001', '3FLR0000000008', 0.4674, 2),
	(473, '1EXPCTIB623001', '3GLUWB05259PE1', 0.2201, 2),
	(474, '1EXPCTIB623001', '3GLUWBNBOND001', 0.004, 2),
	(475, '1EXPCTIB623001', '3PNTSEWBWHCW01', 0.0007, 2),
	(476, '1EXPCTIB623001', '3SAN0060WH0001', 0.0001, 2),
	(477, '1EXPCTIB623001', '3ISOPB00610001', 0.0029, 3),
	(478, '1EXPCTIB623001', '3LYR05P040A1KG', 0.0115, 3),
	(479, '1EXPCTIB623001', '3LYRM5F1K2S001', 0.0001, 3),
	(480, '1EXPCTIB623001', '3MDF0006E20001', 0.0006, 3),
	(481, '1EXPCTIB623001', '3MDF0012E20001', 0.0005, 3),
	(482, '1EXPCTIB623001', '3MTPBRFENCWH04', 0.016, 3),
	(483, '1EXPCTIB623001', '3PLB03H080D1K0', 0.0166, 3),
	(484, '1EXPCTIB623001', '3PLY0015SG0001', 0.0026, 3),
	(485, '1EXPCTIB623001', '3PPB15YL000002', 0.0667, 3),
	(486, '1EXPCTIB623001', '3REFNA000F25MO', 0.1594, 3),
	(487, '1EXPCTIB623001', '3REFNACOIL5001', 0.3189, 3),
	(488, '1EXPCTIB623001', '3STKCPNABHLFCT', 0.1, 3),
	(489, '1EXPCTIB623001', '3STR20U200M500', 0.5798, 3),
	(490, '1EXPCTIB623001', '3WODRIMBA00001', 0.0001, 3),
	(491, '1EXPCTIB620001', '3GLUWBNBOND001', 0.0423, 1),
	(492, '1EXPCTIB620004', '2LVL013M8SE001', 0.3724, 1),
	(493, '1EXPCTIB620004', '3GLUHDTBONDLAP', 0.0032, 1),
	(494, '1EXPCTIB620004', '3GLUTCBONDL558', 0.0317, 1),
	(495, '1EXPCTIB620004', '3GLUWBNBOND001', 0.0564, 1),
	(496, '1EXPCTIB620004', '3FLR0000000002', 0.3702, 2),
	(497, '1EXPCTIB620004', '3FLR0000000008', 0.7893, 2),
	(498, '1EXPCTIB620004', '3GLUWB05259PE1', 0.3717, 2),
	(499, '1EXPCTIB620004', '3PNTSEWBWHCW01', 0.0009, 2),
	(500, '1EXPCTIB620004', '3SAN0060WH0001', 0.0001, 2),
	(501, '1EXPCTIB620004', '3SAN0120CL0010', 0.0007, 2),
	(502, '1EXPCTIB620004', '3SAN0150PP0003', 0.0001, 2),
	(503, '1EXPCTIB620004', '3SAN0180PP0004', 0.0001, 2),
	(504, '1EXPCTIB620004', '3ISOPB00610001', 0.0045, 3),
	(505, '1EXPCTIB620004', '3LYR05P040A1KG', 0.0138, 3),
	(506, '1EXPCTIB620004', '3LYRM5F1K2S001', 0.0001, 3),
	(507, '1EXPCTIB620004', '3MDF0006E20001', 0.0006, 3),
	(508, '1EXPCTIB620004', '3MDF0012E20001', 0.0005, 3),
	(509, '1EXPCTIB620004', '3MTPBRFENCWH04', 0.0273, 3),
	(510, '1EXPCTIB620004', '3PLB03H080D1K0', 0.0279, 3),
	(511, '1EXPCTIB620004', '3PLY0015SG0001', 0.0044, 3),
	(512, '1EXPCTIB620004', '3PPB15YL000002', 0.1328, 3),
	(513, '1EXPCTIB620004', '3REFNA000F25MO', 0.3176, 3),
	(514, '1EXPCTIB620004', '3REFNACOIL5001', 0.6352, 3),
	(515, '1EXPCTIB620004', '3STR20U200M500', 0.6475, 3),
	(516, '1EXPCTIB620004', '3WODRIMBA00001', 0.0001, 3),
	(518, '1EXPCTIB620004', '3GLUWBNBOND001', 0.007, 2),
	(519, '1EXPCTIS3S0001', '3GLUWBNBOND001', 0.0468, 1),
	(521, '1LOCCTI491618S', '3FLR0000000002', 0.6485, 2),
	(522, '1LOCCTI491618S', '3GLUWB05259PE1', 0.2082, 2),
	(523, '1LOCCTI491618S', '3PNTSEWBWHCW01', 0.0009, 2),
	(524, '1LOCCTI491618S', '3SAN0150PP0003', 0.0001, 2),
	(525, '1LOCCTI491618S', '3SAN0180PP0004', 0.0001, 2),
	(526, '1LOCCTI491616S', '3PPB15YL000002', 0.1583, 3),
	(528, '1LOCCTI491616S', '3PLY0015SG0001', 0.0014, 3),
	(529, '1LOCCTI491616S', '3REFNA000F25MO', 0.1425, 3),
	(530, '1LOCCTI491616S', '3REFNACOIL5001', 0.285, 3),
	(531, '1LOCCTI491618S', '3ISOPB00610001', 0.3475, 3),
	(532, '1LOCCTI491618S', '3LYR05P040A1KG', 0.0095, 3),
	(533, '1LOCCTI491618S', '3LYRM5F1K2S001', 0.0171, 3),
	(534, '1LOCCTI491618S', '3MTPBRFENCWH04', 0.0114, 3),
	(535, '1LOCCTI491618S', '3PLB03H080D1K0', 0.0152, 3),
	(536, '1LOCCTI491618S', '3PLY0015SG0001', 0.0016, 3),
	(537, '1LOCCTI491618S', '3PPB15YL000002', 0.1583, 3),
	(538, '1LOCCTI491618S', '3REFNACOIL5001', 0.285, 3),
	(539, '1LOCCTI491618S', '2WODRST00PN001', 0.0073, 1),
	(540, '1LOCCTI491618S', '3GLUHDTBONDLAP', 0.0086, 1),
	(541, '1LOCCTI491618S', '3GLUTCBONDL558', 0.057, 1),
	(542, '1LOCCTI491618S', '3GLUWBNBOND001', 0.2, 1),
	(543, '1LOCCTIWGNS555', '2LVL013M8SE001', 0.4, 1),
	(544, '1LOCCTIWGNS555', '3FLR0000000002', 1.1611, 2),
	(546, '1LOCCTIWGNS555', '3GLUTCBONDL558', 0.028, 1),
	(547, '1LOCCTIWGNS555', '3GLUWB05259PE1', 0.3729, 2),
	(548, '1LOCCTIWGNS555', '3GLUWBNBOND001', 0.0245, 1),
	(549, '1LOCCTIWGNS555', '3PNTSEWBWHCW01', 0.0006, 2),
	(552, '1LOCCTIWGNS555', '3SAN0180PP0004', 0.0001, 2),
	(566, '1LOCCTIWGNS557', '2LVL013M8SE001', 0.2926, 1),
	(567, '1LOCCTIWGNS557', '3FLR0000000002', 0.2777, 2),
	(568, '1LOCCTIWGNS557', '3FLR0000000008', 0.592, 2),
	(569, '1LOCCTIWGNS557', '3GLUHDTBONDLAP', 0.0024, 1),
	(570, '1LOCCTIWGNS557', '3GLUTCBONDL558', 0.0242, 1),
	(576, '1LOCCTIWGNS557', '3SAN0150PP0003', 0.0001, 2),
	(579, '1LOCCTIWGNS557', '3ISOPB00610001', 0.0034, 3),
	(580, '1LOCCTIWGNS557', '3LYR05P040A1KG', 0.0102, 3),
	(581, '1LOCCTIWGNS557', '3LYRM5F1K2S001', 0.0001, 3),
	(582, '1LOCCTIWGNS557', '3MDF0006E20001', 0.0005, 3),
	(584, '1LOCCTIWGNS557', '3MTPBRFENCWH04', 0.0202, 3),
	(588, '1LOCCTIWGNS557', '3REFNA000F25MO', 0.2345, 3),
	(590, '1LOCCTIWGNS557', '3STR20U200M500', 0.5555, 3),
	(591, '1LOCCTIWGNS557', '3WODRIMBA00001', 0.0001, 3),
	(593, '1LOCCTIWGNS555', '3ISOPB00610001', 0.2, 3),
	(594, '1LOCCTIWGNS555', '3LYR05P040A1KG', 0.014, 3),
	(595, '1LOCCTIWGNS555', '3MDF0003E20001', 0.0003, 3),
	(597, '1LOCCTIWGNS555', '3MDF0009E20001', 0.0004, 3),
	(598, '1LOCCTIWGNS555', '3MTPBRFENCWH04', 0.032, 3),
	(599, '1LOCCTIWGNS555', '3PLB03H080D1K0', 0.026, 3),
	(601, '1LOCCTIWGNS555', '3PPB15YL000002', 0.1666, 3),
	(603, '1LOCCTIWGNS555', '3REFNACOIL5001', 0.48, 3),
	(605, '1LOCCTIWGNS555', '3WODRIMBA00001', 0, 3),
	(607, '1EXPOIBS624001', '2LVL013M8SE001', 0.308, 1),
	(608, '1EXPOIBS624001', '3GLUHDTBONDLAP', 0.0017, 1),
	(609, '1EXPOIBS624001', '3GLUTCBONDL558', 0.0172, 1),
	(610, '1EXPOIBS624001', '3GLUWBNBOND001', 0.0304, 1),
	(611, '1EXPOIBS624001', '3FLR0000000002', 0.2516, 2),
	(612, '1EXPOIBS624001', '3FLR0000000008', 0.5364, 2),
	(613, '1EXPOIBS624001', '3GLUWB05259PE1', 0.2526, 2),
	(614, '1EXPOIBS624001', '3GLUWBNBOND001', 0.05, 2),
	(615, '1EXPOIBS624001', '3PNTSEWBWHCW01', 0.0005, 2),
	(616, '1EXPOIBS624001', '3SAN0060WH0001', 0.0001, 2),
	(617, '1EXPOIBS624001', '3SAN0120CL0010', 0.0004, 2),
	(618, '1EXPOIBS624001', '3SAN0150PP0003', 0.0001, 2),
	(619, '1EXPOIBS624001', '3SAN0180PP0004', 0.0001, 2),
	(620, '1EXPOIBS624001', '3ISOPB00610001', 0.0026, 3),
	(621, '1EXPOIBS624001', '3LYR05P040A1KG', 0.0079, 3),
	(622, '1EXPOIBS624001', '3LYRM5F1K2S001', 0.0001, 3),
	(623, '1EXPOIBS624001', '3MDF0006E20001', 0.0004, 3),
	(624, '1EXPOIBS624001', '3MDF0012E20001', 0.0003, 3),
	(625, '1EXPOIBS624001', '3MTPBRFENCWH04', 0.0156, 3),
	(626, '1EXPOIBS624001', '3PLB03H080D1K0', 0.0162, 3),
	(627, '1EXPOIBS624001', '3PLY0015SG0001', 0.0025, 3),
	(628, '1EXPOIBS624001', '3PPB15YL000002', 0.0762, 3),
	(629, '1EXPOIBS624001', '3REFNA000F25MO', 0.1815, 3),
	(630, '1EXPOIBS624001', '3REFNACOIL5001', 0.363, 3),
	(631, '1EXPOIBS624001', '3STR20U200M500', 0.2736, 3),
	(632, '1EXPOIBS624001', '3WODRIMBA00001', 0.0001, 3),
	(633, '1EXPCTIB518003', '2LVL013M8SE001', 0.4449, 1),
	(634, '1EXPCTIB518003', '3GLUHDTBONDLAP', 0.0039, 1),
	(635, '1EXPCTIB518003', '3GLUTCBONDL558', 0.0392, 1),
	(636, '1EXPCTIB518003', '3GLUWBNBOND001', 0.0349, 1),
	(637, '1EXPCTIB518003', '3FLR0000000002', 0.4258, 2),
	(638, '1EXPCTIB518003', '3FLR0000000008', 0.9078, 2),
	(639, '1EXPCTIB518003', '3GLUWB05259PE1', 0.4275, 2),
	(640, '1EXPCTIB518003', '3GLUWBNBOND001', 0.0087, 2),
	(641, '1EXPCTIB518003', '3PNTSEWBWHCW01', 0.0011, 2),
	(642, '1EXPCTIB518003', '3SAN0060WH0001', 0.0001, 2),
	(643, '1EXPCTIB518003', '3SAN0120CL0010', 0.0009, 2),
	(644, '1EXPCTIB518003', '3SAN0150PP0003', 0.0002, 2),
	(645, '1EXPCTIB518003', '3SAN0180PP0004', 0.0002, 2),
	(646, '1EXPCTIB518003', '3ISOPB00610001', 0.005, 3),
	(647, '1EXPCTIB518003', '3LYR05P040A1KG', 0.0149, 3),
	(648, '1EXPCTIB518003', '3LYRM5F1K2S001', 0.0001, 3),
	(649, '1EXPCTIB518003', '3MDF0006E20001', 0.0007, 3),
	(650, '1EXPCTIB518003', '3MDF0012E20001', 0.0005, 3),
	(651, '1EXPCTIB518003', '3MTPBRFENCWH04', 0.0295, 3),
	(652, '1EXPCTIB518003', '3PLB03H080D1K0', 0.0307, 3),
	(653, '1EXPCTIB518003', '3PLY0015SG0001', 0.0048, 3),
	(654, '1EXPCTIB518003', '3PPB15YL000002', 0.1516, 3),
	(655, '1EXPCTIB518003', '3REFNA000F25MO', 0.343, 3),
	(656, '1EXPCTIB518003', '3REFNACOIL5001', 0.686, 3),
	(657, '1EXPCTIB518003', '3STR20U200M500', 0.4462, 3),
	(658, '1EXPCTIB518003', '3WODRIMBA00001', 0.0001, 3),
	(659, '1EXPCTIS3S0004', '2LVL013M8SE001', 0.3271, 1),
	(660, '1EXPCTIS3S0004', '3GLUHDTBONDLAP', 0.0028, 1),
	(661, '1EXPCTIS3S0004', '3GLUTCBONDL558', 0.028, 1),
	(662, '1EXPCTIS3S0004', '3GLUWBNBOND001', 0.0249, 1),
	(663, '1EXPCTIS3S0004', '3FLR0000000002', 0.3172, 2),
	(664, '1EXPCTIS3S0004', '3FLR0000000008', 0.6763, 2),
	(665, '1EXPCTIS3S0004', '3GLUWB05259PE1', 0.3185, 2),
	(666, '1EXPCTIS3S0004', '3GLUWBNBOND001', 0.0062, 2),
	(667, '1EXPCTIS3S0004', '3SAN0060WH0001', 0.0001, 2),
	(668, '1EXPCTIS3S0004', '3SAN0120CL0010', 0.0004, 2),
	(669, '1EXPCTIS3S0004', '3SAN0150PP0003', 0.0001, 2),
	(670, '1EXPCTIS3S0004', '3SAN0180PP0004', 0.0001, 2),
	(671, '1EXPCTIS3S0004', '3ISOPB00610001', 0.0036, 3),
	(672, '1EXPCTIS3S0004', '3LYR05P040A1KG', 0.0103, 3),
	(673, '1EXPCTIS3S0004', '3LYRM5F1K2S001', 0.0001, 3),
	(674, '1EXPCTIS3S0004', '3MDF0006E20001', 0.0005, 3),
	(675, '1EXPCTIS3S0004', '3MDF0012E20001', 0.0004, 3),
	(676, '1EXPCTIS3S0004', '3MTPBRFENCWH04', 0.0211, 3),
	(677, '1EXPCTIS3S0004', '3PLB03H080D1K0', 0.0219, 3),
	(678, '1EXPCTIS3S0004', '3PLY0015SG0001', 0.0032, 3),
	(679, '1EXPCTIS3S0004', '3PPB15YL000002', 0.1092, 3),
	(680, '1EXPCTIS3S0004', '3REFNA000F25MO', 0.2479, 3),
	(681, '1EXPCTIS3S0004', '3REFNACOIL5001', 0.4957, 3),
	(682, '1EXPCTIS3S0004', '3STR20U200M500', 0.3518, 3),
	(683, '1EXPCTIS3S0004', '3WODRIMBA00001', 0.0001, 3),
	(684, '1EXPCTIB516301', '2LVL013M8SE001', 0.4449, 1),
	(685, '1EXPCTIB516301', '3GLUHDTBONDLAP', 0.0039, 1),
	(686, '1EXPCTIB516301', '3GLUTCBONDL558', 0.0394, 1),
	(687, '1EXPCTIB516301', '3GLUWBNBOND001', 0.0351, 1),
	(688, '1EXPCTIB516301', '3FLR0000000002', 0.428, 2),
	(689, '1EXPCTIB516301', '3FLR0000000008', 0.9126, 2),
	(690, '1EXPCTIB516301', '3GLUWB05259PE1', 0.4298, 2),
	(691, '1EXPCTIB516301', '3GLUWBNBOND001', 0.0088, 2),
	(692, '1EXPCTIB516301', '3PNTSEWBWHCW01', 0.0011, 2),
	(693, '1EXPCTIB516301', '3SAN0060WH0001', 0.0001, 2),
	(694, '1EXPCTIB516301', '3SAN0120CL0010', 0.0009, 2),
	(695, '1EXPCTIB516301', '3SAN0150PP0003', 0.0002, 2),
	(696, '1EXPCTIB516301', '3SAN0180PP0004', 0.0002, 2),
	(697, '1EXPCTIB516301', '3ISOPB00610001', 0.005, 3),
	(698, '1EXPCTIB516301', '3LYR05P040A1KG', 0.0149, 3),
	(699, '1EXPCTIB516301', '3LYRM5F1K2S001', 0.0001, 3),
	(700, '1EXPCTIB516301', '3MDF0006E20001', 0.0007, 3),
	(701, '1EXPCTIB516301', '3MDF0012E20001', 0.0005, 3),
	(702, '1EXPCTIB516301', '3MTPBRFENCWH04', 0.0295, 3),
	(703, '1EXPCTIB516301', '3PLB03H080D1K0', 0.0307, 3),
	(704, '1EXPCTIB516301', '3PLY0015SG0001', 0.0048, 3),
	(705, '1EXPCTIB516301', '3PPB15YL000002', 0.1519, 3),
	(706, '1EXPCTIB516301', '3REFNA000F25MO', 0.343, 3),
	(707, '1EXPCTIB516301', '3REFNACOIL5001', 0.686, 3),
	(708, '1EXPCTIB516301', '3STR20U200M500', 0.447, 3),
	(709, '1EXPCTIB516301', '3WODRIMBA00001', 0.0001, 3),
	(711, '1EXPCTIJAMB004', '3GLUHDTBONDLAP', 0.0066, 1),
	(712, '1EXPCTIJAMB004', '3GLUTCBONDL558', 0.0501, 1),
	(713, '1EXPCTIJAMB004', '3GLUWBNBOND001', 0.0321, 1),
	(714, '1EXPCTIJAMB004', '3FLR0000000002', 0.1643, 2),
	(715, '1EXPCTIJAMB004', '3FLR0000000008', 0.3504, 2),
	(716, '1EXPCTIJAMB004', '3GLUWB05259PE1', 0.165, 2),
	(717, '1EXPCTIJAMB004', '3GLUWBNBOND001', 0.004, 2),
	(718, '1EXPCTIJAMB004', '3PNTSEWBWHCW01', 0.0012, 2),
	(719, '1EXPCTIJAMB004', '3SAN0060WH0001', 0.0001, 2),
	(720, '1EXPCTIJAMB004', '3SAN0120CL0010', 0.0004, 2),
	(721, '1EXPCTIJAMB004', '3SAN0150PP0003', 0.0001, 2),
	(722, '1EXPCTIJAMB004', '3SAN0180PP0004', 0.0001, 2),
	(723, '1EXPCTIJAMB004', '3ISOPB00610001', 0.0023, 3),
	(724, '1EXPCTIJAMB004', '3LYR05P040A1KG', 0.009, 3),
	(725, '1EXPCTIJAMB004', '3LYRM5F1K2S001', 0.0001, 3),
	(726, '1EXPCTIJAMB004', '3MDF0006E20001', 0.0005, 3),
	(727, '1EXPCTIJAMB004', '3MDF0012E20001', 0.0004, 3),
	(728, '1EXPCTIJAMB004', '3MTPBRFENCWH04', 0.0115, 3),
	(729, '1EXPCTIJAMB004', '3PLB03H080D1K0', 0.0123, 3),
	(730, '1EXPCTIJAMB004', '3PLY0015SG0001', 0.0018, 3),
	(731, '1EXPCTIJAMB004', '3PPB15YL000002', 0.0542, 3),
	(732, '1EXPCTIJAMB004', '3REFNA000F25MO', 0.1086, 3),
	(733, '1EXPCTIJAMB004', '3REFNACOIL5001', 0.2173, 3),
	(734, '1EXPCTIJAMB004', '3STR20U200M500', 0.3223, 3),
	(735, '1EXPCTIJAMB004', '3WODRIMBA00001', 0.0001, 3),
	(737, '1LOCCTI491616S', '3MTPBRFENCWH04', 0.0114, 3),
	(738, '1LOCCTIFPF49P1', '2WODRST00PN001', 0.0063, 1),
	(739, '1LOCCTIFPF49P1', '3GLUHDTBONDLAP', 0.0057, 1),
	(740, '1LOCCTIFPF49P1', '3GLUTCBONDL558', 0.0437, 1),
	(741, '1LOCCTIFPF49P1', '3GLUWBNBOND001', 0.0089, 1),
	(742, '1LOCCTIFPF49P1', '3FLR0000000002', 0.5443, 2),
	(743, '1LOCCTIFPF49P1', '3GLUWB05259PE1', 0.1748, 2),
	(744, '1LOCCTIFPF49P1', '3GLUWBNBOND001', 0.0033, 2),
	(745, '1LOCCTIFPF49P1', '3PNTSEWBWHCW01', 0.0012, 2),
	(746, '1LOCCTIFPF49P1', '3SAN0060WH0001', 0.0001, 2),
	(747, '1LOCCTIFPF49P1', '3SAN0120CL0010', 0.0002, 2),
	(748, '1LOCCTIFPF49P1', '3SAN0150PP0003', 0.0001, 2),
	(749, '1LOCCTIFPF49P1', '3SAN0180PP0004', 0.0001, 2),
	(750, '1LOCCTIFPF49P1', '3ISOPB00610001', 0.2265, 3),
	(751, '1LOCCTIFPF49P1', '3LYR05P040A1KG', 0.0096, 3),
	(752, '1LOCCTIFPF49P1', '3LYRM5F1K2S001', 0.0163, 3),
	(753, '1LOCCTIFPF49P1', '3MDF0006E20001', 0.0006, 3),
	(754, '1LOCCTIFPF49P1', '3MDF0012E20001', 0.0004, 3),
	(755, '1LOCCTIFPF49P1', '3MTPBRFENCWH04', 0.0123, 3),
	(756, '1LOCCTIFPF49P1', '3PLB03H080D1K0', 0.0132, 3),
	(757, '1LOCCTIFPF49P1', '3PLY0015SG0001', 0.0019, 3),
	(758, '1LOCCTIFPF49P1', '3PPB15YL000002', 0.057, 3),
	(759, '1LOCCTIFPF49P1', '3REFNA000F25MO', 0.1172, 3),
	(760, '1LOCCTIFPF49P1', '3REFNACOIL5001', 0.2344, 3),
	(761, '1LOCCTIFPF49P1', '3STR20U200M500', 0.6403, 3),
	(762, '1LOCCTIFPF49P1', '3WODRIMBA00001', 0.0001, 3),
	(763, '1EXPCTIJAMB007', '2WODRST00PN001', 0, 1),
	(764, '1EXPCTIJAMB007', '3GLUHDTBONDLAP', 0.0067, 1),
	(765, '1EXPCTIJAMB007', '3GLUTCBONDL558', 0.0508, 1),
	(766, '1EXPCTIJAMB007', '3GLUWBNBOND001', 0.0325, 1),
	(767, '1EXPCTIJAMB007', '3WODPN00000001', 0.0064, 1),
	(768, '1EXPCTIJAMB007', '3FLR0000000002', 0.1664, 2),
	(769, '1EXPCTIJAMB007', '3FLR0000000008', 0.3548, 2),
	(770, '1EXPCTIJAMB007', '3GLUWB05259PE1', 0.1671, 2),
	(771, '1EXPCTIJAMB007', '3GLUWBNBOND001', 0.0041, 2),
	(772, '1EXPCTIJAMB007', '3ISOPB00610001', 0.0025, 3),
	(773, '1EXPCTIJAMB007', '3LYR05P040A1KG', 0.0096, 3),
	(774, '1EXPCTIJAMB007', '3LYRM5F1K2S001', 0.0001, 3),
	(775, '1EXPCTIJAMB007', '3MDF0006E20001', 0.0006, 3),
	(776, '1EXPCTIJAMB007', '3MDF0012E20001', 0.0004, 3),
	(777, '1EXPCTIJAMB007', '3MTPBRFENCWH04', 0.0123, 3),
	(778, '1EXPCTIJAMB007', '3PLB03H080D1K0', 0.0132, 3),
	(779, '1EXPCTIJAMB007', '3PLY0015SG0001', 0.0019, 3),
	(780, '1EXPCTIJAMB007', '3PNTSEWBWHCW01', 0.0012, 2),
	(781, '1EXPCTIJAMB007', '3PPB15YL000002', 0.0569, 3),
	(782, '1EXPCTIJAMB007', '3REFNA000F25MO', 0.1164, 3),
	(783, '1EXPCTIJAMB007', '3REFNACOIL5001', 0.2328, 3),
	(784, '1EXPCTIJAMB007', '3SAN0060WH0001', 0.0001, 2),
	(785, '1EXPCTIJAMB007', '3SAN0120CL0010', 0.0004, 2),
	(786, '1EXPCTIJAMB007', '3SAN0150PP0003', 0.0001, 2),
	(787, '1EXPCTIJAMB007', '3SAN0180PP0004', 0.0001, 2),
	(788, '1EXPCTIJAMB007', '3STR20U200M500', 0.3671, 3),
	(789, '1EXPCTIJAMB007', '3WODRIMBA00001', 0.0001, 3),
	(790, '1EXPCTIJAMB005', '3GLUHDTBONDLAP', 0.0066, 1),
	(791, '1EXPCTIJAMB005', '3GLUTCBONDL558', 0.0501, 1),
	(792, '1EXPCTIJAMB005', '3GLUWBNBOND001', 0.0321, 1),
	(793, '1EXPCTIJAMB005', '3WODPN00000001', 0.0063, 1),
	(794, '1EXPCTIJAMB005', '3FLR0000000002', 0.1643, 2),
	(795, '1EXPCTIJAMB005', '3FLR0000000008', 0.3504, 2),
	(796, '1EXPCTIJAMB005', '3GLUWB05259PE1', 0.1643, 2),
	(797, '1EXPCTIJAMB005', '3GLUWBNBOND001', 0.004, 2),
	(798, '1EXPCTIJAMB005', '3PNTSEWBWHCW01', 0.0012, 2),
	(799, '1EXPCTIJAMB005', '3SAN0060WH0001', 0.0001, 2),
	(800, '1EXPCTIJAMB005', '3SAN0120CL0010', 0.0004, 2),
	(801, '1EXPCTIJAMB005', '3SAN0150PP0003', 0.0001, 2),
	(802, '1EXPCTIJAMB005', '3SAN0180PP0004', 0.0001, 2),
	(803, '1EXPCTIJAMB005', '3ISOPB00610001', 0.2257, 3),
	(804, '1EXPCTIJAMB005', '3LYR05P040A1KG', 0.0096, 3),
	(805, '1EXPCTIJAMB005', '3LYRM5F1K2S001', 0.0163, 3),
	(806, '1EXPCTIJAMB005', '3MDF0006E20001', 0.0006, 3),
	(807, '1EXPCTIJAMB005', '3MDF0012E20001', 0.0004, 3),
	(808, '1EXPCTIJAMB005', '3MTPBRFENCWH04', 0.0123, 3),
	(809, '1EXPCTIJAMB005', '3PLB03H080D1K0', 0.0131, 3),
	(810, '1EXPCTIJAMB005', '3PLY0015SG0001', 0.0019, 3),
	(811, '1EXPCTIJAMB005', '3PPB15YL000002', 0.0566, 3),
	(812, '1EXPCTIJAMB005', '3REFNA000F25MO', 0.1164, 3),
	(813, '1EXPCTIJAMB005', '3REFNACOIL5001', 0.2328, 3),
	(814, '1EXPCTIJAMB005', '3STR20U200M500', 0.3573, 3),
	(815, '1EXPCTIJAMB005', '3WODRIMBA00001', 0.0001, 3),
	(816, '1EXPCTIJAMB006', '3GLUHDTBONDLAP', 0.0079, 1),
	(817, '1EXPCTIJAMB006', '3GLUTCBONDL558', 0.0599, 1),
	(818, '1EXPCTIJAMB006', '3GLUWBNBOND001', 0.0383, 1),
	(819, '1EXPCTIJAMB006', '3WODPN00000001', 0.0075, 1),
	(820, '1EXPCTIJAMB006', '3FLR0000000002', 0.1965, 2),
	(821, '1EXPCTIJAMB006', '3FLR0000000008', 0.4191, 2),
	(822, '1EXPCTIJAMB006', '3GLUWB05259PE1', 0.1974, 2),
	(823, '1EXPCTIJAMB006', '3GLUWBNBOND001', 0.0048, 2),
	(824, '1EXPCTIJAMB006', '3ISOPB00610001', 0.2477, 3),
	(825, '1EXPCTIJAMB006', '3LYR05P040A1KG', 0.0099, 3),
	(826, '1EXPCTIJAMB006', '3LYRM5F1K2S001', 0.0179, 3),
	(827, '1EXPCTIJAMB006', '3MDF0006E20001', 0.0006, 3),
	(828, '1EXPCTIJAMB006', '3MDF0012E20001', 0.0004, 3),
	(829, '1EXPCTIJAMB006', '3MTPBRFENCWH04', 0.0139, 3),
	(830, '1EXPCTIJAMB006', '3PLB03H080D1K0', 0.0148, 3),
	(831, '1EXPCTIJAMB006', '3PLY0015SG0001', 0.0019, 3),
	(832, '1EXPCTIJAMB006', '3PNTSEWBWHCW01', 0.0012, 2),
	(833, '1EXPCTIJAMB006', '3PPB15YL000002', 0.0677, 3),
	(834, '1EXPCTIJAMB006', '3REFNA000F25MO', 0.1392, 3),
	(835, '1EXPCTIJAMB006', '3REFNACOIL5001', 0.2783, 3),
	(836, '1EXPCTIJAMB006', '3SAN0060WH0001', 0.0001, 2),
	(837, '1EXPCTIJAMB006', '3SAN0120CL0010', 0.0005, 2),
	(838, '1EXPCTIJAMB006', '3SAN0150PP0003', 0.0001, 2),
	(839, '1EXPCTIJAMB006', '3SAN0180PP0004', 0.0001, 2),
	(840, '1EXPCTIJAMB006', '3STR20U200M500', 0.3671, 3),
	(841, '1EXPCTIJAMB006', '3WODRIMBA00001', 0.0001, 3),
	(842, '1EXPCTIB518004', '2LVL013M8SE001', 0.4449, 1),
	(843, '1EXPCTIB518004', '3GLUHDTBONDLAP', 0.0093, 1),
	(844, '1EXPCTIB518004', '3GLUTCBONDL558', 0.0392, 1),
	(845, '1EXPCTIB518004', '3GLUWBNBOND001', 0.0349, 1),
	(846, '1EXPCTIB518004', '3LVL013M8SE001', 0, 1),
	(847, '1EXPCTIB518004', '3FLR0000000002', 0.5108, 2),
	(848, '1EXPCTIB518004', '3FLR0000000008', 0.9078, 2),
	(849, '1EXPCTIB518004', '3GLUWB05259PE1', 0.4275, 2),
	(850, '1EXPCTIB518004', '3GLUWBNBOND001', 0.1177, 2),
	(851, '1EXPCTIB518004', '3PNTSEWBWHCW01', 0.0011, 2),
	(852, '1EXPCTIB518004', '3SAN0060WH0001', 0.0001, 2),
	(853, '1EXPCTIB518004', '3SAN0120CL0010', 0.0009, 2),
	(854, '1EXPCTIB518004', '3SAN0150PP0003', 0.0002, 2),
	(855, '1EXPCTIB518004', '3SAN0180PP0004', 0.0002, 2),
	(856, '1EXPCTIB518004', '3ISOPB00610001', 0.456, 3),
	(857, '1EXPCTIB518004', '3LYR05P040A1KG', 0.0149, 3),
	(858, '1EXPCTIB518004', '3LYRM5F1K2S001', 0.0345, 3),
	(859, '1EXPCTIB518004', '3MDF0006E20001', 0.0007, 3),
	(860, '1EXPCTIB518004', '3MDF0012E20001', 0.0005, 3),
	(861, '1EXPCTIB518004', '3MTPBRFENCWH04', 0.0295, 3),
	(862, '1EXPCTIB518004', '3PLB03H080D1K0', 0.0307, 3),
	(863, '1EXPCTIB518004', '3PLY0015SG0001', 0.0048, 3),
	(864, '1EXPCTIB518004', '3PPB15YL000002', 0.1515, 3),
	(865, '1EXPCTIB518004', '3REFNA000F25MO', 0.343, 3),
	(866, '1EXPCTIB518004', '3REFNACOIL5001', 0.686, 3),
	(867, '1EXPCTIB518004', '3STR20U200M500', 0.4461, 3),
	(868, '1EXPCTIB518004', '3WODRIMBA00001', 0.0001, 3),
	(869, '1LOCCTIWGN618M', '2LVL013M8SE001', 0.4378, 1),
	(870, '1LOCCTIWGN618M', '3GLUHDTBONDLAP', 0.0036, 1),
	(871, '1LOCCTIWGN618M', '3GLUTCBONDL558', 0.0363, 1),
	(872, '1LOCCTIWGN618M', '3GLUWBNBOND001', 0.0192, 1),
	(873, '1LOCCTIWGN618M', '3FLR0000000002', 0.39, 2),
	(874, '1LOCCTIWGN618M', '3FLR0000000008', 0.38, 2),
	(875, '1LOCCTIWGN618M', '3GLUWB05259PE1', 0.23, 2),
	(876, '1LOCCTIWGN618M', '3GLUWBNBOND001', 0.007, 2),
	(877, '1LOCCTIWGN618M', '3PNTSEWBWHCW01', 0.0011, 2),
	(878, '1LOCCTIWGN618M', '3SAN0060WH0001', 0.0001, 2),
	(879, '1LOCCTIWGN618M', '3SAN0120CL0010', 0.0009, 2),
	(880, '1LOCCTIWGN618M', '3SAN0150PP0003', 0.0002, 2),
	(881, '1LOCCTIWGN618M', '3SAN0180PP0004', 0.0002, 2),
	(883, '1LOCCTIWGN618M', '3ISOPB00610001', 0.005, 3),
	(884, '1LOCCTIWGN618M', '3LYR05P040A1KG', 0.0149, 3),
	(885, '1LOCCTIWGN618M', '3LYRM5F1K2S001', 0.0001, 3),
	(886, '1LOCCTIWGN618M', '3MDF0006E20001', 0.0007, 3),
	(887, '1LOCCTIWGN618M', '3MDF0012E20001', 0.0005, 3),
	(888, '1LOCCTIWGN618M', '3MTPBRFENCWH04', 0.0295, 3),
	(889, '1LOCCTIWGN618M', '3PLB03H080D1K0', 0.0307, 3),
	(890, '1LOCCTIWGN618M', '3PLY0015SG0001', 0.0047, 3),
	(891, '1LOCCTIWGN618M', '3PPB15YL000002', 0.1519, 3),
	(892, '1LOCCTIWGN618M', '3REFNA000F25MO', 0.343, 3),
	(893, '1LOCCTIWGN618M', '3REFNACOIL5001', 0.686, 3),
	(894, '1LOCCTIWGN618M', '3STR20U200M500', 0.7137, 3),
	(896, '1LOCCTI491616S', '3WODPN00000001', 0, 1),
	(897, '1LOCCTI491618S', '3WODPN00000001', 0, 1),
	(898, '1LOCCTI491616S', '3STR20U200M500', 0.57, 3),
	(902, '1LOCCTIWGNS557', '3GLUWBNBOND001', 0.043, 1),
	(905, '1LOCCTIWGNS557', '3GLUWB05259PE1', 0.2788, 2),
	(906, '1LOCCTIWGNS557', '3GLUWBNBOND001', 0.0054, 2),
	(907, '1LOCCTIWGNS557', '3PNTSEWBWHCW01', 0.0007, 2),
	(908, '1LOCCTIWGNS557', '3SAN0060WH0001', 0.0001, 2),
	(909, '1LOCCTIWGNS557', '3SAN0120CL0010', 0.0005, 2),
	(911, '1LOCCTIWGNS557', '3SAN0180PP0004', 0.0001, 2),
	(912, '1LOCCTIWGNS557', '3LVL014M5SE002', 0, 1),
	(913, '1LOCCTIWGNS557', '2WODRST00PN001', 0.0001, 3),
	(918, '1LOCCTIWGNS557', '3MDF0012E20001', 0.0004, 3),
	(920, '1LOCCTIWGNS557', '3PLB03H080D1K0', 0.021, 3),
	(921, '1LOCCTIWGNS557', '3PLY0015SG0001', 0.0032, 3),
	(922, '1LOCCTIWGNS557', '3PPB15YL000002', 0.1007, 3),
	(924, '1LOCCTIWGNS557', '3REFNACOIL5001', 0.4691, 3),
	(927, '1LOCCTIWGNS555', '3GLUHDTBONDLAP', 0.0042, 1),
	(933, '1LOCCTIWGNS555', '3PUTWDPTPW12', 0.005, 2),
	(934, '1LOCCTIWGNS555', '3SAN0150PP0003', 0.0001, 2),
	(938, '1LOCCTIWGNS555', '3LYRM5F1K2S001', 0.0001, 3),
	(939, '1LOCCTIWGNS555', '3MDF0006E20001', 0.0005, 3),
	(942, '1LOCCTIWGNS555', '3PLY0015SG0001', 0.004, 3),
	(944, '1LOCCTIWGNS555', '3REFNA000F25MO', 0.24, 3),
	(946, '1LOCCTIWGNS555', '3STR20U200M500', 0.6, 3),
	(948, '1LOCCTIWGN618M', '3WODPN00000001', 0.0001, 3),
	(949, '1EXPCTIJAMB004', '3WODPN00000001', 0.0063, 1),
	(950, '1LOCCTIWGN618M', '3LVL013M8SE001', 0.4378, 1),
	(951, '1EXPCTIB623002', '3LVL014M5SE003', 0.1463, 1),
	(952, '1EXPCTIB623002', '2LVL013M8SE001', 0.1463, 1);
/*!40000 ALTER TABLE `bom` ENABLE KEYS */;

-- Dumping structure for table pwm2.divisi
CREATE TABLE IF NOT EXISTS `divisi` (
  `divisi_id` int(11) NOT NULL AUTO_INCREMENT,
  `divisi_nama` varchar(255) NOT NULL,
  PRIMARY KEY (`divisi_id`)
) ENGINE=InnoDB AUTO_INCREMENT=4 DEFAULT CHARSET=utf8mb4;

-- Dumping data for table pwm2.divisi: ~3 rows (approximately)
/*!40000 ALTER TABLE `divisi` DISABLE KEYS */;
INSERT INTO `divisi` (`divisi_id`, `divisi_nama`) VALUES
	(1, 'WW'),
	(2, 'GESSO'),
	(3, 'PACKING');
/*!40000 ALTER TABLE `divisi` ENABLE KEYS */;

-- Dumping structure for table pwm2.item
CREATE TABLE IF NOT EXISTS `item` (
  `item_id` varchar(255) NOT NULL,
  `item_nama` varchar(255) NOT NULL,
  `item_panjang` float NOT NULL,
  `item_lebar` float NOT NULL,
  `item_tebal` float NOT NULL,
  `item_kubikasi` float NOT NULL,
  `item_uom_id` int(11) DEFAULT NULL,
  PRIMARY KEY (`item_id`),
  KEY `fk_item_uom` (`item_uom_id`),
  CONSTRAINT `fk_item_uom` FOREIGN KEY (`item_uom_id`) REFERENCES `uom` (`uom_id`) ON DELETE NO ACTION ON UPDATE CASCADE
) ENGINE=InnoDB DEFAULT CHARSET=utf8mb4;

-- Dumping data for table pwm2.item: ~34 rows (approximately)
/*!40000 ALTER TABLE `item` DISABLE KEYS */;
INSERT INTO `item` (`item_id`, `item_nama`, `item_panjang`, `item_lebar`, `item_tebal`, `item_kubikasi`, `item_uom_id`) VALUES
	('1EXPCTIB516301', 'BASEBOARD 5163', 4876.8, 133.35, 13.48, 8.7663, 5),
	('1EXPCTIB518001', 'BASEBOARD 5180', 4876.8, 132.57, 13.49, 8.7215, 5),
	('1EXPCTIB518002', 'BASEBOARD 5180', 4876.8, 132.57, 13.49, 8.7215, 5),
	('1EXPCTIB518003', 'S3S', 5181.6, 88.9, 13.5, 6.2187, 5),
	('1EXPCTIB518004', 'BASEBOARD 5180', 4876.8, 132.57, 13.49, 8.7215, 5),
	('1EXPCTIB618001', 'BASEBOARD 618', 4876.8, 132.56, 13.49, 8.7209, 5),
	('1EXPCTIB620001', 'BASEBOARD 620', 3657.6, 107.16, 13.48, 5.2835, 5),
	('1EXPCTIB620002', 'BASEBOARD 620', 2438.4, 107.16, 13.48, 3.5223, 5),
	('1EXPCTIB620003', 'BASEBOARD 620', 4876.8, 107.16, 13.48, 7.0446, 5),
	('1EXPCTIB620004', 'BASEBOARD 620', 4876.8, 107.16, 13.48, 7.0446, 5),
	('1EXPCTIB623001', 'BASEBOARD 623', 3657.4, 81.76, 13.49, 4.0339, 5),
	('1EXPCTIB623002', 'BASEBOARD 623', 2438.4, 81.76, 13.49, 2.6894, 5),
	('1EXPCTIB623003', 'BASEBOARD 623', 4876.8, 81.76, 13.49, 5.3788, 5),
	('1EXPCTIB623004', 'BASEBOARD 623', 4876.8, 81.76, 13.49, 5.3788, 5),
	('1EXPCTIBB00001', 'BB', 4876.8, 107.16, 13.48, 7.0446, 5),
	('1EXPCTIBB00002', 'BB', 4876.8, 81.76, 13.48, 5.3748, 5),
	('1EXPCTIJAMB004', 'FLAT JAMB', 2074, 115.89, 16.67, 4.0067, 5),
	('1EXPCTIJAMB005', 'FLAT JAMB', 2074.07, 115.89, 16.67, 4.0069, 5),
	('1EXPCTIJAMB006', 'FLAT JAMB', 2480.47, 115.89, 16.67, 4.792, 5),
	('1EXPCTIJAMB007', 'FLAT JAMB', 2074.86, 117.48, 16.67, 4.0634, 5),
	('1EXPCTIS3S0001', 'S3S', 4876.8, 88.9, 13.49, 5.8486, 5),
	('1EXPCTIS3S0002', 'S3S', 4876.8, 133.35, 13.49, 8.7728, 5),
	('1EXPCTIS3S0003', 'S3S', 4876.8, 139.7, 13.49, 9.1906, 5),
	('1EXPCTIS3S0004', 'S3S', 5181.6, 88.9, 13.5, 6.2187, 5),
	('1EXPOIBS624001', 'OI-WOOD BASE 624', 4877, 76, 10.3, 3.8177, 5),
	('1LOCCTI1577740', 'S3S', 5181.6, 88.9, 13.5, 6.2187, 5),
	('1LOCCTI491616S', 'FLAT JAMB', 2074.07, 115.89, 16.67, 4.1969, 5),
	('1LOCCTI491618S', 'FLAT JAMB', 2470.94, 115.89, 16.67, 4.7736, 5),
	('1LOCCTI5163JMB', 'BASEBOARD 5163', 4876.8, 133.35, 13.48, 8.7663, 5),
	('1LOCCTIFPF49P1', 'FLAT JAMB', 2086.77, 115.89, 16.67, 4.0314, 5),
	('1LOCCTIWGN618M', 'BASE WGN618MD (10000553)', 4876.8, 132.56, 13.5, 8.7273, 5),
	('1LOCCTIWGNS555', 'SUMGUARD WGNSBGAMD', 4876.8, 107.16, 13.5, 7.0551, 5),
	('1LOCCTIWGNS557', 'SUMGUARD WGNSBGAMD', 4876.8, 81.76, 13.5, 5.3828, 5),
	('1LOCFTCTIB5180', 'BASEBOARD 5180', 4876.8, 132.57, 13.49, 8.7215, 5);
/*!40000 ALTER TABLE `item` ENABLE KEYS */;

-- Dumping structure for table pwm2.material
CREATE TABLE IF NOT EXISTS `material` (
  `material_id` varchar(255) NOT NULL,
  `material_nama` varchar(255) NOT NULL,
  `material_harga` int(11) NOT NULL,
  `material_uom_id` int(11) DEFAULT NULL,
  PRIMARY KEY (`material_id`),
  KEY `fk_material_uom` (`material_uom_id`),
  CONSTRAINT `fk_material_uom` FOREIGN KEY (`material_uom_id`) REFERENCES `uom` (`uom_id`) ON DELETE NO ACTION ON UPDATE CASCADE
) ENGINE=InnoDB DEFAULT CHARSET=utf8mb4;

-- Dumping data for table pwm2.material: ~33 rows (approximately)
/*!40000 ALTER TABLE `material` DISABLE KEYS */;
INSERT INTO `material` (`material_id`, `material_nama`, `material_harga`, `material_uom_id`) VALUES
	('2LVL013M8SE001', 'LVL SENGON 13.8MM X 1250MM X 1250MM', 106734, 12),
	('2WODRST00PN001', 'RST PINUS KERING', 2900000, 6),
	('3FLR0000000002', 'KALSIUM KARBONAT MERK OMYA (MESH #800)', 1120, 2),
	('3FLR0000000008', 'KALSIUM KARBONAT MERK OMYA 6', 985, 2),
	('3GLUHDTBONDLAP', 'HARDENER L A P', 65250, 2),
	('3GLUTCBONDL558', 'TECHBOND L558', 17400, 2),
	('3GLUWB05259PE1', 'LEM ALFABOND 5229 PE/1', 17800, 2),
	('3GLUWBNBOND001', 'LEM N BOND', 3400, 14),
	('3ISOPB00610001', 'PLAK BAND BENING (UK. 2.21 INCH) (ROHS)', 8000, 8),
	('3LVL013M8SE001', 'LVL SENGON 13.8MM X 1220MM X 1220MM', 106734, 12),
	('3LVL014M5SE002', 'LVL SENGON 14.5MM (UK. 1250MM X 1250MM)', 106734, 12),
	('3LVL014M5SE003', 'LVL SENGON 14.5MM (UK. 1250MM X 2500MM)', 101672, 12),
	('3LYR05P040A1KG', 'PAPER ANGLE UK:40MM X 40MM X 5MM X 1055MM', 5225, 5),
	('3LYRM5F1K2S001', 'PE-FOAM SHEET 0.5MM L=120CM (1ROLL = 800M)', 570000, 8),
	('3MDF0006E20001', 'MDF 6MM E2', 69090, 12),
	('3MDF0012E20001', 'MDF 12MM E2', 115952, 12),
	('3MTPBRFENCWH04', 'KLEM BESI 0.6MM', 275, 5),
	('3PLB03H080D1K0', 'HD PRINT CTI SHEET HIJAU UK. 0.03 X 80 X 1000MTR', 2173, 7),
	('3PLY0015SG0001', 'PLY WOOD SENGON THICKNESS 15MM', 165000, 12),
	('3PNTSEWBWHCW01', '(CITRA WARNA MULIATAMA) AW170-04 WB PRIME', 34520, 2),
	('3PPB15YL000002', 'TALI STRAPPING BAND KUNING (1ROLL = 1000MTR)', 37, 7),
	('3PUTWDPTPW12', '(KALIMAS PUTRAMAKMUR) WOOD PUTTY PW-12', 26366, 2),
	('3REFNA000F25MO', 'ISI PAKU TEMBAK F25MO', 6, 5),
	('3REFNA000F30MO', 'ISI PAKU TEMBAK F30MO', 6, 5),
	('3REFNACOIL5001', 'PAKU COIL ULIR 50MM', 55, 5),
	('3SAN0060WH0001', 'AMPLAS FLAP WHEEL #60', 305000, 5),
	('3SAN0120CL0010', 'AMPLAS BELT EKAMANT UK. 150 X 750 P.120', 12300, 5),
	('3SAN0150PP0003', 'AMPLAS BELT 2200MM X 1330MM P.150', 215000, 5),
	('3SAN0180PP0004', 'AMPLAS BELT 2200MM X 1330MM P.180', 215000, 5),
	('3STKCPNABHLFCT', 'STICKER LABEL BARCODE BLANK-HALF CUT', 28, 5),
	('3STR20U200M500', 'HAND STRETCH FILM 500MM X 200M X 20µM', 307, 7),
	('3WODPN00000001', 'KAYU PINUS', 2900000, 6),
	('3WODRIMBA00001', 'KAYU RIMBA CAMPUR', 1500000, 6);
/*!40000 ALTER TABLE `material` ENABLE KEYS */;

-- Dumping structure for table pwm2.so
CREATE TABLE IF NOT EXISTS `so` (
  `so_id` int(11) NOT NULL AUTO_INCREMENT,
  `so_no_po` varchar(255) NOT NULL,
  `so_bom_id` int(11) NOT NULL,
  `so_qty_order` float NOT NULL,
  `so_lot_number` varchar(255) NOT NULL,
  `so_realisasi` float NOT NULL,
  `so_ba` float NOT NULL,
  `so_tanggal` date NOT NULL DEFAULT current_timestamp(),
  `so_status` tinyint(1) NOT NULL DEFAULT 0,
  PRIMARY KEY (`so_id`),
  KEY `fk_so_bom` (`so_bom_id`),
  CONSTRAINT `fk_so_bom` FOREIGN KEY (`so_bom_id`) REFERENCES `bom` (`bom_id`) ON DELETE NO ACTION ON UPDATE CASCADE
) ENGINE=InnoDB AUTO_INCREMENT=4010 DEFAULT CHARSET=utf8mb4;

-- Dumping data for table pwm2.so: ~1.564 rows (approximately)
/*!40000 ALTER TABLE `so` DISABLE KEYS */;
INSERT INTO `so` (`so_id`, `so_no_po`, `so_bom_id`, `so_qty_order`, `so_lot_number`, `so_realisasi`, `so_ba`, `so_tanggal`, `so_status`) VALUES
	(35, 'CTI/44408', 14, 3600, 'SFT21120039', 1575, 0, '2021-12-12', 0),
	(36, 'CTI/44408', 15, 3600, 'SFT21120039', 13, 0, '2021-12-12', 0),
	(37, 'CTI/44408', 16, 3600, 'SFT21120039', 130, 0, '2021-12-12', 0),
	(38, 'CTI/44408', 17, 3600, 'SFT21120039', 0, 0, '2021-12-12', 0),
	(39, 'CTI/44408', 18, 3600, 'SFT21120039', 0, 0, '2021-12-12', 0),
	(40, 'CTI/44408', 19, 3600, 'SFT21120039', 0, 0, '2021-12-12', 0),
	(41, 'CTI/44408', 20, 3600, 'SFT21120039', 0, 0, '2021-12-12', 0),
	(42, 'CTI/44408', 21, 3600, 'SFT21120039', 0, 0, '2021-12-12', 0),
	(43, 'CTI/44408', 91, 3600, 'SFT21120039', 1015, 0, '2021-12-12', 0),
	(44, 'CTI/44408', 92, 3600, 'SFT21120039', 0, 0, '2021-12-12', 0),
	(45, 'CTI/44408', 93, 3600, 'SFT21120039', 0, 0, '2021-12-12', 0),
	(46, 'CTI/44408', 94, 3600, 'SFT21120039', 25, 0, '2021-12-12', 0),
	(47, 'CTI/44408', 95, 3600, 'SFT21120039', 3, 1, '2021-12-12', 0),
	(48, 'CTI/44408', 96, 3600, 'SFT21120039', 0, 0, '2021-12-12', 0),
	(49, 'CTI/44408', 97, 3600, 'SFT21120039', 3, 0, '2021-12-12', 0),
	(50, 'CTI/44408', 98, 3600, 'SFT21120039', 0, 0, '2021-12-12', 0),
	(51, 'CTI/44408', 99, 3600, 'SFT21120039', 0.7, 0, '2021-12-12', 0),
	(52, 'CTI/44408', 184, 3600, 'SFT21120039', 18, 0, '2021-12-12', 0),
	(53, 'CTI/44408', 185, 3600, 'SFT21120039', 53, 0, '2021-12-12', 0),
	(54, 'CTI/44408', 186, 3600, 'SFT21120039', 0.34, 0, '2021-12-12', 0),
	(55, 'CTI/44408', 187, 3600, 'SFT21120039', 106, 0, '2021-12-12', 0),
	(56, 'CTI/44408', 188, 3600, 'SFT21120039', 0, 0, '2021-12-12', 0),
	(57, 'CTI/44408', 189, 3600, 'SFT21120039', 545, 0, '2021-12-12', 0),
	(58, 'CTI/44408', 190, 3600, 'SFT21120039', 1234, 1, '2021-12-12', 0),
	(59, 'CTI/44408', 191, 3600, 'SFT21120039', 2400, 0, '2021-12-12', 0),
	(60, 'CTI/44408', 192, 3600, 'SFT21120039', 2568, 0, '2021-12-12', 0),
	(62, 'CTI/44253', 83, 4800, 'SFT21120067', 2085, 0, '2021-12-12', 0),
	(63, 'CTI/44253', 84, 4800, 'SFT21120067', 17, 0, '2021-12-12', 0),
	(64, 'CTI/44253', 85, 4800, 'SFT21120067', 173, 0, '2021-12-12', 0),
	(65, 'CTI/44253', 86, 4800, 'SFT21120067', 0, 0, '2021-12-12', 0),
	(66, 'CTI/44253', 87, 4800, 'SFT21120067', 3, 0, '2021-12-12', 0),
	(67, 'CTI/44253', 88, 4800, 'SFT21120067', 2, 1, '2021-12-12', 0),
	(68, 'CTI/44253', 89, 4800, 'SFT21120067', 0, 0, '2021-12-12', 0),
	(69, 'CTI/44253', 90, 4800, 'SFT21120067', 0, 0, '2021-12-12', 0),
	(70, 'CTI/44253', 175, 4800, 'SFT21120067', 267, 0, '2021-12-12', 0),
	(71, 'CTI/44253', 176, 4800, 'SFT21120067', 4811, 1106, '2021-12-12', 0),
	(72, 'CTI/44253', 177, 4800, 'SFT21120067', 1982, 0, '2021-12-12', 0),
	(73, 'CTI/44253', 178, 4800, 'SFT21120067', 39, 0, '2021-12-12', 0),
	(74, 'CTI/44253', 179, 4800, 'SFT21120067', 5, 0, '2021-12-12', 0),
	(75, 'CTI/44253', 180, 4800, 'SFT21120067', 0.2, 0, '2021-12-12', 0),
	(76, 'CTI/44253', 181, 4800, 'SFT21120067', 4, 0, '2021-12-12', 0),
	(77, 'CTI/44253', 182, 4800, 'SFT21120067', 0, 0, '2021-12-12', 0),
	(78, 'CTI/44253', 183, 4800, 'SFT21120067', 0.96, 0, '2021-12-12', 0),
	(79, 'CTI/44253', 265, 4800, 'SFT21120067', 0, 0, '2021-12-12', 0),
	(80, 'CTI/44253', 266, 4800, 'SFT21120067', 71, 0, '2021-12-12', 0),
	(81, 'CTI/44253', 267, 4800, 'SFT21120067', 0, 0, '2021-12-12', 0),
	(82, 'CTI/44253', 268, 4800, 'SFT21120067', 142, 0, '2021-12-12', 0),
	(83, 'CTI/44253', 269, 4800, 'SFT21120067', 126, 0, '2021-12-12', 0),
	(84, 'CTI/44253', 270, 4800, 'SFT21120067', 718, 0, '2021-12-12', 0),
	(85, 'CTI/44253', 271, 4800, 'SFT21120067', 1646, 0, '2021-12-12', 0),
	(86, 'CTI/44253', 272, 4800, 'SFT21120067', 3200, 0, '2021-12-12', 0),
	(87, 'CTI/44253', 273, 4800, 'SFT21120067', 0, 0, '2021-12-12', 0),
	(89, 'CTI/44261', 22, 3024, 'SFT21120081', 831, 0, '2021-12-12', 0),
	(90, 'CTI/44261', 23, 3024, 'SFT21120081', 7, 0, '2021-12-12', 0),
	(91, 'CTI/44261', 24, 3024, 'SFT21120081', 72, 0, '2021-12-12', 0),
	(92, 'CTI/44261', 25, 3024, 'SFT21120081', 0, 0, '2021-12-12', 0),
	(93, 'CTI/44261', 26, 3024, 'SFT21120081', 0, 0, '2021-12-12', 0),
	(94, 'CTI/44261', 27, 3024, 'SFT21120081', 9, 2, '2021-12-12', 0),
	(95, 'CTI/44261', 28, 3024, 'SFT21120081', 0, 0, '2021-12-12', 0),
	(96, 'CTI/44261', 100, 3024, 'SFT21120081', 836, 3, '2021-12-12', 0),
	(97, 'CTI/44261', 101, 3024, 'SFT21120081', 328, 0, '2021-12-12', 0),
	(98, 'CTI/44261', 102, 3024, 'SFT21120081', 843, 0, '2021-12-12', 0),
	(99, 'CTI/44261', 103, 3024, 'SFT21120081', 16, 0, '2021-12-12', 0),
	(100, 'CTI/44261', 104, 3024, 'SFT21120081', 2, 1, '2021-12-12', 0),
	(101, 'CTI/44261', 105, 3024, 'SFT21120081', 0, 0, '2021-12-12', 0),
	(102, 'CTI/44261', 106, 3024, 'SFT21120081', 1.5, 0, '2021-12-12', 0),
	(103, 'CTI/44261', 107, 3024, 'SFT21120081', 0, 0, '2021-12-12', 0),
	(104, 'CTI/44261', 108, 3024, 'SFT21120081', 0, 0, '2021-12-12', 0),
	(105, 'CTI/44261', 193, 3024, 'SFT21120081', 0, 0, '2021-12-12', 0),
	(106, 'CTI/44261', 194, 3024, 'SFT21120081', 31, 0, '2021-12-12', 0),
	(107, 'CTI/44261', 195, 3024, 'SFT21120081', 0, 0, '2021-12-12', 0),
	(108, 'CTI/44261', 196, 3024, 'SFT21120081', 61, 0, '2021-12-12', 0),
	(109, 'CTI/44261', 197, 3024, 'SFT21120081', 0, 0, '2021-12-12', 0),
	(110, 'CTI/44261', 198, 3024, 'SFT21120081', 302, 0, '2021-12-12', 0),
	(111, 'CTI/44261', 199, 3024, 'SFT21120081', 0, 0, '2021-12-12', 0),
	(112, 'CTI/44261', 200, 3024, 'SFT21120081', 1442, 0, '2021-12-12', 0),
	(113, 'CTI/44261', 201, 3024, 'SFT21120081', 1721, 0, '2021-12-12', 0),
	(114, 'CTI/44261', 491, 3024, 'SFT21120081', 127, 1, '2021-12-12', 0),
	(115, 'CTI/44261', 414, 1296, 'SFT21120072', 241, 1, '2021-12-12', 0),
	(116, 'CTI/44261', 415, 1296, 'SFT21120072', 2, 0, '2021-12-12', 0),
	(117, 'CTI/44261', 416, 1296, 'SFT21120072', 20, 1, '2021-12-12', 0),
	(118, 'CTI/44261', 417, 1296, 'SFT21120072', 36, 1, '2021-12-12', 0),
	(119, 'CTI/44261', 418, 1296, 'SFT21120072', 239, 1, '2021-12-12', 0),
	(120, 'CTI/44261', 419, 1296, 'SFT21120072', 511, 0, '2021-12-12', 0),
	(121, 'CTI/44261', 420, 1296, 'SFT21120072', 240, 0, '2021-12-12', 0),
	(122, 'CTI/44261', 421, 1296, 'SFT21120072', 4, 0, '2021-12-12', 0),
	(123, 'CTI/44261', 422, 1296, 'SFT21120072', 0, 0, '2021-12-12', 0),
	(124, 'CTI/44261', 423, 1296, 'SFT21120072', 0, 0, '2021-12-12', 0),
	(125, 'CTI/44261', 424, 1296, 'SFT21120072', 0.5, 0, '2021-12-12', 0),
	(126, 'CTI/44261', 425, 1296, 'SFT21120072', 0, 0, '2021-12-12', 0),
	(127, 'CTI/44261', 426, 1296, 'SFT21120072', 0, 0, '2021-12-12', 0),
	(128, 'CTI/44261', 427, 1296, 'SFT21120072', 0, 0, '2021-12-12', 0),
	(129, 'CTI/44261', 428, 1296, 'SFT21120072', 14, 1, '2021-12-12', 0),
	(130, 'CTI/44261', 429, 1296, 'SFT21120072', 0, 0, '2021-12-12', 0),
	(131, 'CTI/44261', 430, 1296, 'SFT21120072', 0, 0, '2021-12-12', 0),
	(132, 'CTI/44261', 431, 1296, 'SFT21120072', 0, 0, '2021-12-12', 0),
	(133, 'CTI/44261', 432, 1296, 'SFT21120072', 20, 1, '2021-12-12', 0),
	(134, 'CTI/44261', 433, 1296, 'SFT21120072', 0, 0, '2021-12-12', 0),
	(135, 'CTI/44261', 434, 1296, 'SFT21120072', 3, 0, '2021-12-12', 0),
	(136, 'CTI/44261', 435, 1296, 'SFT21120072', 86, 0, '2021-12-12', 0),
	(137, 'CTI/44261', 436, 1296, 'SFT21120072', 0, 0, '2021-12-12', 0),
	(138, 'CTI/44261', 437, 1296, 'SFT21120072', 413, 0, '2021-12-12', 0),
	(139, 'CTI/44261', 438, 1296, 'SFT21120072', 0, 0, '2021-12-12', 0),
	(140, 'CTI/44261', 439, 1296, 'SFT21120072', 751, 0, '2021-12-12', 0),
	(141, 'CTI/44261', 440, 1296, 'SFT21120072', 0, 0, '2021-12-12', 0),
	(142, 'CTI/44261', 37, 2106, 'SFT21120066', 2, 1, '2021-12-12', 0),
	(143, 'CTI/44261', 38, 2106, 'SFT21120066', 25, 0, '2021-12-12', 0),
	(144, 'CTI/44261', 39, 2106, 'SFT21120066', 45, 0, '2021-12-12', 0),
	(145, 'CTI/44261', 40, 2106, 'SFT21120066', 0, 0, '2021-12-12', 0),
	(146, 'CTI/44261', 41, 2106, 'SFT21120066', 0, 0, '2021-12-12', 0),
	(147, 'CTI/44261', 42, 2106, 'SFT21120066', 3, 0, '2021-12-12', 0),
	(148, 'CTI/44261', 43, 2106, 'SFT21120066', 0, 0, '2021-12-12', 0),
	(149, 'CTI/44261', 121, 2106, 'SFT21120066', 307, 0, '2021-12-12', 0),
	(150, 'CTI/44261', 122, 2106, 'SFT21120066', 656, 0, '2021-12-12', 0),
	(151, 'CTI/44261', 123, 2106, 'SFT21120066', 308, 0, '2021-12-12', 0),
	(152, 'CTI/44261', 124, 2106, 'SFT21120066', 2, 0, '2021-12-12', 0),
	(153, 'CTI/44261', 125, 2106, 'SFT21120066', 1, 0, '2021-12-12', 0),
	(154, 'CTI/44261', 126, 2106, 'SFT21120066', 0, 0, '2021-12-12', 0),
	(155, 'CTI/44261', 127, 2106, 'SFT21120066', 0.5, 0, '2021-12-12', 0),
	(156, 'CTI/44261', 128, 2106, 'SFT21120066', 0, 0, '2021-12-12', 0),
	(157, 'CTI/44261', 129, 2106, 'SFT21120066', 0, 0, '2021-12-12', 0),
	(158, 'CTI/44261', 211, 2106, 'SFT21120066', 0, 0, '2021-12-12', 0),
	(159, 'CTI/44261', 212, 2106, 'SFT21120066', 16, 0, '2021-12-12', 0),
	(160, 'CTI/44261', 213, 2106, 'SFT21120066', 0, 0, '2021-12-12', 0),
	(161, 'CTI/44261', 214, 2106, 'SFT21120066', 22, 0, '2021-12-12', 0),
	(162, 'CTI/44261', 215, 2106, 'SFT21120066', 0, 0, '2021-12-12', 0),
	(163, 'CTI/44261', 216, 2106, 'SFT21120066', 98, 1, '2021-12-12', 0),
	(164, 'CTI/44261', 217, 2106, 'SFT21120066', 0, 0, '2021-12-12', 0),
	(165, 'CTI/44261', 218, 2106, 'SFT21120066', 0, 0, '2021-12-12', 0),
	(166, 'CTI/44261', 219, 2106, 'SFT21120066', 1049, 0, '2021-12-12', 0),
	(167, 'CTI/44261', 520, 2106, 'SFT21120066', 151, 0, '2021-12-12', 0),
	(169, 'CTI/44262', 414, 3024, 'SFT21120070', 541, 0, '2021-12-12', 0),
	(170, 'CTI/44262', 415, 3024, 'SFT21120070', 4, 1, '2021-12-12', 0),
	(171, 'CTI/44262', 416, 3024, 'SFT21120070', 48, 0, '2021-12-12', 0),
	(172, 'CTI/44262', 417, 3024, 'SFT21120070', 85, 0, '2021-12-12', 0),
	(173, 'CTI/44262', 418, 3024, 'SFT21120070', 559, 0, '2021-12-12', 0),
	(174, 'CTI/44262', 419, 3024, 'SFT21120070', 1193, 0, '2021-12-12', 0),
	(175, 'CTI/44262', 420, 3024, 'SFT21120070', 562, 0, '2021-12-12', 0),
	(176, 'CTI/44262', 421, 3024, 'SFT21120070', 0, 0, '2021-12-12', 0),
	(177, 'CTI/44262', 422, 3024, 'SFT21120070', 2.5, 0, '2021-12-12', 0),
	(178, 'CTI/44262', 423, 3024, 'SFT21120070', 0, 0, '2021-12-12', 0),
	(179, 'CTI/44262', 424, 3024, 'SFT21120070', 1, 0, '2021-12-12', 0),
	(180, 'CTI/44262', 425, 3024, 'SFT21120070', 0, 0, '2021-12-12', 0),
	(181, 'CTI/44262', 426, 3024, 'SFT21120070', 0, 0, '2021-12-12', 0),
	(182, 'CTI/44262', 427, 3024, 'SFT21120070', 0, 0, '2021-12-12', 0),
	(183, 'CTI/44262', 428, 3024, 'SFT21120070', 0, 0, '2021-12-12', 0),
	(184, 'CTI/44262', 429, 3024, 'SFT21120070', 0, 0, '2021-12-12', 0),
	(185, 'CTI/44262', 430, 3024, 'SFT21120070', 0, 0, '2021-12-12', 0),
	(186, 'CTI/44262', 431, 3024, 'SFT21120070', 0, 0, '2021-12-12', 0),
	(187, 'CTI/44262', 432, 3024, 'SFT21120070', 48, 0, '2021-12-12', 0),
	(188, 'CTI/44262', 433, 3024, 'SFT21120070', 8, 0, '2021-12-12', 0),
	(189, 'CTI/44262', 434, 3024, 'SFT21120070', 7, 1, '2021-12-12', 0),
	(190, 'CTI/44262', 435, 3024, 'SFT21120070', 201, 1, '2021-12-12', 0),
	(191, 'CTI/44262', 436, 3024, 'SFT21120070', 0, 0, '2021-12-12', 0),
	(192, 'CTI/44262', 437, 3024, 'SFT21120070', 827, 0, '2021-12-12', 0),
	(193, 'CTI/44262', 438, 3024, 'SFT21120070', 0, 0, '2021-12-12', 0),
	(194, 'CTI/44262', 439, 3024, 'SFT21120070', 0, 0, '2021-12-12', 0),
	(195, 'CTI/44262', 440, 3024, 'SFT21120070', 0, 0, '2021-12-12', 0),
	(197, 'CTI/44263', 22, 1296, 'SFT21120082', 360, 0, '2021-12-12', 0),
	(198, 'CTI/44263', 23, 1296, 'SFT21120082', 3, 0, '2021-12-12', 0),
	(199, 'CTI/44263', 24, 1296, 'SFT21120082', 31, 0, '2021-12-12', 0),
	(200, 'CTI/44263', 25, 1296, 'SFT21120082', 0, 0, '2021-12-12', 0),
	(201, 'CTI/44263', 26, 1296, 'SFT21120082', 0, 0, '2021-12-12', 0),
	(202, 'CTI/44263', 27, 1296, 'SFT21120082', 4, 1, '2021-12-12', 0),
	(203, 'CTI/44263', 28, 1296, 'SFT21120082', 0, 0, '2021-12-12', 0),
	(204, 'CTI/44263', 100, 1296, 'SFT21120082', 358, 2, '2021-12-12', 0),
	(205, 'CTI/44263', 101, 1296, 'SFT21120082', 767, 0, '2021-12-12', 0),
	(206, 'CTI/44263', 102, 1296, 'SFT21120082', 361, 0, '2021-12-12', 0),
	(207, 'CTI/44263', 103, 1296, 'SFT21120082', 6, 1, '2021-12-12', 0),
	(208, 'CTI/44263', 104, 1296, 'SFT21120082', 1, 0, '2021-12-12', 0),
	(209, 'CTI/44263', 105, 1296, 'SFT21120082', 0, 0, '2021-12-12', 0),
	(210, 'CTI/44263', 106, 1296, 'SFT21120082', 0.5, 0, '2021-12-12', 0),
	(211, 'CTI/44263', 107, 1296, 'SFT21120082', 0, 0, '2021-12-12', 0),
	(212, 'CTI/44263', 108, 1296, 'SFT21120082', 0, 0, '2021-12-12', 0),
	(213, 'CTI/44263', 193, 1296, 'SFT21120082', 0, 0, '2021-12-12', 0),
	(214, 'CTI/44263', 194, 1296, 'SFT21120082', 0, 0, '2021-12-12', 0),
	(215, 'CTI/44263', 195, 1296, 'SFT21120082', 0, 0, '2021-12-12', 0),
	(216, 'CTI/44263', 196, 1296, 'SFT21120082', 26, 0, '2021-12-12', 0),
	(217, 'CTI/44263', 197, 1296, 'SFT21120082', 0, 0, '2021-12-12', 0),
	(218, 'CTI/44263', 198, 1296, 'SFT21120082', 129, 0, '2021-12-12', 0),
	(219, 'CTI/44263', 199, 1296, 'SFT21120082', 0, 0, '2021-12-12', 0),
	(220, 'CTI/44263', 200, 1296, 'SFT21120082', 605, 0, '2021-12-12', 0),
	(221, 'CTI/44263', 201, 1296, 'SFT21120082', 0, 0, '2021-12-12', 0),
	(222, 'CTI/44263', 491, 1296, 'SFT21120082', 0, 0, '2021-12-12', 0),
	(223, 'CTI/44263', 414, 1296, 'SFT21120073', 232, 0, '2021-12-12', 0),
	(224, 'CTI/44263', 415, 1296, 'SFT21120073', 2, 0, '2021-12-12', 0),
	(225, 'CTI/44263', 416, 1296, 'SFT21120073', 20, 1, '2021-12-12', 0),
	(226, 'CTI/44263', 417, 1296, 'SFT21120073', 0, 0, '2021-12-12', 0),
	(227, 'CTI/44263', 418, 1296, 'SFT21120073', 239, 0, '2021-12-12', 0),
	(228, 'CTI/44263', 419, 1296, 'SFT21120073', 511, 0, '2021-12-12', 0),
	(229, 'CTI/44263', 420, 1296, 'SFT21120073', 240, 0, '2021-12-12', 0),
	(230, 'CTI/44263', 421, 1296, 'SFT21120073', 4, 0, '2021-12-12', 0),
	(231, 'CTI/44263', 422, 1296, 'SFT21120073', 1, 0, '2021-12-12', 0),
	(232, 'CTI/44263', 423, 1296, 'SFT21120073', 0, 0, '2021-12-12', 0),
	(233, 'CTI/44263', 424, 1296, 'SFT21120073', 0.5, 0, '2021-12-12', 0),
	(234, 'CTI/44263', 425, 1296, 'SFT21120073', 0, 0, '2021-12-12', 0),
	(235, 'CTI/44263', 426, 1296, 'SFT21120073', 0, 0, '2021-12-12', 0),
	(236, 'CTI/44263', 427, 1296, 'SFT21120073', 0, 0, '2021-12-12', 0),
	(237, 'CTI/44263', 428, 1296, 'SFT21120073', 0, 0, '2021-12-12', 0),
	(238, 'CTI/44263', 429, 1296, 'SFT21120073', 0, 0, '2021-12-12', 0),
	(239, 'CTI/44263', 430, 1296, 'SFT21120073', 0, 0, '2021-12-12', 0),
	(240, 'CTI/44263', 431, 1296, 'SFT21120073', 0, 0, '2021-12-12', 0),
	(241, 'CTI/44263', 432, 1296, 'SFT21120073', 20, 0, '2021-12-12', 0),
	(242, 'CTI/44263', 433, 1296, 'SFT21120073', 0, 0, '2021-12-12', 0),
	(243, 'CTI/44263', 434, 1296, 'SFT21120073', 3, 0, '2021-12-12', 0),
	(244, 'CTI/44263', 435, 1296, 'SFT21120073', 86, 0, '2021-12-12', 0),
	(245, 'CTI/44263', 436, 1296, 'SFT21120073', 0, 0, '2021-12-12', 0),
	(246, 'CTI/44263', 437, 1296, 'SFT21120073', 413, 0, '2021-12-12', 0),
	(247, 'CTI/44263', 438, 1296, 'SFT21120073', 0, 0, '2021-12-12', 0),
	(248, 'CTI/44263', 439, 1296, 'SFT21120073', 0, 0, '2021-12-12', 0),
	(249, 'CTI/44263', 440, 1296, 'SFT21120073', 0, 0, '2021-12-12', 0),
	(250, 'CTI/44263', 37, 2106, 'SFT21120068', 2, 1, '2021-12-12', 0),
	(251, 'CTI/44263', 38, 2106, 'SFT21120068', 25, 0, '2021-12-12', 0),
	(252, 'CTI/44263', 39, 2106, 'SFT21120068', 0, 0, '2021-12-12', 0),
	(253, 'CTI/44263', 40, 2106, 'SFT21120068', 0, 0, '2021-12-12', 0),
	(254, 'CTI/44263', 41, 2106, 'SFT21120068', 0, 0, '2021-12-12', 0),
	(255, 'CTI/44263', 42, 2106, 'SFT21120068', 3, 0, '2021-12-12', 0),
	(256, 'CTI/44263', 43, 2106, 'SFT21120068', 0, 0, '2021-12-12', 0),
	(257, 'CTI/44263', 121, 2106, 'SFT21120068', 307, 0, '2021-12-12', 0),
	(258, 'CTI/44263', 122, 2106, 'SFT21120068', 656, 0, '2021-12-12', 0),
	(259, 'CTI/44263', 123, 2106, 'SFT21120068', 308, 0, '2021-12-12', 0),
	(260, 'CTI/44263', 124, 2106, 'SFT21120068', 5, 0, '2021-12-12', 0),
	(261, 'CTI/44263', 125, 2106, 'SFT21120068', 1.4, 0.1, '2021-12-12', 0),
	(262, 'CTI/44263', 126, 2106, 'SFT21120068', 0, 0, '2021-12-12', 0),
	(263, 'CTI/44263', 127, 2106, 'SFT21120068', 0.5, 0, '2021-12-12', 0),
	(264, 'CTI/44263', 128, 2106, 'SFT21120068', 0, 0, '2021-12-12', 0),
	(265, 'CTI/44263', 129, 2106, 'SFT21120068', 0, 0, '2021-12-12', 0),
	(266, 'CTI/44263', 211, 2106, 'SFT21120068', 0, 0, '2021-12-12', 0),
	(267, 'CTI/44263', 212, 2106, 'SFT21120068', 0, 0, '2021-12-12', 0),
	(268, 'CTI/44263', 213, 2106, 'SFT21120068', 0, 0, '2021-12-12', 0),
	(269, 'CTI/44263', 214, 2106, 'SFT21120068', 22, 0, '2021-12-12', 0),
	(270, 'CTI/44263', 215, 2106, 'SFT21120068', 0, 0, '2021-12-12', 0),
	(271, 'CTI/44263', 216, 2106, 'SFT21120068', 98, 1, '2021-12-12', 0),
	(272, 'CTI/44263', 217, 2106, 'SFT21120068', 0, 0, '2021-12-12', 0),
	(273, 'CTI/44263', 218, 2106, 'SFT21120068', 413, 0, '2021-12-12', 0),
	(274, 'CTI/44263', 219, 2106, 'SFT21120068', 0, 0, '2021-12-12', 0),
	(275, 'CTI/44263', 520, 2106, 'SFT21120068', 150, 0, '2021-12-12', 0),
	(277, 'CTI/44264', 22, 5184, 'SFT21120080', 1445, 0, '2021-12-12', 0),
	(278, 'CTI/44264', 23, 5184, 'SFT21120080', 12, 0, '2021-12-12', 0),
	(279, 'CTI/44264', 24, 5184, 'SFT21120080', 123, 0, '2021-12-12', 0),
	(280, 'CTI/44264', 25, 5184, 'SFT21120080', 2, 0, '2021-12-12', 0),
	(281, 'CTI/44264', 26, 5184, 'SFT21120080', 2, 0, '2021-12-12', 0),
	(282, 'CTI/44264', 27, 5184, 'SFT21120080', 12, 0, '2021-12-12', 0),
	(283, 'CTI/44264', 28, 5184, 'SFT21120080', 0, 0, '2021-12-12', 0),
	(284, 'CTI/44264', 100, 5184, 'SFT21120080', 1433, 6, '2021-12-12', 0),
	(285, 'CTI/44264', 101, 5184, 'SFT21120080', 3068, 0, '2021-12-12', 0),
	(286, 'CTI/44264', 102, 5184, 'SFT21120080', 0, 0, '2021-12-12', 0),
	(287, 'CTI/44264', 103, 5184, 'SFT21120080', 27, 0, '2021-12-12', 0),
	(288, 'CTI/44264', 104, 5184, 'SFT21120080', 3.5, 0, '2021-12-12', 0),
	(289, 'CTI/44264', 105, 5184, 'SFT21120080', 0, 0, '2021-12-12', 0),
	(290, 'CTI/44264', 106, 5184, 'SFT21120080', 2.5, 0, '2021-12-12', 0),
	(291, 'CTI/44264', 107, 5184, 'SFT21120080', 0, 0, '2021-12-12', 0),
	(292, 'CTI/44264', 108, 5184, 'SFT21120080', 0, 0, '2021-12-12', 0),
	(293, 'CTI/44264', 193, 5184, 'SFT21120080', 0, 0, '2021-12-12', 0),
	(294, 'CTI/44264', 194, 5184, 'SFT21120080', 52, 11, '2021-12-12', 0),
	(295, 'CTI/44264', 195, 5184, 'SFT21120080', 0.51, 0.1, '2021-12-12', 0),
	(296, 'CTI/44264', 196, 5184, 'SFT21120080', 112, 0, '2021-12-12', 0),
	(297, 'CTI/44264', 197, 5184, 'SFT21120080', 114, 0, '2021-12-12', 0),
	(298, 'CTI/44264', 198, 5184, 'SFT21120080', 517, 0, '2021-12-12', 0),
	(299, 'CTI/44264', 199, 5184, 'SFT21120080', 0, 0, '2021-12-12', 0),
	(300, 'CTI/44264', 200, 5184, 'SFT21120080', 2472, 1, '2021-12-12', 0),
	(301, 'CTI/44264', 201, 5184, 'SFT21120080', 3180, 0, '2021-12-12', 0),
	(302, 'CTI/44264', 491, 5184, 'SFT21120080', 0, 0, '2021-12-12', 0),
	(304, 'CTI/44265', 37, 15600, 'SFT21120049', 0, 0, '2021-12-12', 0),
	(305, 'CTI/44265', 38, 15600, 'SFT21120049', 0, 0, '2021-12-12', 0),
	(306, 'CTI/44265', 39, 15600, 'SFT21120049', 0, 0, '2021-12-12', 0),
	(307, 'CTI/44265', 40, 15600, 'SFT21120049', 6, 0, '2021-12-12', 0),
	(308, 'CTI/44265', 41, 15600, 'SFT21120049', 4, 1, '2021-12-12', 0),
	(309, 'CTI/44265', 42, 15600, 'SFT21120049', 24, 1, '2021-12-12', 0),
	(310, 'CTI/44265', 43, 15600, 'SFT21120049', 0, 0, '2021-12-12', 0),
	(311, 'CTI/44265', 121, 15600, 'SFT21120049', 83, 0, '2021-12-12', 0),
	(312, 'CTI/44265', 122, 15600, 'SFT21120049', 4830, 0, '2021-12-12', 0),
	(313, 'CTI/44265', 123, 15600, 'SFT21120049', 1538, 0, '2021-12-12', 0),
	(314, 'CTI/44265', 124, 15600, 'SFT21120049', 42, 0, '2021-12-12', 0),
	(315, 'CTI/44265', 125, 15600, 'SFT21120049', 10, 1, '2021-12-12', 0),
	(316, 'CTI/44265', 126, 15600, 'SFT21120049', 0, 0, '2021-12-12', 0),
	(317, 'CTI/44265', 127, 15600, 'SFT21120049', 4, 1, '2021-12-12', 0),
	(318, 'CTI/44265', 128, 15600, 'SFT21120049', 1.5, 0, '2021-12-12', 0),
	(319, 'CTI/44265', 129, 15600, 'SFT21120049', 0, 0, '2021-12-12', 0),
	(320, 'CTI/44265', 211, 15600, 'SFT21120049', 16, 0, '2021-12-12', 0),
	(321, 'CTI/44265', 212, 15600, 'SFT21120049', 119, 0, '2021-12-12', 0),
	(322, 'CTI/44265', 213, 15600, 'SFT21120049', 0, 0, '2021-12-12', 0),
	(323, 'CTI/44265', 214, 15600, 'SFT21120049', 164, 0, '2021-12-12', 0),
	(324, 'CTI/44265', 215, 15600, 'SFT21120049', 176, 0, '2021-12-12', 0),
	(325, 'CTI/44265', 216, 15600, 'SFT21120049', 530, 27, '2021-12-12', 0),
	(326, 'CTI/44265', 217, 15600, 'SFT21120049', 1637, 0, '2021-12-12', 0),
	(327, 'CTI/44265', 218, 15600, 'SFT21120049', 3272, 0, '2021-12-12', 0),
	(328, 'CTI/44265', 219, 15600, 'SFT21120049', 0, 0, '2021-12-12', 0),
	(329, 'CTI/44265', 520, 15600, 'SFT21120049', 1610, 0, '2021-12-12', 0),
	(331, 'CTI/44266', 37, 15444, 'SFT21120064', 18, 1, '2021-12-12', 0),
	(332, 'CTI/44266', 38, 15444, 'SFT21120064', 186, 0, '2021-12-12', 0),
	(333, 'CTI/44266', 39, 15444, 'SFT21120064', 0, 0, '2021-12-12', 0),
	(334, 'CTI/44266', 40, 15444, 'SFT21120064', 6, 0, '2021-12-12', 0),
	(335, 'CTI/44266', 41, 15444, 'SFT21120064', 0, 0, '2021-12-12', 0),
	(336, 'CTI/44266', 42, 15444, 'SFT21120064', 24, 1, '2021-12-12', 0),
	(337, 'CTI/44266', 43, 15444, 'SFT21120064', 0, 0, '2021-12-12', 0),
	(338, 'CTI/44266', 121, 15444, 'SFT21120064', 1566, 0, '2021-12-12', 0),
	(339, 'CTI/44266', 122, 15444, 'SFT21120064', 4812, 0, '2021-12-12', 0),
	(340, 'CTI/44266', 123, 15444, 'SFT21120064', 2000, 0, '2021-12-12', 0),
	(341, 'CTI/44266', 124, 15444, 'SFT21120064', 41, 1, '2021-12-12', 0),
	(342, 'CTI/44266', 125, 15444, 'SFT21120064', 10, 0, '2021-12-12', 0),
	(343, 'CTI/44266', 126, 15444, 'SFT21120064', 0, 0, '2021-12-12', 0),
	(344, 'CTI/44266', 127, 15444, 'SFT21120064', 4, 1, '2021-12-12', 0),
	(345, 'CTI/44266', 128, 15444, 'SFT21120064', 1.5, 0, '2021-12-12', 0),
	(346, 'CTI/44266', 129, 15444, 'SFT21120064', 0, 0, '2021-12-12', 0),
	(347, 'CTI/44266', 211, 15444, 'SFT21120064', 31, 0, '2021-12-12', 0),
	(348, 'CTI/44266', 212, 15444, 'SFT21120064', 118, 1, '2021-12-12', 0),
	(349, 'CTI/44266', 213, 15444, 'SFT21120064', 0, 0, '2021-12-12', 0),
	(350, 'CTI/44266', 214, 15444, 'SFT21120064', 0, 0, '2021-12-12', 0),
	(351, 'CTI/44266', 215, 15444, 'SFT21120064', 0, 0, '2021-12-12', 0),
	(352, 'CTI/44266', 216, 15444, 'SFT21120064', 722, 1, '2021-12-12', 0),
	(353, 'CTI/44266', 217, 15444, 'SFT21120064', 0, 0, '2021-12-12', 0),
	(354, 'CTI/44266', 218, 15444, 'SFT21120064', 3251, 0, '2021-12-12', 0),
	(355, 'CTI/44266', 219, 15444, 'SFT21120064', 0, 0, '2021-12-12', 0),
	(356, 'CTI/44266', 520, 15444, 'SFT21120064', 1103, 0, '2021-12-12', 0),
	(411, 'CTI/44368', 68, 7056, 'SFT21120088', 2223, 0, '2021-12-12', 0),
	(412, 'CTI/44368', 69, 7056, 'SFT21120088', 18, 0, '2021-12-12', 0),
	(413, 'CTI/44368', 70, 7056, 'SFT21120088', 185, 1, '2021-12-12', 0),
	(414, 'CTI/44368', 71, 7056, 'SFT21120088', 3, 0, '2021-12-12', 0),
	(415, 'CTI/44368', 72, 7056, 'SFT21120088', 2, 1, '2021-12-12', 0),
	(416, 'CTI/44368', 73, 7056, 'SFT21120088', 22, 1, '2021-12-12', 0),
	(417, 'CTI/44368', 74, 7056, 'SFT21120088', 0, 0, '2021-12-12', 0),
	(418, 'CTI/44368', 157, 7056, 'SFT21120088', 2216, 1, '2021-12-12', 0),
	(419, 'CTI/44368', 158, 7056, 'SFT21120088', 4726, 0, '2021-12-12', 0),
	(420, 'CTI/44368', 159, 7056, 'SFT21120088', 1774, 0, '2021-12-12', 0),
	(421, 'CTI/44368', 160, 7056, 'SFT21120088', 41, 1, '2021-12-12', 0),
	(422, 'CTI/44368', 161, 7056, 'SFT21120088', 4, 1, '2021-12-12', 0),
	(423, 'CTI/44368', 162, 7056, 'SFT21120088', 0, 0, '2021-12-12', 0),
	(424, 'CTI/44368', 163, 7056, 'SFT21120088', 4, 0, '2021-12-12', 0),
	(425, 'CTI/44368', 164, 7056, 'SFT21120088', 0.7, 0.3, '2021-12-12', 0),
	(426, 'CTI/44368', 165, 7056, 'SFT21120088', 0, 0, '2021-12-12', 0),
	(427, 'CTI/44368', 247, 7056, 'SFT21120088', 23, 1, '2021-12-12', 0),
	(428, 'CTI/44368', 248, 7056, 'SFT21120088', 71, 0, '2021-12-12', 0),
	(429, 'CTI/44368', 249, 7056, 'SFT21120088', 0.7, 0, '2021-12-12', 0),
	(430, 'CTI/44368', 250, 7056, 'SFT21120088', 141, 1, '2021-12-12', 0),
	(431, 'CTI/44368', 251, 7056, 'SFT21120088', 0, 0, '2021-12-12', 0),
	(432, 'CTI/44368', 252, 7056, 'SFT21120088', 97, 0, '2021-12-12', 0),
	(433, 'CTI/44368', 253, 7056, 'SFT21120088', 1646, 0, '2021-12-12', 0),
	(434, 'CTI/44368', 254, 7056, 'SFT21120088', 3200, 0, '2021-12-12', 0),
	(435, 'CTI/44368', 255, 7056, 'SFT21120088', 0, 0, '2021-12-12', 0),
	(436, 'CTI/44368', 519, 7056, 'SFT21120088', 0, 0, '2021-12-12', 0),
	(438, 'CTI/44369', 68, 7056, 'SFT21120087', 2171, 0, '2021-12-12', 0),
	(439, 'CTI/44369', 69, 7056, 'SFT21120087', 18, 0, '2021-12-12', 0),
	(440, 'CTI/44369', 70, 7056, 'SFT21120087', 185, 1, '2021-12-12', 0),
	(441, 'CTI/44369', 71, 7056, 'SFT21120087', 0, 0, '2021-12-12', 0),
	(442, 'CTI/44369', 72, 7056, 'SFT21120087', 0, 0, '2021-12-12', 0),
	(443, 'CTI/44369', 73, 7056, 'SFT21120087', 22, 1, '2021-12-12', 0),
	(444, 'CTI/44369', 74, 7056, 'SFT21120087', 0, 0, '2021-12-12', 0),
	(445, 'CTI/44369', 157, 7056, 'SFT21120087', 2216, 1, '2021-12-12', 0),
	(446, 'CTI/44369', 158, 7056, 'SFT21120087', 229, 0, '2021-12-12', 0),
	(447, 'CTI/44369', 159, 7056, 'SFT21120087', 0, 0, '2021-12-12', 0),
	(448, 'CTI/44369', 160, 7056, 'SFT21120087', 41, 1, '2021-12-12', 0),
	(449, 'CTI/44369', 161, 7056, 'SFT21120087', 0, 0, '2021-12-12', 0),
	(450, 'CTI/44369', 162, 7056, 'SFT21120087', 0, 0, '2021-12-12', 0),
	(451, 'CTI/44369', 163, 7056, 'SFT21120087', 4, 0, '2021-12-12', 0),
	(452, 'CTI/44369', 164, 7056, 'SFT21120087', 0.5, 0, '2021-12-12', 0),
	(453, 'CTI/44369', 165, 7056, 'SFT21120087', 0.5, 0, '2021-12-12', 0),
	(454, 'CTI/44369', 247, 7056, 'SFT21120087', 0, 0, '2021-12-12', 0),
	(455, 'CTI/44369', 248, 7056, 'SFT21120087', 71, 0, '2021-12-12', 0),
	(456, 'CTI/44369', 249, 7056, 'SFT21120087', 0, 0, '2021-12-12', 0),
	(457, 'CTI/44369', 250, 7056, 'SFT21120087', 141, 1, '2021-12-12', 0),
	(458, 'CTI/44369', 251, 7056, 'SFT21120087', 147, 0, '2021-12-12', 0),
	(459, 'CTI/44369', 252, 7056, 'SFT21120087', 724, 1, '2021-12-12', 0),
	(460, 'CTI/44369', 253, 7056, 'SFT21120087', 0, 0, '2021-12-12', 0),
	(461, 'CTI/44369', 254, 7056, 'SFT21120087', 3293, 0, '2021-12-12', 0),
	(462, 'CTI/44369', 255, 7056, 'SFT21120087', 0, 0, '2021-12-12', 0),
	(463, 'CTI/44369', 519, 7056, 'SFT21120087', 0, 0, '2021-12-12', 0),
	(492, 'CTI/44381', 441, 4800, 'SFT21120047', 2100, 48, '2021-12-12', 0),
	(493, 'CTI/44381', 442, 4800, 'SFT21120047', 18, 1, '2021-12-12', 0),
	(494, 'CTI/44381', 443, 4800, 'SFT21120047', 188, 0, '2021-12-12', 0),
	(495, 'CTI/44381', 444, 4800, 'SFT21120047', 0, 0, '2021-12-12', 0),
	(496, 'CTI/44381', 445, 4800, 'SFT21120047', 935, 0, '2021-12-12', 0),
	(497, 'CTI/44381', 446, 4800, 'SFT21120047', 4586, 1408, '2021-12-12', 0),
	(498, 'CTI/44381', 447, 4800, 'SFT21120047', 2160, 0, '2021-12-12', 0),
	(499, 'CTI/44381', 448, 4800, 'SFT21120047', 42, 0, '2021-12-12', 0),
	(500, 'CTI/44381', 449, 4800, 'SFT21120047', 5, 0, '2021-12-12', 0),
	(501, 'CTI/44381', 450, 4800, 'SFT21120047', 0.4, 0, '2021-12-12', 0),
	(502, 'CTI/44381', 451, 4800, 'SFT21120047', 4, 0, '2021-12-12', 0),
	(503, 'CTI/44381', 452, 4800, 'SFT21120047', 0.9, 0.1, '2021-12-12', 0),
	(504, 'CTI/44381', 453, 4800, 'SFT21120047', 0.9, 0.1, '2021-12-12', 0),
	(505, 'CTI/44381', 454, 4800, 'SFT21120047', 24, 0, '2021-12-12', 0),
	(506, 'CTI/44381', 455, 4800, 'SFT21120047', 71, 1, '2021-12-12', 0),
	(507, 'CTI/44381', 456, 4800, 'SFT21120047', 0.48, 0, '2021-12-12', 0),
	(508, 'CTI/44381', 457, 4800, 'SFT21120047', 3, 0, '2021-12-12', 0),
	(509, 'CTI/44381', 458, 4800, 'SFT21120047', 0, 0, '2021-12-12', 0),
	(510, 'CTI/44381', 459, 4800, 'SFT21120047', 141, 1, '2021-12-12', 0),
	(511, 'CTI/44381', 460, 4800, 'SFT21120047', 147, 0, '2021-12-12', 0),
	(512, 'CTI/44381', 461, 4800, 'SFT21120047', 0, 0, '2021-12-12', 0),
	(513, 'CTI/44381', 462, 4800, 'SFT21120047', 671, 0, '2021-12-12', 0),
	(514, 'CTI/44381', 463, 4800, 'SFT21120047', 1646, 0, '2021-12-12', 0),
	(515, 'CTI/44381', 464, 4800, 'SFT21120047', 3200, 0, '2021-12-12', 0),
	(516, 'CTI/44381', 465, 4800, 'SFT21120047', 3400, 0, '2021-12-12', 0),
	(517, 'CTI/44381', 466, 4800, 'SFT21120047', 0, 0, '2021-12-12', 0),
	(519, 'CTI/44382', 441, 4800, 'SFT21120048', 2100, 0, '2021-12-12', 0),
	(520, 'CTI/44382', 442, 4800, 'SFT21120048', 18, 1, '2021-12-12', 0),
	(521, 'CTI/44382', 443, 4800, 'SFT21120048', 188, 0, '2021-12-12', 0),
	(522, 'CTI/44382', 444, 4800, 'SFT21120048', 0, 0, '2021-12-12', 0),
	(523, 'CTI/44382', 445, 4800, 'SFT21120048', 2130, 0, '2021-12-12', 0),
	(524, 'CTI/44382', 446, 4800, 'SFT21120048', 4586, 22, '2021-12-12', 0),
	(525, 'CTI/44382', 447, 4800, 'SFT21120048', 2160, 0, '2021-12-12', 0),
	(526, 'CTI/44382', 448, 4800, 'SFT21120048', 45, 0, '2021-12-12', 0),
	(527, 'CTI/44382', 449, 4800, 'SFT21120048', 5, 0, '2021-12-12', 0),
	(528, 'CTI/44382', 450, 4800, 'SFT21120048', 0.4, 0, '2021-12-12', 0),
	(529, 'CTI/44382', 451, 4800, 'SFT21120048', 4, 0, '2021-12-12', 0),
	(530, 'CTI/44382', 452, 4800, 'SFT21120048', 0.9, 0.1, '2021-12-12', 0),
	(531, 'CTI/44382', 453, 4800, 'SFT21120048', 0.9, 0.1, '2021-12-12', 0),
	(532, 'CTI/44382', 454, 4800, 'SFT21120048', 24, 0, '2021-12-12', 0),
	(533, 'CTI/44382', 455, 4800, 'SFT21120048', 71, 1, '2021-12-12', 0),
	(534, 'CTI/44382', 456, 4800, 'SFT21120048', 0.48, 0, '2021-12-12', 0),
	(535, 'CTI/44382', 457, 4800, 'SFT21120048', 1, 0, '2021-12-12', 0),
	(536, 'CTI/44382', 458, 4800, 'SFT21120048', 0, 0, '2021-12-12', 0),
	(537, 'CTI/44382', 459, 4800, 'SFT21120048', 141, 1, '2021-12-12', 0),
	(538, 'CTI/44382', 460, 4800, 'SFT21120048', 147, 0, '2021-12-12', 0),
	(539, 'CTI/44382', 461, 4800, 'SFT21120048', 0, 0, '2021-12-12', 0),
	(540, 'CTI/44382', 462, 4800, 'SFT21120048', 727, 0, '2021-12-12', 0),
	(541, 'CTI/44382', 463, 4800, 'SFT21120048', 1646, 0, '2021-12-12', 0),
	(542, 'CTI/44382', 464, 4800, 'SFT21120048', 3200, 0, '2021-12-12', 0),
	(543, 'CTI/44382', 465, 4800, 'SFT21120048', 3400, 0, '2021-12-12', 0),
	(544, 'CTI/44382', 466, 4800, 'SFT21120048', 0, 0, '2021-12-12', 0),
	(546, 'CTI/44393', 75, 400, 'SFT21120094', 150, 0, '2021-12-12', 0),
	(547, 'CTI/44393', 76, 400, 'SFT21120094', 0, 0, '2021-12-12', 0),
	(548, 'CTI/44393', 77, 400, 'SFT21120094', 15, 1, '2021-12-12', 0),
	(549, 'CTI/44393', 78, 400, 'SFT21120094', 0, 0, '2021-12-12', 0),
	(550, 'CTI/44393', 79, 400, 'SFT21120094', 0, 0, '2021-12-12', 0),
	(551, 'CTI/44393', 80, 400, 'SFT21120094', 0.2, 0.8, '2021-12-12', 0),
	(552, 'CTI/44393', 81, 400, 'SFT21120094', 0, 0, '2021-12-12', 0),
	(553, 'CTI/44393', 82, 400, 'SFT21120094', 0, 0, '2021-12-12', 0),
	(554, 'CTI/44393', 166, 400, 'SFT21120094', 180, 0, '2021-12-12', 0),
	(555, 'CTI/44393', 167, 400, 'SFT21120094', 0, 0, '2021-12-12', 0),
	(556, 'CTI/44393', 168, 400, 'SFT21120094', 0, 0, '2021-12-12', 0),
	(557, 'CTI/44393', 169, 400, 'SFT21120094', 3, 29, '2021-12-12', 0),
	(558, 'CTI/44393', 170, 400, 'SFT21120094', 0, 0, '2021-12-12', 0),
	(559, 'CTI/44393', 171, 400, 'SFT21120094', 0, 0, '2021-12-12', 0),
	(560, 'CTI/44393', 172, 400, 'SFT21120094', 0.3, 0.7, '2021-12-12', 0),
	(561, 'CTI/44393', 173, 400, 'SFT21120094', 0, 0, '2021-12-12', 0),
	(562, 'CTI/44393', 174, 400, 'SFT21120094', 0.08, 0, '2021-12-12', 0),
	(563, 'CTI/44393', 256, 400, 'SFT21120094', 0, 0, '2021-12-12', 0),
	(564, 'CTI/44393', 257, 400, 'SFT21120094', 0, 0, '2021-12-12', 0),
	(565, 'CTI/44393', 258, 400, 'SFT21120094', 0, 0, '2021-12-12', 0),
	(566, 'CTI/44393', 259, 400, 'SFT21120094', 11, 1, '2021-12-12', 0),
	(567, 'CTI/44393', 260, 400, 'SFT21120094', 12, 0, '2021-12-12', 0),
	(568, 'CTI/44393', 261, 400, 'SFT21120094', 60, 1, '2021-12-12', 0),
	(569, 'CTI/44393', 262, 400, 'SFT21120094', 0, 0, '2021-12-12', 0),
	(570, 'CTI/44393', 263, 400, 'SFT21120094', 0, 0, '2021-12-12', 0),
	(571, 'CTI/44393', 264, 400, 'SFT21120094', 0, 0, '2021-12-12', 0),
	(572, 'CTI/44393', 68, 6468, 'SFT21120089', 1950, 0, '2021-12-12', 0),
	(573, 'CTI/44393', 69, 6468, 'SFT21120089', 16, 1, '2021-12-12', 0),
	(574, 'CTI/44393', 70, 6468, 'SFT21120089', 170, 0, '2021-12-12', 0),
	(575, 'CTI/44393', 71, 6468, 'SFT21120089', 0, 0, '2021-12-12', 0),
	(576, 'CTI/44393', 72, 6468, 'SFT21120089', 0, 0, '2021-12-12', 0),
	(577, 'CTI/44393', 73, 6468, 'SFT21120089', 20, 1, '2021-12-12', 0),
	(578, 'CTI/44393', 74, 6468, 'SFT21120089', 0, 0, '2021-12-12', 0),
	(579, 'CTI/44393', 157, 6468, 'SFT21120089', 1255, 777, '2021-12-12', 0),
	(580, 'CTI/44393', 158, 6468, 'SFT21120089', 0, 0, '2021-12-12', 0),
	(581, 'CTI/44393', 159, 6468, 'SFT21120089', 0, 0, '2021-12-12', 0),
	(582, 'CTI/44393', 160, 6468, 'SFT21120089', 38, 0, '2021-12-12', 0),
	(583, 'CTI/44393', 161, 6468, 'SFT21120089', 0, 0, '2021-12-12', 0),
	(584, 'CTI/44393', 162, 6468, 'SFT21120089', 0, 0, '2021-12-12', 0),
	(585, 'CTI/44393', 163, 6468, 'SFT21120089', 3, 1, '2021-12-12', 0),
	(586, 'CTI/44393', 164, 6468, 'SFT21120089', 0.5, 0, '2021-12-12', 0),
	(587, 'CTI/44393', 165, 6468, 'SFT21120089', 0.5, 0, '2021-12-12', 0),
	(588, 'CTI/44393', 247, 6468, 'SFT21120089', 0, 0, '2021-12-12', 0),
	(589, 'CTI/44393', 248, 6468, 'SFT21120089', 0, 0, '2021-12-12', 0),
	(590, 'CTI/44393', 249, 6468, 'SFT21120089', 0, 0, '2021-12-12', 0),
	(591, 'CTI/44393', 250, 6468, 'SFT21120089', 130, 0, '2021-12-12', 0),
	(592, 'CTI/44393', 251, 6468, 'SFT21120089', 135, 0, '2021-12-12', 0),
	(593, 'CTI/44393', 252, 6468, 'SFT21120089', 664, 0, '2021-12-12', 0),
	(594, 'CTI/44393', 253, 6468, 'SFT21120089', 0, 0, '2021-12-12', 0),
	(595, 'CTI/44393', 254, 6468, 'SFT21120089', 3000, 0, '2021-12-12', 0),
	(596, 'CTI/44393', 255, 6468, 'SFT21120089', 0, 0, '2021-12-12', 0),
	(597, 'CTI/44393', 519, 6468, 'SFT21120089', 0, 0, '2021-12-12', 0),
	(599, 'CTI/44394', 75, 4800, 'SFT21120093', 2117, 21, '2021-12-12', 0),
	(600, 'CTI/44394', 76, 4800, 'SFT21120093', 18, 0, '2021-12-12', 0),
	(601, 'CTI/44394', 77, 4800, 'SFT21120093', 189, 1, '2021-12-12', 0),
	(602, 'CTI/44394', 78, 4800, 'SFT21120093', 0, 0, '2021-12-12', 0),
	(603, 'CTI/44394', 79, 4800, 'SFT21120093', 0, 0, '2021-12-12', 0),
	(604, 'CTI/44394', 80, 4800, 'SFT21120093', 0, 0, '2021-12-12', 0),
	(605, 'CTI/44394', 81, 4800, 'SFT21120093', 23, 0, '2021-12-12', 0),
	(606, 'CTI/44394', 82, 4800, 'SFT21120093', 0.4, 0.2, '2021-12-12', 0),
	(607, 'CTI/44394', 166, 4800, 'SFT21120093', 2162, 0, '2021-12-12', 0),
	(608, 'CTI/44394', 167, 4800, 'SFT21120093', 4611, 0, '2021-12-12', 0),
	(609, 'CTI/44394', 168, 4800, 'SFT21120093', 2171, 0, '2021-12-12', 0),
	(610, 'CTI/44394', 169, 4800, 'SFT21120093', 42, 0, '2021-12-12', 0),
	(611, 'CTI/44394', 170, 4800, 'SFT21120093', 5, 0, '2021-12-12', 0),
	(612, 'CTI/44394', 171, 4800, 'SFT21120093', 0.4, 0.1, '2021-12-12', 0),
	(613, 'CTI/44394', 172, 4800, 'SFT21120093', 4, 0, '2021-12-12', 0),
	(614, 'CTI/44394', 173, 4800, 'SFT21120093', 0.9, 0.1, '2021-12-12', 0),
	(615, 'CTI/44394', 174, 4800, 'SFT21120093', 0.9, 0.1, '2021-12-12', 0),
	(616, 'CTI/44394', 256, 4800, 'SFT21120093', 0, 0, '2021-12-12', 0),
	(617, 'CTI/44394', 257, 4800, 'SFT21120093', 0, 0, '2021-12-12', 0),
	(618, 'CTI/44394', 258, 4800, 'SFT21120093', 0.04, 0, '2021-12-12', 0),
	(619, 'CTI/44394', 259, 4800, 'SFT21120093', 141, 1, '2021-12-12', 0),
	(620, 'CTI/44394', 260, 4800, 'SFT21120093', 0, 0, '2021-12-12', 0),
	(621, 'CTI/44394', 261, 4800, 'SFT21120093', 729, 0, '2021-12-12', 0),
	(622, 'CTI/44394', 262, 4800, 'SFT21120093', 0, 0, '2021-12-12', 0),
	(623, 'CTI/44394', 263, 4800, 'SFT21120093', 3200, 0, '2021-12-12', 0),
	(624, 'CTI/44394', 264, 4800, 'SFT21120093', 0, 0, '2021-12-12', 0),
	(626, 'CTI/44398', 492, 5184, 'SFT21120090', 1850, 0, '2021-12-12', 0),
	(627, 'CTI/44398', 493, 5184, 'SFT21120090', 16, 1, '2021-12-12', 0),
	(628, 'CTI/44398', 494, 5184, 'SFT21120090', 164, 0, '2021-12-12', 0),
	(629, 'CTI/44398', 495, 5184, 'SFT21120090', 0, 0, '2021-12-12', 0),
	(630, 'CTI/44398', 496, 5184, 'SFT21120090', 1919, 0, '2021-12-12', 0),
	(631, 'CTI/44398', 497, 5184, 'SFT21120090', 4091, 0, '2021-12-12', 0),
	(632, 'CTI/44398', 498, 5184, 'SFT21120090', 1644, 0, '2021-12-12', 0),
	(633, 'CTI/44398', 499, 5184, 'SFT21120090', 4.5, 0, '2021-12-12', 0),
	(634, 'CTI/44398', 500, 5184, 'SFT21120090', 0, 0, '2021-12-12', 0),
	(635, 'CTI/44398', 501, 5184, 'SFT21120090', 3.5, 0, '2021-12-12', 0),
	(636, 'CTI/44398', 502, 5184, 'SFT21120090', 0.5, 0, '2021-12-12', 0),
	(637, 'CTI/44398', 503, 5184, 'SFT21120090', 0.5, 0, '2021-12-12', 0),
	(638, 'CTI/44398', 504, 5184, 'SFT21120090', 0, 0, '2021-12-12', 0),
	(639, 'CTI/44398', 505, 5184, 'SFT21120090', 71, 1, '2021-12-12', 0),
	(640, 'CTI/44398', 506, 5184, 'SFT21120090', 0, 0, '2021-12-12', 0),
	(641, 'CTI/44398', 507, 5184, 'SFT21120090', 3, 0, '2021-12-12', 0),
	(642, 'CTI/44398', 508, 5184, 'SFT21120090', 2, 1, '2021-12-12', 0),
	(643, 'CTI/44398', 509, 5184, 'SFT21120090', 141, 1, '2021-12-12', 0),
	(644, 'CTI/44398', 510, 5184, 'SFT21120090', 0, 0, '2021-12-12', 0),
	(645, 'CTI/44398', 511, 5184, 'SFT21120090', 0, 0, '2021-12-12', 0),
	(646, 'CTI/44398', 512, 5184, 'SFT21120090', 612, 0, '2021-12-12', 0),
	(647, 'CTI/44398', 513, 5184, 'SFT21120090', 0, 0, '2021-12-12', 0),
	(648, 'CTI/44398', 514, 5184, 'SFT21120090', 3292, 1, '2021-12-12', 0),
	(649, 'CTI/44398', 515, 5184, 'SFT21120090', 3356, 0, '2021-12-12', 0),
	(650, 'CTI/44398', 516, 5184, 'SFT21120090', 0, 0, '2021-12-12', 0),
	(651, 'CTI/44398', 517, 5184, 'SFT21120090', 0, 0, '2021-12-12', 0),
	(652, 'CTI/44398', 518, 5184, 'SFT21120090', 36, 0, '2021-12-12', 0),
	(654, 'CTI/44399', 492, 5184, 'SFT21120091', 1910, 0, '2021-12-12', 0),
	(655, 'CTI/44399', 493, 5184, 'SFT21120091', 16, 1, '2021-12-12', 0),
	(656, 'CTI/44399', 494, 5184, 'SFT21120091', 164, 0, '2021-12-12', 0),
	(657, 'CTI/44399', 495, 5184, 'SFT21120091', 0, 0, '2021-12-12', 0),
	(658, 'CTI/44399', 496, 5184, 'SFT21120091', 1919, 0, '2021-12-12', 0),
	(659, 'CTI/44399', 497, 5184, 'SFT21120091', 1800, 0, '2021-12-12', 0),
	(660, 'CTI/44399', 498, 5184, 'SFT21120091', 1926, 0, '2021-12-12', 0),
	(661, 'CTI/44399', 499, 5184, 'SFT21120091', 4, 0, '2021-12-12', 0),
	(662, 'CTI/44399', 500, 5184, 'SFT21120091', 0, 0, '2021-12-12', 0),
	(663, 'CTI/44399', 501, 5184, 'SFT21120091', 3, 0, '2021-12-12', 0),
	(664, 'CTI/44399', 502, 5184, 'SFT21120091', 0.5, 0, '2021-12-12', 0),
	(665, 'CTI/44399', 503, 5184, 'SFT21120091', 0.5, 0, '2021-12-12', 0),
	(666, 'CTI/44399', 504, 5184, 'SFT21120091', 0, 0, '2021-12-12', 0),
	(667, 'CTI/44399', 505, 5184, 'SFT21120091', 71, 1, '2021-12-12', 0),
	(668, 'CTI/44399', 506, 5184, 'SFT21120091', 0, 0, '2021-12-12', 0),
	(669, 'CTI/44399', 507, 5184, 'SFT21120091', 0, 0, '2021-12-12', 0),
	(670, 'CTI/44399', 508, 5184, 'SFT21120091', 0, 0, '2021-12-12', 0),
	(671, 'CTI/44399', 509, 5184, 'SFT21120091', 141, 1, '2021-12-12', 0),
	(672, 'CTI/44399', 510, 5184, 'SFT21120091', 0, 0, '2021-12-12', 0),
	(673, 'CTI/44399', 511, 5184, 'SFT21120091', 0, 0, '2021-12-12', 0),
	(674, 'CTI/44399', 512, 5184, 'SFT21120091', 688, 0, '2021-12-12', 0),
	(675, 'CTI/44399', 513, 5184, 'SFT21120091', 0, 0, '2021-12-12', 0),
	(676, 'CTI/44399', 514, 5184, 'SFT21120091', 3200, 0, '2021-12-12', 0),
	(677, 'CTI/44399', 515, 5184, 'SFT21120091', 3356, 0, '2021-12-12', 0),
	(678, 'CTI/44399', 516, 5184, 'SFT21120091', 0, 0, '2021-12-12', 0),
	(679, 'CTI/44399', 517, 5184, 'SFT21120091', 0, 0, '2021-12-12', 0),
	(680, 'CTI/44399', 518, 5184, 'SFT21120091', 36, 0, '2021-12-12', 0),
	(681, 'CTI/44408', 276, 1755, 'SFT21120044', 502, 0, '2021-12-12', 0),
	(682, 'CTI/44408', 277, 1755, 'SFT21120044', 4, 2, '2021-12-12', 0),
	(683, 'CTI/44408', 278, 1755, 'SFT21120044', 37, 0, '2021-12-12', 0),
	(684, 'CTI/44408', 279, 1755, 'SFT21120044', 0, 0, '2021-12-12', 0),
	(685, 'CTI/44408', 280, 1755, 'SFT21120044', 0, 0, '2021-12-12', 0),
	(686, 'CTI/44408', 281, 1755, 'SFT21120044', 512, 779, '2021-12-12', 0),
	(687, 'CTI/44408', 282, 1755, 'SFT21120044', 0, 0, '2021-12-12', 0),
	(688, 'CTI/44408', 283, 1755, 'SFT21120044', 0, 0, '2021-12-12', 0),
	(689, 'CTI/44408', 284, 1755, 'SFT21120044', 0, 0, '2021-12-12', 0),
	(690, 'CTI/44408', 285, 1755, 'SFT21120044', 0, 0, '2021-12-12', 0),
	(691, 'CTI/44408', 286, 1755, 'SFT21120044', 0, 0, '2021-12-12', 0),
	(692, 'CTI/44408', 287, 1755, 'SFT21120044', 0, 0, '2021-12-12', 0),
	(693, 'CTI/44408', 288, 1755, 'SFT21120044', 0, 0, '2021-12-12', 0),
	(694, 'CTI/44408', 289, 1755, 'SFT21120044', 0.17, 0.1, '2021-12-12', 0),
	(695, 'CTI/44408', 290, 1755, 'SFT21120044', 543, 5, '2021-12-12', 0),
	(696, 'CTI/44408', 291, 1755, 'SFT21120044', 17, 1, '2021-12-12', 0),
	(697, 'CTI/44408', 292, 1755, 'SFT21120044', 0, 0, '2021-12-12', 0),
	(698, 'CTI/44408', 293, 1755, 'SFT21120044', 0, 0, '2021-12-12', 0),
	(699, 'CTI/44408', 294, 1755, 'SFT21120044', 0, 0, '2021-12-12', 0),
	(700, 'CTI/44408', 295, 1755, 'SFT21120044', 35, 0, '2021-12-12', 0),
	(701, 'CTI/44408', 296, 1755, 'SFT21120044', 0, 0, '2021-12-12', 0),
	(702, 'CTI/44408', 297, 1755, 'SFT21120044', 174, 0, '2021-12-12', 0),
	(703, 'CTI/44408', 298, 1755, 'SFT21120044', 411, 1, '2021-12-12', 0),
	(704, 'CTI/44408', 299, 1755, 'SFT21120044', 823, 0, '2021-12-12', 0),
	(705, 'CTI/44408', 300, 1755, 'SFT21120044', 0, 0, '2021-12-12', 0),
	(706, 'CTI/44408', 301, 1755, 'SFT21120044', 0, 0, '2021-12-12', 0),
	(875, 'CTI/44714', 315, 4800, 'SFT21120058', 2101, 0, '2021-12-12', 0),
	(876, 'CTI/44714', 316, 4800, 'SFT21120058', 18, 3, '2021-12-12', 0),
	(877, 'CTI/44714', 317, 4800, 'SFT21120058', 2043, 1442, '2021-12-12', 0),
	(878, 'CTI/44714', 318, 4800, 'SFT21120058', 2270, 1079, '2021-12-12', 0),
	(879, 'CTI/44714', 319, 4800, 'SFT21120058', 2050, 0, '2021-12-12', 0),
	(880, 'CTI/44714', 320, 4800, 'SFT21120058', 188, 1, '2021-12-12', 0),
	(881, 'CTI/44714', 321, 4800, 'SFT21120058', 0, 0, '2021-12-12', 0),
	(882, 'CTI/44714', 322, 4800, 'SFT21120058', 34, 0, '2021-12-12', 0),
	(883, 'CTI/44714', 323, 4800, 'SFT21120058', 4, 0, '2021-12-12', 0),
	(884, 'CTI/44714', 324, 4800, 'SFT21120058', 0.9, 0.1, '2021-12-12', 0),
	(885, 'CTI/44714', 325, 4800, 'SFT21120058', 0.9, 0.1, '2021-12-12', 0),
	(886, 'CTI/44714', 326, 4800, 'SFT21120058', 0.48, 0, '2021-12-12', 0),
	(887, 'CTI/44714', 327, 4800, 'SFT21120058', 3, 0, '2021-12-12', 0),
	(888, 'CTI/44714', 328, 4800, 'SFT21120058', 0, 0, '2021-12-12', 0),
	(889, 'CTI/44714', 329, 4800, 'SFT21120058', 141, 1, '2021-12-12', 0),
	(890, 'CTI/44714', 330, 4800, 'SFT21120058', 23, 0, '2021-12-12', 0),
	(891, 'CTI/44714', 331, 4800, 'SFT21120058', 727, 0, '2021-12-12', 0),
	(892, 'CTI/44714', 332, 4800, 'SFT21120058', 0, 0, '2021-12-12', 0),
	(893, 'CTI/44714', 333, 4800, 'SFT21120058', 3292, 1, '2021-12-12', 0),
	(894, 'CTI/44714', 334, 4800, 'SFT21120058', 3400, 0, '2021-12-12', 0),
	(895, 'CTI/44714', 382, 4800, 'SFT21120058', 0, 0, '2021-12-12', 0),
	(896, 'CTI/44714', 383, 4800, 'SFT21120058', 0, 0, '2021-12-12', 0),
	(897, 'CTI/44714', 384, 4800, 'SFT21120058', 147, 0, '2021-12-12', 0),
	(898, 'CTI/44714', 385, 4800, 'SFT21120058', 5, 0, '2021-12-12', 0),
	(899, 'CTI/44714', 386, 4800, 'SFT21120058', 0.4, 0.1, '2021-12-12', 0),
	(900, 'CTI/44714', 387, 4800, 'SFT21120058', 0, 0, '2021-12-12', 0),
	(902, 'CTI/44715', 315, 4800, 'SFT21120056', 2101, 0, '2021-12-12', 0),
	(903, 'CTI/44715', 316, 4800, 'SFT21120056', 18, 3, '2021-12-12', 0),
	(904, 'CTI/44715', 317, 4800, 'SFT21120056', 2043, 1442, '2021-12-12', 0),
	(905, 'CTI/44715', 318, 4800, 'SFT21120056', 3349, 0, '2021-12-12', 0),
	(906, 'CTI/44715', 319, 4800, 'SFT21120056', 2050, 0, '2021-12-12', 0),
	(907, 'CTI/44715', 320, 4800, 'SFT21120056', 188, 1, '2021-12-12', 0),
	(908, 'CTI/44715', 321, 4800, 'SFT21120056', 0, 0, '2021-12-12', 0),
	(909, 'CTI/44715', 322, 4800, 'SFT21120056', 34, 0, '2021-12-12', 0),
	(910, 'CTI/44715', 323, 4800, 'SFT21120056', 4, 0, '2021-12-12', 0),
	(911, 'CTI/44715', 324, 4800, 'SFT21120056', 0.9, 0.1, '2021-12-12', 0),
	(912, 'CTI/44715', 325, 4800, 'SFT21120056', 0.9, 0.1, '2021-12-12', 0),
	(913, 'CTI/44715', 326, 4800, 'SFT21120056', 0.48, 0, '2021-12-12', 0),
	(914, 'CTI/44715', 327, 4800, 'SFT21120056', 3, 0, '2021-12-12', 0),
	(915, 'CTI/44715', 328, 4800, 'SFT21120056', 0, 0, '2021-12-12', 0),
	(916, 'CTI/44715', 329, 4800, 'SFT21120056', 141, 1, '2021-12-12', 0),
	(917, 'CTI/44715', 330, 4800, 'SFT21120056', 20, 0, '2021-12-12', 0),
	(918, 'CTI/44715', 331, 4800, 'SFT21120056', 727, 1, '2021-12-12', 0),
	(919, 'CTI/44715', 332, 4800, 'SFT21120056', 0, 0, '2021-12-12', 0),
	(920, 'CTI/44715', 333, 4800, 'SFT21120056', 3292, 1, '2021-12-12', 0),
	(921, 'CTI/44715', 334, 4800, 'SFT21120056', 0, 0, '2021-12-12', 0),
	(922, 'CTI/44715', 382, 4800, 'SFT21120056', 0, 0, '2021-12-12', 0),
	(923, 'CTI/44715', 383, 4800, 'SFT21120056', 0, 0, '2021-12-12', 0),
	(924, 'CTI/44715', 384, 4800, 'SFT21120056', 147, 0, '2021-12-12', 0),
	(925, 'CTI/44715', 385, 4800, 'SFT21120056', 5, 0, '2021-12-12', 0),
	(926, 'CTI/44715', 386, 4800, 'SFT21120056', 0.4, 0.1, '2021-12-12', 0),
	(927, 'CTI/44715', 387, 4800, 'SFT21120056', 0, 0, '2021-12-12', 0),
	(929, 'CTI/44716', 315, 4800, 'SFT21120057', 1275, 880, '2021-12-12', 0),
	(930, 'CTI/44716', 316, 4800, 'SFT21120057', 18, 3, '2021-12-12', 0),
	(931, 'CTI/44716', 317, 4800, 'SFT21120057', 2043, 1442, '2021-12-12', 0),
	(932, 'CTI/44716', 318, 4800, 'SFT21120057', 3349, 0, '2021-12-12', 0),
	(933, 'CTI/44716', 319, 4800, 'SFT21120057', 2050, 0, '2021-12-12', 0),
	(934, 'CTI/44716', 320, 4800, 'SFT21120057', 188, 1, '2021-12-12', 0),
	(935, 'CTI/44716', 321, 4800, 'SFT21120057', 0, 0, '2021-12-12', 0),
	(936, 'CTI/44716', 322, 4800, 'SFT21120057', 34, 0, '2021-12-12', 0),
	(937, 'CTI/44716', 323, 4800, 'SFT21120057', 4, 0, '2021-12-12', 0),
	(938, 'CTI/44716', 324, 4800, 'SFT21120057', 0.9, 0.1, '2021-12-12', 0),
	(939, 'CTI/44716', 325, 4800, 'SFT21120057', 0.9, 0.1, '2021-12-12', 0),
	(940, 'CTI/44716', 326, 4800, 'SFT21120057', 0.48, 0, '2021-12-12', 0),
	(941, 'CTI/44716', 327, 4800, 'SFT21120057', 0, 0, '2021-12-12', 0),
	(942, 'CTI/44716', 328, 4800, 'SFT21120057', 0, 0, '2021-12-12', 0),
	(943, 'CTI/44716', 329, 4800, 'SFT21120057', 141, 1, '2021-12-12', 0),
	(944, 'CTI/44716', 330, 4800, 'SFT21120057', 23, 0, '2021-12-12', 0),
	(945, 'CTI/44716', 331, 4800, 'SFT21120057', 727, 1, '2021-12-12', 0),
	(946, 'CTI/44716', 332, 4800, 'SFT21120057', 0, 0, '2021-12-12', 0),
	(947, 'CTI/44716', 333, 4800, 'SFT21120057', 3292, 1, '2021-12-12', 0),
	(948, 'CTI/44716', 334, 4800, 'SFT21120057', 0, 0, '2021-12-12', 0),
	(949, 'CTI/44716', 382, 4800, 'SFT21120057', 0, 0, '2021-12-12', 0),
	(950, 'CTI/44716', 383, 4800, 'SFT21120057', 0, 0, '2021-12-12', 0),
	(951, 'CTI/44716', 384, 4800, 'SFT21120057', 6, 0, '2021-12-12', 0),
	(952, 'CTI/44716', 385, 4800, 'SFT21120057', 1, 0, '2021-12-12', 0),
	(953, 'CTI/44716', 386, 4800, 'SFT21120057', 0.4, 0.1, '2021-12-12', 0),
	(954, 'CTI/44716', 387, 4800, 'SFT21120057', 0, 0, '2021-12-12', 0),
	(956, 'CTI/44717', 315, 4800, 'SFT21120055', 2135, 0, '2021-12-12', 0),
	(957, 'CTI/44717', 316, 4800, 'SFT21120055', 18, 3, '2021-12-12', 0),
	(958, 'CTI/44717', 317, 4800, 'SFT21120055', 2043, 1442, '2021-12-12', 0),
	(959, 'CTI/44717', 318, 4800, 'SFT21120055', 2613, 736, '2021-12-12', 0),
	(960, 'CTI/44717', 319, 4800, 'SFT21120055', 1357, 693, '2021-12-12', 0),
	(961, 'CTI/44717', 320, 4800, 'SFT21120055', 188, 1, '2021-12-12', 0),
	(962, 'CTI/44717', 321, 4800, 'SFT21120055', 0, 0, '2021-12-12', 0),
	(963, 'CTI/44717', 322, 4800, 'SFT21120055', 34, 0, '2021-12-12', 0),
	(964, 'CTI/44717', 323, 4800, 'SFT21120055', 4, 0, '2021-12-12', 0),
	(965, 'CTI/44717', 324, 4800, 'SFT21120055', 0.9, 0.1, '2021-12-12', 0),
	(966, 'CTI/44717', 325, 4800, 'SFT21120055', 0.9, 0.1, '2021-12-12', 0),
	(967, 'CTI/44717', 326, 4800, 'SFT21120055', 0.04, 0, '2021-12-12', 0),
	(968, 'CTI/44717', 327, 4800, 'SFT21120055', 0, 0, '2021-12-12', 0),
	(969, 'CTI/44717', 328, 4800, 'SFT21120055', 0, 0, '2021-12-12', 0),
	(970, 'CTI/44717', 329, 4800, 'SFT21120055', 141, 1, '2021-12-12', 0),
	(971, 'CTI/44717', 330, 4800, 'SFT21120055', 23, 0, '2021-12-12', 0),
	(972, 'CTI/44717', 331, 4800, 'SFT21120055', 0, 0, '2021-12-12', 0),
	(973, 'CTI/44717', 332, 4800, 'SFT21120055', 0, 0, '2021-12-12', 0),
	(974, 'CTI/44717', 333, 4800, 'SFT21120055', 3200, 0, '2021-12-12', 0),
	(975, 'CTI/44717', 334, 4800, 'SFT21120055', 0, 0, '2021-12-12', 0),
	(976, 'CTI/44717', 382, 4800, 'SFT21120055', 0, 0, '2021-12-12', 0),
	(977, 'CTI/44717', 383, 4800, 'SFT21120055', 0, 0, '2021-12-12', 0),
	(978, 'CTI/44717', 384, 4800, 'SFT21120055', 0, 0, '2021-12-12', 0),
	(979, 'CTI/44717', 385, 4800, 'SFT21120055', 5, 0, '2021-12-12', 0),
	(980, 'CTI/44717', 386, 4800, 'SFT21120055', 0.4, 0.1, '2021-12-12', 0),
	(981, 'CTI/44717', 387, 4800, 'SFT21120055', 0, 0, '2021-12-12', 0),
	(1003, 'CTI/44263', 29, 1296, 'SFT21120084', 482, 0, '2021-12-12', 0),
	(1004, 'CTI/44263', 30, 1296, 'SFT21120084', 4, 0, '2021-12-12', 0),
	(1005, 'CTI/44263', 31, 1296, 'SFT21120084', 41, 0, '2021-12-12', 0),
	(1006, 'CTI/44263', 32, 1296, 'SFT21120084', 0, 0, '2021-12-12', 0),
	(1007, 'CTI/44263', 33, 1296, 'SFT21120084', 0, 0, '2021-12-12', 0),
	(1008, 'CTI/44263', 34, 1296, 'SFT21120084', 5, 1, '2021-12-12', 0),
	(1009, 'CTI/44263', 35, 1296, 'SFT21120084', 0, 0, '2021-12-12', 0),
	(1010, 'CTI/44263', 109, 1296, 'SFT21120084', 479, 0, '2021-12-12', 0),
	(1011, 'CTI/44263', 110, 1296, 'SFT21120084', 1022, 0, '2021-12-12', 0),
	(1012, 'CTI/44263', 111, 1296, 'SFT21120084', 481, 1, '2021-12-12', 0),
	(1013, 'CTI/44263', 112, 1296, 'SFT21120084', 9, 0, '2021-12-12', 0),
	(1014, 'CTI/44263', 113, 1296, 'SFT21120084', 1, 0, '2021-12-12', 0),
	(1015, 'CTI/44263', 114, 1296, 'SFT21120084', 0, 0, '2021-12-12', 0),
	(1016, 'CTI/44263', 115, 1296, 'SFT21120084', 0.9, 0.1, '2021-12-12', 0),
	(1017, 'CTI/44263', 116, 1296, 'SFT21120084', 0, 0, '2021-12-12', 0),
	(1018, 'CTI/44263', 117, 1296, 'SFT21120084', 0, 0, '2021-12-12', 0),
	(1019, 'CTI/44263', 202, 1296, 'SFT21120084', 0, 0, '2021-12-12', 0),
	(1020, 'CTI/44263', 203, 1296, 'SFT21120084', 0, 0, '2021-12-12', 0),
	(1021, 'CTI/44263', 204, 1296, 'SFT21120084', 0, 0, '2021-12-12', 0),
	(1022, 'CTI/44263', 205, 1296, 'SFT21120084', 35, 0, '2021-12-12', 0),
	(1023, 'CTI/44263', 206, 1296, 'SFT21120084', 0, 0, '2021-12-12', 0),
	(1024, 'CTI/44263', 207, 1296, 'SFT21120084', 172, 0, '2021-12-12', 0),
	(1025, 'CTI/44263', 208, 1296, 'SFT21120084', 0, 0, '2021-12-12', 0),
	(1026, 'CTI/44263', 209, 1296, 'SFT21120084', 823, 0, '2021-12-12', 0),
	(1027, 'CTI/44263', 210, 1296, 'SFT21120084', 0, 0, '2021-12-12', 0),
	(1028, 'CTI/44263', 274, 1296, 'SFT21120084', 0, 0, '2021-12-12', 0),
	(1029, 'CTI/44263', 388, 1296, 'SFT21120084', 0, 0, '2021-12-12', 0),
	(1030, 'CTI/44262', 36, 8424, 'SFT21120075', 0, 0, '2021-12-12', 0),
	(1031, 'CTI/44262', 118, 8424, 'SFT21120075', 3, 0.5, '2021-12-12', 0),
	(1032, 'CTI/44262', 119, 8424, 'SFT21120075', 0, 0, '2021-12-12', 0),
	(1033, 'CTI/44262', 120, 8424, 'SFT21120075', 0, 0, '2021-12-12', 0),
	(1034, 'CTI/44262', 467, 8424, 'SFT21120075', 1568, 208, '2021-12-12', 0),
	(1035, 'CTI/44262', 468, 8424, 'SFT21120075', 15, 0, '2021-12-12', 0),
	(1036, 'CTI/44262', 469, 8424, 'SFT21120075', 133, 20, '2021-12-12', 0),
	(1037, 'CTI/44262', 470, 8424, 'SFT21120075', 237, 35, '2021-12-12', 0),
	(1038, 'CTI/44262', 471, 8424, 'SFT21120075', 1559, 0, '2021-12-12', 0),
	(1039, 'CTI/44262', 472, 8424, 'SFT21120075', 3324, 0, '2021-12-12', 0),
	(1040, 'CTI/44262', 473, 8424, 'SFT21120075', 1566, 0, '2021-12-12', 0),
	(1041, 'CTI/44262', 474, 8424, 'SFT21120075', 29, 0, '2021-12-12', 0),
	(1042, 'CTI/44262', 475, 8424, 'SFT21120075', 5, 1, '2021-12-12', 0),
	(1043, 'CTI/44262', 476, 8424, 'SFT21120075', 0, 0, '2021-12-12', 0),
	(1044, 'CTI/44262', 477, 8424, 'SFT21120075', 0, 0, '2021-12-12', 0),
	(1045, 'CTI/44262', 478, 8424, 'SFT21120075', 0, 0, '2021-12-12', 0),
	(1046, 'CTI/44262', 479, 8424, 'SFT21120075', 0, 0, '2021-12-12', 0),
	(1047, 'CTI/44262', 480, 8424, 'SFT21120075', 0, 0, '2021-12-12', 0),
	(1048, 'CTI/44262', 481, 8424, 'SFT21120075', 0, 0, '2021-12-12', 0),
	(1049, 'CTI/44262', 482, 8424, 'SFT21120075', 121, 0, '2021-12-12', 0),
	(1050, 'CTI/44262', 483, 8424, 'SFT21120075', 127, 0, '2021-12-12', 0),
	(1051, 'CTI/44262', 484, 8424, 'SFT21120075', 19, 0, '2021-12-12', 0),
	(1052, 'CTI/44262', 485, 8424, 'SFT21120075', 561, 7, '2021-12-12', 0),
	(1053, 'CTI/44262', 486, 8424, 'SFT21120075', 0, 0, '2021-12-12', 0),
	(1054, 'CTI/44262', 487, 8424, 'SFT21120075', 2670, 0, '2021-12-12', 0),
	(1055, 'CTI/44262', 488, 8424, 'SFT21120075', 0, 0, '2021-12-12', 0),
	(1056, 'CTI/44262', 489, 8424, 'SFT21120075', 0, 0, '2021-12-12', 0),
	(1057, 'CTI/44262', 490, 8424, 'SFT21120075', 0, 0, '2021-12-12', 0),
	(1058, 'CTI/44261', 36, 3510, 'SFT21120077', 0, 0, '2021-12-12', 0),
	(1059, 'CTI/44261', 118, 3510, 'SFT21120077', 1, 0, '2021-12-12', 0),
	(1060, 'CTI/44261', 119, 3510, 'SFT21120077', 0, 0, '2021-12-12', 0),
	(1061, 'CTI/44261', 120, 3510, 'SFT21120077', 0, 0, '2021-12-12', 0),
	(1062, 'CTI/44261', 467, 3510, 'SFT21120077', 653, 87, '2021-12-12', 0),
	(1063, 'CTI/44261', 468, 3510, 'SFT21120077', 5, 1, '2021-12-12', 0),
	(1064, 'CTI/44261', 469, 3510, 'SFT21120077', 55, 9, '2021-12-12', 0),
	(1065, 'CTI/44261', 470, 3510, 'SFT21120077', 98, 15, '2021-12-12', 0),
	(1066, 'CTI/44261', 471, 3510, 'SFT21120077', 645, 0, '2021-12-12', 0),
	(1067, 'CTI/44261', 472, 3510, 'SFT21120077', 1385, 0, '2021-12-12', 0),
	(1068, 'CTI/44261', 473, 3510, 'SFT21120077', 652, 0, '2021-12-12', 0),
	(1069, 'CTI/44261', 474, 3510, 'SFT21120077', 0, 0, '2021-12-12', 0),
	(1070, 'CTI/44261', 475, 3510, 'SFT21120077', 2, 0, '2021-12-12', 0),
	(1071, 'CTI/44261', 476, 3510, 'SFT21120077', 0, 0, '2021-12-12', 0),
	(1072, 'CTI/44261', 477, 3510, 'SFT21120077', 0, 0, '2021-12-12', 0),
	(1073, 'CTI/44261', 478, 3510, 'SFT21120077', 29, 0, '2021-12-12', 0),
	(1074, 'CTI/44261', 479, 3510, 'SFT21120077', 0, 0, '2021-12-12', 0),
	(1075, 'CTI/44261', 480, 3510, 'SFT21120077', 0, 0, '2021-12-12', 0),
	(1076, 'CTI/44261', 481, 3510, 'SFT21120077', 0, 0, '2021-12-12', 0),
	(1077, 'CTI/44261', 482, 3510, 'SFT21120077', 51, 0, '2021-12-12', 0),
	(1078, 'CTI/44261', 483, 3510, 'SFT21120077', 0, 0, '2021-12-12', 0),
	(1079, 'CTI/44261', 484, 3510, 'SFT21120077', 8, 0, '2021-12-12', 0),
	(1080, 'CTI/44261', 485, 3510, 'SFT21120077', 234, 2, '2021-12-12', 0),
	(1081, 'CTI/44261', 486, 3510, 'SFT21120077', 0, 0, '2021-12-12', 0),
	(1082, 'CTI/44261', 487, 3510, 'SFT21120077', 1113, 0, '2021-12-12', 0),
	(1083, 'CTI/44261', 488, 3510, 'SFT21120077', 0, 0, '2021-12-12', 0),
	(1084, 'CTI/44261', 489, 3510, 'SFT21120077', 1828, 0, '2021-12-12', 0),
	(1085, 'CTI/44261', 490, 3510, 'SFT21120077', 0, 0, '2021-12-12', 0),
	(1086, 'CTI/44263', 36, 2106, 'SFT21120078', 0, 0, '2021-12-12', 0),
	(1087, 'CTI/44263', 118, 2106, 'SFT21120078', 0.8, 0.2, '2021-12-12', 0),
	(1088, 'CTI/44263', 119, 2106, 'SFT21120078', 0, 0, '2021-12-12', 0),
	(1089, 'CTI/44263', 120, 2106, 'SFT21120078', 0, 0, '2021-12-12', 0),
	(1090, 'CTI/44263', 467, 2106, 'SFT21120078', 392, 52, '2021-12-12', 0),
	(1091, 'CTI/44263', 468, 2106, 'SFT21120078', 3, 1, '2021-12-12', 0),
	(1092, 'CTI/44263', 469, 2106, 'SFT21120078', 33, 5, '2021-12-12', 0),
	(1093, 'CTI/44263', 470, 2106, 'SFT21120078', 0, 0, '2021-12-12', 0),
	(1094, 'CTI/44263', 471, 2106, 'SFT21120078', 389, 0, '2021-12-12', 0),
	(1095, 'CTI/44263', 472, 2106, 'SFT21120078', 831, 0, '2021-12-12', 0),
	(1096, 'CTI/44263', 473, 2106, 'SFT21120078', 391, 0, '2021-12-12', 0),
	(1097, 'CTI/44263', 474, 2106, 'SFT21120078', 7, 0, '2021-12-12', 0),
	(1098, 'CTI/44263', 475, 2106, 'SFT21120078', 1.4, 0.1, '2021-12-12', 0),
	(1099, 'CTI/44263', 476, 2106, 'SFT21120078', 0, 0, '2021-12-12', 0),
	(1100, 'CTI/44263', 477, 2106, 'SFT21120078', 0, 0, '2021-12-12', 0),
	(1101, 'CTI/44263', 478, 2106, 'SFT21120078', 0, 0, '2021-12-12', 0),
	(1102, 'CTI/44263', 479, 2106, 'SFT21120078', 0, 0, '2021-12-12', 0),
	(1103, 'CTI/44263', 480, 2106, 'SFT21120078', 0, 0, '2021-12-12', 0),
	(1104, 'CTI/44263', 481, 2106, 'SFT21120078', 0, 0, '2021-12-12', 0),
	(1105, 'CTI/44263', 482, 2106, 'SFT21120078', 30, 0, '2021-12-12', 0),
	(1106, 'CTI/44263', 483, 2106, 'SFT21120078', 0, 0, '2021-12-12', 0),
	(1107, 'CTI/44263', 484, 2106, 'SFT21120078', 5, 0, '2021-12-12', 0),
	(1108, 'CTI/44263', 485, 2106, 'SFT21120078', 140, 0, '2021-12-12', 0),
	(1109, 'CTI/44263', 486, 2106, 'SFT21120078', 0, 0, '2021-12-12', 0),
	(1110, 'CTI/44263', 487, 2106, 'SFT21120078', 668, 0, '2021-12-12', 0),
	(1111, 'CTI/44263', 488, 2106, 'SFT21120078', 0, 0, '2021-12-12', 0),
	(1112, 'CTI/44263', 489, 2106, 'SFT21120078', 0, 0, '2021-12-12', 0),
	(1113, 'CTI/44263', 490, 2106, 'SFT21120078', 0, 0, '2021-12-12', 0),
	(1114, 'CTI/44263', 44, 1944, 'SFT21120085', 481, 0, '2021-12-12', 0),
	(1115, 'CTI/44263', 45, 1944, 'SFT21120085', 4, 1, '2021-12-12', 0),
	(1116, 'CTI/44263', 46, 1944, 'SFT21120085', 47, 0, '2021-12-12', 0),
	(1117, 'CTI/44263', 47, 1944, 'SFT21120085', 0, 0, '2021-12-12', 0),
	(1118, 'CTI/44263', 48, 1944, 'SFT21120085', 0, 0, '2021-12-12', 0),
	(1119, 'CTI/44263', 49, 1944, 'SFT21120085', 0, 0, '2021-12-12', 0),
	(1120, 'CTI/44263', 50, 1944, 'SFT21120085', 5, 1, '2021-12-12', 0),
	(1121, 'CTI/44263', 51, 1944, 'SFT21120085', 0, 0, '2021-12-12', 0),
	(1122, 'CTI/44263', 130, 1944, 'SFT21120085', 568, 0, '2021-12-12', 0),
	(1123, 'CTI/44263', 131, 1944, 'SFT21120085', 1211, 0, '2021-12-12', 0),
	(1124, 'CTI/44263', 132, 1944, 'SFT21120085', 570, 0, '2021-12-12', 0),
	(1125, 'CTI/44263', 133, 1944, 'SFT21120085', 10, 0, '2021-12-12', 0),
	(1126, 'CTI/44263', 134, 1944, 'SFT21120085', 1, 0, '2021-12-12', 0),
	(1127, 'CTI/44263', 135, 1944, 'SFT21120085', 0, 0, '2021-12-12', 0),
	(1128, 'CTI/44263', 136, 1944, 'SFT21120085', 0.9, 0.1, '2021-12-12', 0),
	(1129, 'CTI/44263', 137, 1944, 'SFT21120085', 0, 0, '2021-12-12', 0),
	(1130, 'CTI/44263', 138, 1944, 'SFT21120085', 0, 0, '2021-12-12', 0),
	(1131, 'CTI/44263', 220, 1944, 'SFT21120085', 0, 0, '2021-12-12', 0),
	(1132, 'CTI/44263', 221, 1944, 'SFT21120085', 0, 0, '2021-12-12', 0),
	(1133, 'CTI/44263', 222, 1944, 'SFT21120085', 0, 0, '2021-12-12', 0),
	(1134, 'CTI/44263', 223, 1944, 'SFT21120085', 35, 1, '2021-12-12', 0),
	(1135, 'CTI/44263', 224, 1944, 'SFT21120085', 0, 0, '2021-12-12', 0),
	(1136, 'CTI/44263', 225, 1944, 'SFT21120085', 181, 0, '2021-12-12', 0),
	(1137, 'CTI/44263', 226, 1944, 'SFT21120085', 0, 0, '2021-12-12', 0),
	(1138, 'CTI/44263', 227, 1944, 'SFT21120085', 820, 1, '2021-12-12', 0),
	(1139, 'CTI/44263', 228, 1944, 'SFT21120085', 0, 0, '2021-12-12', 0),
	(1140, 'CTI/44263', 275, 1944, 'SFT21120085', 0, 0, '2021-12-12', 0),
	(1169, 'CTI/44095', 302, 5400, 'SFT21120028', 32, 1.13, '2021-12-12', 0),
	(1170, 'CTI/44095', 303, 5400, 'SFT21120028', 38, 1, '2021-12-12', 0),
	(1171, 'CTI/44095', 304, 5400, 'SFT21120028', 259, 0, '2021-12-12', 0),
	(1172, 'CTI/44095', 305, 5400, 'SFT21120028', 0, 0, '2021-12-12', 0),
	(1173, 'CTI/44095', 306, 5400, 'SFT21120028', 0, 0, '2021-12-12', 0),
	(1174, 'CTI/44095', 307, 5400, 'SFT21120028', 2927, 0, '2021-12-12', 0),
	(1175, 'CTI/44095', 308, 5400, 'SFT21120028', 915, 0, '2021-12-12', 0),
	(1176, 'CTI/44095', 309, 5400, 'SFT21120028', 4.5, 0, '2021-12-12', 0),
	(1177, 'CTI/44095', 310, 5400, 'SFT21120028', 0, 0, '2021-12-12', 0),
	(1178, 'CTI/44095', 311, 5400, 'SFT21120028', 0, 0, '2021-12-12', 0),
	(1179, 'CTI/44095', 312, 5400, 'SFT21120028', 0, 0, '2021-12-12', 0),
	(1180, 'CTI/44095', 313, 5400, 'SFT21120028', 0, 0, '2021-12-12', 0),
	(1181, 'CTI/44095', 314, 5400, 'SFT21120028', 0, 0, '2021-12-12', 0),
	(1182, 'CTI/44095', 526, 5400, 'SFT21120028', 854, 0, '2021-12-12', 0),
	(1183, 'CTI/44095', 527, 5400, 'SFT21120028', 61, 1, '2021-12-12', 0),
	(1184, 'CTI/44095', 528, 5400, 'SFT21120028', 0, 0, '2021-12-12', 0),
	(1185, 'CTI/44095', 529, 5400, 'SFT21120028', 0, 0, '2021-12-12', 0),
	(1186, 'CTI/44095', 530, 5400, 'SFT21120028', 1538, 1, '2021-12-12', 0),
	(1204, 'CTI/44264', 36, 3900, 'SFT21120076', 0, 0, '2021-12-12', 0),
	(1205, 'CTI/44264', 118, 3900, 'SFT21120076', 1, 0, '2021-12-12', 0),
	(1206, 'CTI/44264', 119, 3900, 'SFT21120076', 0, 0, '2021-12-12', 0),
	(1207, 'CTI/44264', 120, 3900, 'SFT21120076', 0, 0, '2021-12-12', 0),
	(1208, 'CTI/44264', 467, 3900, 'SFT21120076', 726, 99, '2021-12-12', 0),
	(1209, 'CTI/44264', 468, 3900, 'SFT21120076', 4, 0, '2021-12-12', 0),
	(1210, 'CTI/44264', 469, 3900, 'SFT21120076', 62, 9, '2021-12-12', 0),
	(1211, 'CTI/44264', 470, 3900, 'SFT21120076', 0, 0, '2021-12-12', 0),
	(1212, 'CTI/44264', 471, 3900, 'SFT21120076', 854, 0, '2021-12-12', 0),
	(1213, 'CTI/44264', 472, 3900, 'SFT21120076', 1822, 0, '2021-12-12', 0),
	(1214, 'CTI/44264', 473, 3900, 'SFT21120076', 0, 0, '2021-12-12', 0),
	(1215, 'CTI/44264', 474, 3900, 'SFT21120076', 8, 0, '2021-12-12', 0),
	(1216, 'CTI/44264', 475, 3900, 'SFT21120076', 1.5, 0, '2021-12-12', 0),
	(1217, 'CTI/44264', 476, 3900, 'SFT21120076', 0, 0, '2021-12-12', 0),
	(1218, 'CTI/44264', 477, 3900, 'SFT21120076', 0, 0, '2021-12-12', 0),
	(1219, 'CTI/44264', 478, 3900, 'SFT21120076', 33, 0, '2021-12-12', 0),
	(1220, 'CTI/44264', 479, 3900, 'SFT21120076', 0.39, 0, '2021-12-12', 0),
	(1221, 'CTI/44264', 480, 3900, 'SFT21120076', 1, 0, '2021-12-12', 0),
	(1222, 'CTI/44264', 481, 3900, 'SFT21120076', 1, 0, '2021-12-12', 0),
	(1223, 'CTI/44264', 482, 3900, 'SFT21120076', 56, 0, '2021-12-12', 0),
	(1224, 'CTI/44264', 483, 3900, 'SFT21120076', 64, 5, '2021-12-12', 0),
	(1225, 'CTI/44264', 484, 3900, 'SFT21120076', 0, 0, '2021-12-12', 0),
	(1226, 'CTI/44264', 485, 3900, 'SFT21120076', 260, 0, '2021-12-12', 0),
	(1227, 'CTI/44264', 486, 3900, 'SFT21120076', 0, 0, '2021-12-12', 0),
	(1228, 'CTI/44264', 487, 3900, 'SFT21120076', 1226, 0, '2021-12-12', 0),
	(1229, 'CTI/44264', 488, 3900, 'SFT21120076', 0, 0, '2021-12-12', 0),
	(1230, 'CTI/44264', 489, 3900, 'SFT21120076', 2031, 0, '2021-12-12', 0),
	(1231, 'CTI/44264', 490, 3900, 'SFT21120076', 0, 0, '2021-12-12', 0),
	(1233, 'CTI/44389', 492, 5184, 'SFT21120092', 1875, 0, '2021-12-12', 0),
	(1234, 'CTI/44389', 493, 5184, 'SFT21120092', 16, 1, '2021-12-12', 0),
	(1235, 'CTI/44389', 494, 5184, 'SFT21120092', 164, 0, '2021-12-12', 0),
	(1236, 'CTI/44389', 495, 5184, 'SFT21120092', 0, 0, '2021-12-12', 0),
	(1237, 'CTI/44389', 496, 5184, 'SFT21120092', 1919, 0, '2021-12-12', 0),
	(1238, 'CTI/44389', 497, 5184, 'SFT21120092', 4091, 0, '2021-12-12', 0),
	(1239, 'CTI/44389', 498, 5184, 'SFT21120092', 1926, 0, '2021-12-12', 0),
	(1240, 'CTI/44389', 499, 5184, 'SFT21120092', 4.5, 0, '2021-12-12', 0),
	(1241, 'CTI/44389', 500, 5184, 'SFT21120092', 0, 0, '2021-12-12', 0),
	(1242, 'CTI/44389', 501, 5184, 'SFT21120092', 3.5, 0, '2021-12-12', 0),
	(1243, 'CTI/44389', 502, 5184, 'SFT21120092', 0.5, 0, '2021-12-12', 0),
	(1244, 'CTI/44389', 503, 5184, 'SFT21120092', 0.5, 0, '2021-12-12', 0),
	(1245, 'CTI/44389', 504, 5184, 'SFT21120092', 0, 0, '2021-12-12', 0),
	(1246, 'CTI/44389', 505, 5184, 'SFT21120092', 71, 1, '2021-12-12', 0),
	(1247, 'CTI/44389', 506, 5184, 'SFT21120092', 0.1, 0.9, '2021-12-12', 0),
	(1248, 'CTI/44389', 507, 5184, 'SFT21120092', 3, 0, '2021-12-12', 0),
	(1249, 'CTI/44389', 508, 5184, 'SFT21120092', 2, 1, '2021-12-12', 0),
	(1250, 'CTI/44389', 509, 5184, 'SFT21120092', 141, 1, '2021-12-12', 0),
	(1251, 'CTI/44389', 510, 5184, 'SFT21120092', 144, 0, '2021-12-12', 0),
	(1252, 'CTI/44389', 511, 5184, 'SFT21120092', 0, 0, '2021-12-12', 0),
	(1253, 'CTI/44389', 512, 5184, 'SFT21120092', 688, 0, '2021-12-12', 0),
	(1254, 'CTI/44389', 513, 5184, 'SFT21120092', 0, 0, '2021-12-12', 0),
	(1255, 'CTI/44389', 514, 5184, 'SFT21120092', 3292, 1, '2021-12-12', 0),
	(1256, 'CTI/44389', 515, 5184, 'SFT21120092', 3356, 0, '2021-12-12', 0),
	(1257, 'CTI/44389', 516, 5184, 'SFT21120092', 0, 0, '2021-12-12', 0),
	(1258, 'CTI/44389', 517, 5184, 'SFT21120092', 0, 0, '2021-12-12', 0),
	(1259, 'CTI/44389', 518, 5184, 'SFT21120092', 36, 0, '2021-12-12', 0),
	(1304, 'CTI/44097', 302, 8640, 'SFT21120027', 52.176, 0, '2021-12-12', 0),
	(1305, 'CTI/44097', 303, 8640, 'SFT21120027', 62, 0, '2021-12-12', 0),
	(1306, 'CTI/44097', 304, 8640, 'SFT21120027', 414, 1, '2021-12-12', 0),
	(1307, 'CTI/44097', 305, 8640, 'SFT21120027', 0, 0, '2021-12-12', 0),
	(1308, 'CTI/44097', 306, 8640, 'SFT21120027', 0, 0, '2021-12-12', 0),
	(1309, 'CTI/44097', 307, 8640, 'SFT21120027', 4684, 0, '2021-12-12', 0),
	(1310, 'CTI/44097', 308, 8640, 'SFT21120027', 1504, 0, '2021-12-12', 0),
	(1311, 'CTI/44097', 309, 8640, 'SFT21120027', 4, 0, '2021-12-12', 0),
	(1312, 'CTI/44097', 310, 8640, 'SFT21120027', 0, 0, '2021-12-12', 0),
	(1313, 'CTI/44097', 311, 8640, 'SFT21120027', 0.8, 0.2, '2021-12-12', 0),
	(1314, 'CTI/44097', 312, 8640, 'SFT21120027', 0.8, 0.2, '2021-12-12', 0),
	(1315, 'CTI/44097', 313, 8640, 'SFT21120027', 0, 0, '2021-12-12', 0),
	(1316, 'CTI/44097', 314, 8640, 'SFT21120027', 0, 0, '2021-12-12', 0),
	(1317, 'CTI/44097', 526, 8640, 'SFT21120027', 1367, 0, '2021-12-12', 0),
	(1318, 'CTI/44097', 527, 8640, 'SFT21120027', 0, 0, '2021-12-12', 0),
	(1319, 'CTI/44097', 528, 8640, 'SFT21120027', 12, 15, '2021-12-12', 0),
	(1320, 'CTI/44097', 529, 8640, 'SFT21120027', 0, 0, '2021-12-12', 0),
	(1321, 'CTI/44097', 530, 8640, 'SFT21120027', 2462, 0, '2021-12-12', 0),
	(1322, 'CTI/44095', 521, 2700, 'SFT21120029', 1750, 0, '2021-12-12', 0),
	(1323, 'CTI/44095', 522, 2700, 'SFT21120029', 562, 0, '2021-12-12', 0),
	(1324, 'CTI/44095', 523, 2700, 'SFT21120029', 2, 0, '2021-12-12', 0),
	(1325, 'CTI/44095', 524, 2700, 'SFT21120029', 0, 0, '2021-12-12', 0),
	(1326, 'CTI/44095', 525, 2700, 'SFT21120029', 0, 0, '2021-12-12', 0),
	(1327, 'CTI/44095', 531, 2700, 'SFT21120029', 0, 0, '2021-12-12', 0),
	(1328, 'CTI/44095', 532, 2700, 'SFT21120029', 0, 0, '2021-12-12', 0),
	(1329, 'CTI/44095', 533, 2700, 'SFT21120029', 0, 0, '2021-12-12', 0),
	(1330, 'CTI/44095', 534, 2700, 'SFT21120029', 30, 1, '2021-12-12', 0),
	(1331, 'CTI/44095', 535, 2700, 'SFT21120029', 0, 0, '2021-12-12', 0),
	(1332, 'CTI/44095', 536, 2700, 'SFT21120029', 0, 0, '2021-12-12', 0),
	(1333, 'CTI/44095', 537, 2700, 'SFT21120029', 0, 0, '2021-12-12', 0),
	(1334, 'CTI/44095', 538, 2700, 'SFT21120029', 769, 1, '2021-12-12', 0),
	(1335, 'CTI/44095', 539, 2700, 'SFT21120029', 19, 0.873, '2021-12-12', 0),
	(1336, 'CTI/44095', 540, 2700, 'SFT21120029', 23, 0, '2021-12-12', 0),
	(1337, 'CTI/44095', 541, 2700, 'SFT21120029', 153, 1, '2021-12-12', 0),
	(1338, 'CTI/44095', 542, 2700, 'SFT21120029', 0, 0, '2021-12-12', 0),
	(1339, 'CTI/44367', 68, 7056, 'SFT21120086', 2223, 0, '2021-12-12', 0),
	(1340, 'CTI/44367', 69, 7056, 'SFT21120086', 18, 0, '2021-12-12', 0),
	(1341, 'CTI/44367', 70, 7056, 'SFT21120086', 185, 1, '2021-12-12', 0),
	(1342, 'CTI/44367', 71, 7056, 'SFT21120086', 3, 0, '2021-12-12', 0),
	(1343, 'CTI/44367', 72, 7056, 'SFT21120086', 0, 0, '2021-12-12', 0),
	(1344, 'CTI/44367', 73, 7056, 'SFT21120086', 0, 0, '2021-12-12', 0),
	(1345, 'CTI/44367', 74, 7056, 'SFT21120086', 0, 0, '2021-12-12', 0),
	(1346, 'CTI/44367', 157, 7056, 'SFT21120086', 2216, 1, '2021-12-12', 0),
	(1347, 'CTI/44367', 158, 7056, 'SFT21120086', 4726, 0, '2021-12-12', 0),
	(1348, 'CTI/44367', 159, 7056, 'SFT21120086', 2226, 0, '2021-12-12', 0),
	(1349, 'CTI/44367', 160, 7056, 'SFT21120086', 41, 0, '2021-12-12', 0),
	(1350, 'CTI/44367', 161, 7056, 'SFT21120086', 4, 1, '2021-12-12', 0),
	(1351, 'CTI/44367', 162, 7056, 'SFT21120086', 0, 0, '2021-12-12', 0),
	(1352, 'CTI/44367', 163, 7056, 'SFT21120086', 4, 0, '2021-12-12', 0),
	(1353, 'CTI/44367', 164, 7056, 'SFT21120086', 0.7, 0.3, '2021-12-12', 0),
	(1354, 'CTI/44367', 165, 7056, 'SFT21120086', 0, 0, '2021-12-12', 0),
	(1355, 'CTI/44367', 247, 7056, 'SFT21120086', 23, 1, '2021-12-12', 0),
	(1356, 'CTI/44367', 248, 7056, 'SFT21120086', 71, 0, '2021-12-12', 0),
	(1357, 'CTI/44367', 249, 7056, 'SFT21120086', 0, 0, '2021-12-12', 0),
	(1358, 'CTI/44367', 250, 7056, 'SFT21120086', 141, 0, '2021-12-12', 0),
	(1359, 'CTI/44367', 251, 7056, 'SFT21120086', 0, 0, '2021-12-12', 0),
	(1360, 'CTI/44367', 252, 7056, 'SFT21120086', 724, 1, '2021-12-12', 0),
	(1361, 'CTI/44367', 253, 7056, 'SFT21120086', 1646, 0, '2021-12-12', 0),
	(1362, 'CTI/44367', 254, 7056, 'SFT21120086', 3200, 0, '2021-12-12', 0),
	(1363, 'CTI/44367', 255, 7056, 'SFT21120086', 4000, 0, '2021-12-12', 0),
	(1364, 'CTI/44367', 519, 7056, 'SFT21120086', 0, 0, '2021-12-12', 0),
	(1393, 'CTI/44360', 545, 3000, 'SFT21120045', 0, 0, '2021-12-12', 0),
	(1398, 'CTI/44360', 550, 3000, 'SFT21120045', 0, 0, '2021-12-12', 0),
	(1399, 'CTI/44360', 551, 3000, 'SFT21120045', 0.2, 0, '2021-12-12', 0),
	(1401, 'CTI/44360', 553, 3000, 'SFT21120045', 0, 0, '2021-12-12', 0),
	(1402, 'CTI/44360', 554, 3000, 'SFT21120045', 26, 0, '2021-12-12', 0),
	(1403, 'CTI/44360', 555, 3000, 'SFT21120045', 0, 0, '2021-12-12', 0),
	(1404, 'CTI/44360', 556, 3000, 'SFT21120045', 1.5, 0.5, '2021-12-12', 0),
	(1405, 'CTI/44360', 557, 3000, 'SFT21120045', 0, 0, '2021-12-12', 0),
	(1406, 'CTI/44360', 558, 3000, 'SFT21120045', 96, 0, '2021-12-12', 0),
	(1407, 'CTI/44360', 559, 3000, 'SFT21120045', 78, 0, '2021-12-12', 0),
	(1408, 'CTI/44360', 560, 3000, 'SFT21120045', 3, 9, '2021-12-12', 0),
	(1409, 'CTI/44360', 561, 3000, 'SFT21120045', 499, 0, '2021-12-12', 0),
	(1410, 'CTI/44360', 562, 3000, 'SFT21120045', 0, 0, '2021-12-12', 0),
	(1411, 'CTI/44360', 563, 3000, 'SFT21120045', 0, 0, '2021-12-12', 0),
	(1412, 'CTI/44360', 564, 3000, 'SFT21120045', 1800, 0, '2021-12-12', 0),
	(1413, 'CTI/44360', 565, 3000, 'SFT21120045', 0, 0, '2021-12-12', 0),
	(1414, 'CTI/44452', 389, 4800, 'SFT21120060', 2101, 151, '2021-12-12', 0),
	(1415, 'CTI/44452', 390, 4800, 'SFT21120060', 17, 0, '2021-12-12', 0),
	(1416, 'CTI/44452', 391, 4800, 'SFT21120060', 174, 0, '2021-12-12', 0),
	(1417, 'CTI/44452', 392, 4800, 'SFT21120060', 0, 0, '2021-12-12', 0),
	(1418, 'CTI/44452', 393, 4800, 'SFT21120060', 2667, 0, '2021-12-12', 0),
	(1419, 'CTI/44452', 394, 4800, 'SFT21120060', 0, 2599, '2021-12-12', 0),
	(1420, 'CTI/44452', 395, 4800, 'SFT21120060', 1573, 0, '2021-12-12', 0),
	(1421, 'CTI/44452', 396, 4800, 'SFT21120060', 0, 0, '2021-12-12', 0),
	(1422, 'CTI/44452', 397, 4800, 'SFT21120060', 5, 0, '2021-12-12', 0),
	(1423, 'CTI/44452', 398, 4800, 'SFT21120060', 0.4, 0, '2021-12-12', 0),
	(1424, 'CTI/44452', 399, 4800, 'SFT21120060', 0.96, 0, '2021-12-12', 0),
	(1425, 'CTI/44452', 400, 4800, 'SFT21120060', 0.96, 0, '2021-12-12', 0),
	(1426, 'CTI/44452', 401, 4800, 'SFT21120060', 0, 0, '2021-12-12', 0),
	(1427, 'CTI/44452', 402, 4800, 'SFT21120060', 24, 47, '2021-12-12', 0),
	(1428, 'CTI/44452', 403, 4800, 'SFT21120060', 0.48, 0, '2021-12-12', 0),
	(1429, 'CTI/44452', 404, 4800, 'SFT21120060', 0, 0, '2021-12-12', 0),
	(1430, 'CTI/44452', 405, 4800, 'SFT21120060', 2, 1, '2021-12-12', 0),
	(1431, 'CTI/44452', 406, 4800, 'SFT21120060', 141, 1, '2021-12-12', 0),
	(1432, 'CTI/44452', 407, 4800, 'SFT21120060', 126, 0, '2021-12-12', 0),
	(1433, 'CTI/44452', 408, 4800, 'SFT21120060', 22, 0, '2021-12-12', 0),
	(1434, 'CTI/44452', 409, 4800, 'SFT21120060', 729, 0, '2021-12-12', 0),
	(1435, 'CTI/44452', 410, 4800, 'SFT21120060', 0, 0, '2021-12-12', 0),
	(1436, 'CTI/44452', 411, 4800, 'SFT21120060', 0, 0, '2021-12-12', 0),
	(1437, 'CTI/44452', 412, 4800, 'SFT21120060', 3400, 0, '2021-12-12', 0),
	(1438, 'CTI/44452', 413, 4800, 'SFT21120060', 0, 0, '2021-12-12', 0),
	(1439, 'CTI/44453', 389, 4800, 'SFT21120059', 2101, 152, '2021-12-12', 0),
	(1440, 'CTI/44453', 390, 4800, 'SFT21120059', 17, 0, '2021-12-12', 0),
	(1441, 'CTI/44453', 391, 4800, 'SFT21120059', 174, 0, '2021-12-12', 0),
	(1442, 'CTI/44453', 392, 4800, 'SFT21120059', 33, 1, '2021-12-12', 0),
	(1443, 'CTI/44453', 393, 4800, 'SFT21120059', 2667, 0, '2021-12-12', 0),
	(1444, 'CTI/44453', 394, 4800, 'SFT21120059', 0, 2599, '2021-12-12', 0),
	(1445, 'CTI/44453', 395, 4800, 'SFT21120059', 1618, 0, '2021-12-12', 0),
	(1446, 'CTI/44453', 396, 4800, 'SFT21120059', 33, 1, '2021-12-12', 0),
	(1447, 'CTI/44453', 397, 4800, 'SFT21120059', 5, 0, '2021-12-12', 0),
	(1448, 'CTI/44453', 398, 4800, 'SFT21120059', 0.4, 0, '2021-12-12', 0),
	(1449, 'CTI/44453', 399, 4800, 'SFT21120059', 0, 0, '2021-12-12', 0),
	(1450, 'CTI/44453', 400, 4800, 'SFT21120059', 0.96, 0.4, '2021-12-12', 0),
	(1451, 'CTI/44453', 401, 4800, 'SFT21120059', 0, 0, '2021-12-12', 0),
	(1452, 'CTI/44453', 402, 4800, 'SFT21120059', 0, 0, '2021-12-12', 0),
	(1453, 'CTI/44453', 403, 4800, 'SFT21120059', 0.48, 0, '2021-12-12', 0),
	(1454, 'CTI/44453', 404, 4800, 'SFT21120059', 3, 0, '2021-12-12', 0),
	(1455, 'CTI/44453', 405, 4800, 'SFT21120059', 2, 1, '2021-12-12', 0),
	(1456, 'CTI/44453', 406, 4800, 'SFT21120059', 141, 0, '2021-12-12', 0),
	(1457, 'CTI/44453', 407, 4800, 'SFT21120059', 147, 0, '2021-12-12', 0),
	(1458, 'CTI/44453', 408, 4800, 'SFT21120059', 22, 0, '2021-12-12', 0),
	(1459, 'CTI/44453', 409, 4800, 'SFT21120059', 729, 0, '2021-12-12', 0),
	(1460, 'CTI/44453', 410, 4800, 'SFT21120059', 0, 0, '2021-12-12', 0),
	(1461, 'CTI/44453', 411, 4800, 'SFT21120059', 3292, 0, '2021-12-12', 0),
	(1462, 'CTI/44453', 412, 4800, 'SFT21120059', 3400, 0, '2021-12-12', 0),
	(1463, 'CTI/44453', 413, 4800, 'SFT21120059', 0, 0, '2021-12-12', 0),
	(1464, 'CTI/44455', 389, 4800, 'SFT21120061', 2101, 151, '2021-12-12', 0),
	(1465, 'CTI/44455', 390, 4800, 'SFT21120061', 17, 0, '2021-12-12', 0),
	(1466, 'CTI/44455', 391, 4800, 'SFT21120061', 174, 0, '2021-12-12', 0),
	(1467, 'CTI/44455', 392, 4800, 'SFT21120061', 33, 1, '2021-12-12', 0),
	(1468, 'CTI/44455', 393, 4800, 'SFT21120061', 2667, 0, '2021-12-12', 0),
	(1469, 'CTI/44455', 394, 4800, 'SFT21120061', 182, 2417, '2021-12-12', 0),
	(1470, 'CTI/44455', 395, 4800, 'SFT21120061', 1573, 0, '2021-12-12', 0),
	(1471, 'CTI/44455', 396, 4800, 'SFT21120061', 33, 1, '2021-12-12', 0),
	(1472, 'CTI/44455', 397, 4800, 'SFT21120061', 5, 0, '2021-12-12', 0),
	(1473, 'CTI/44455', 398, 4800, 'SFT21120061', 0.4, 0, '2021-12-12', 0),
	(1474, 'CTI/44455', 399, 4800, 'SFT21120061', 0, 0, '2021-12-12', 0),
	(1475, 'CTI/44455', 400, 4800, 'SFT21120061', 0.96, 0, '2021-12-12', 0),
	(1476, 'CTI/44455', 401, 4800, 'SFT21120061', 0, 0, '2021-12-12', 0),
	(1477, 'CTI/44455', 402, 4800, 'SFT21120061', 0, 0, '2021-12-12', 0),
	(1478, 'CTI/44455', 403, 4800, 'SFT21120061', 0, 0, '2021-12-12', 0),
	(1479, 'CTI/44455', 404, 4800, 'SFT21120061', 0, 0, '2021-12-12', 0),
	(1480, 'CTI/44455', 405, 4800, 'SFT21120061', 2, 1, '2021-12-12', 0),
	(1481, 'CTI/44455', 406, 4800, 'SFT21120061', 0, 0, '2021-12-12', 0),
	(1482, 'CTI/44455', 407, 4800, 'SFT21120061', 0, 0, '2021-12-12', 0),
	(1483, 'CTI/44455', 408, 4800, 'SFT21120061', 22, 0, '2021-12-12', 0),
	(1484, 'CTI/44455', 409, 4800, 'SFT21120061', 433, 0, '2021-12-12', 0),
	(1485, 'CTI/44455', 410, 4800, 'SFT21120061', 0, 0, '2021-12-12', 0),
	(1486, 'CTI/44455', 411, 4800, 'SFT21120061', 3292, 0, '2021-12-12', 0),
	(1487, 'CTI/44455', 412, 4800, 'SFT21120061', 3400, 0, '2021-12-12', 0),
	(1488, 'CTI/44455', 413, 4800, 'SFT21120061', 0, 0, '2021-12-12', 0),
	(1489, 'CTI/44095', 0, 5400, 'SFT21120028', 0, 0, '2021-12-12', 0),
	(1490, 'CTI/44097', 0, 8640, 'SFT21120027', 4800, 0, '2021-12-12', 0),
	(1491, 'CTI/44360', 0, 3000, 'SFT21120045', 0, 0, '2021-12-12', 0),
	(1492, 'CTI/44360', 0, 3000, 'SFT21120045', 0, 0, '2021-12-12', 0),
	(1493, 'CTI/44360', 0, 3000, 'SFT21120045', 0, 0, '2021-12-12', 0),
	(1494, 'CTI/44408', 0, 3600, 'SFT21120039', 0, 0, '2021-12-12', 0),
	(1495, 'CTI/44408', 0, 3600, 'SFT21120039', 0, 0, '2021-12-12', 0),
	(1496, 'CTI/44360', 0, 3000, 'SFT21120045', 0, 0, '2021-12-12', 0),
	(1497, 'CTI/44360', 0, 3000, 'SFT21120045', 0, 0, '2021-12-12', 0),
	(1498, 'CTI/44360', 0, 3000, 'SFT21120045', 0, 0, '2021-12-12', 0),
	(1499, 'CTI/44360', 0, 3000, 'SFT21120045', 0, 0, '2021-12-12', 0),
	(1500, 'CTI/44360', 0, 3000, 'SFT21120045', 0, 0, '2021-12-12', 0),
	(1501, 'CTI/44360', 0, 3000, 'SFT21120045', 0, 0, '2021-12-12', 0),
	(1502, 'CTI/44360', 0, 3000, 'SFT21120045', 0, 0, '2021-12-12', 0),
	(1503, 'CTI/44360', 0, 3000, 'SFT21120045', 0, 0, '2021-12-12', 0),
	(1504, 'CTI/44360', 0, 3000, 'SFT21120045', 0, 0, '2021-12-12', 0),
	(1505, 'CTI/44360', 0, 3000, 'SFT21120045', 0, 0, '2021-12-12', 0),
	(1506, 'CTI/44360', 0, 3000, 'SFT21120045', 0, 0, '2021-12-12', 0),
	(1507, 'CTI/44360', 0, 3000, 'SFT21120045', 0, 0, '2021-12-12', 0),
	(1508, 'CTI/44360', 0, 3000, 'SFT21120045', 0, 0, '2021-12-12', 0),
	(1509, 'CTI/44360', 0, 3000, 'SFT21120045', 0, 0, '2021-12-12', 0),
	(1510, 'CTI/44360', 0, 3000, 'SFT21120045', 0, 0, '2021-12-12', 0),
	(1511, 'CTI/44360', 0, 3000, 'SFT21120045', 0, 0, '2021-12-12', 0),
	(1512, 'CTI/44408', 0, 3600, 'SFT21120039', 0, 0, '2021-12-12', 0),
	(1513, 'CTI/44360', 0, 3000, 'SFT21120045', 0, 0, '2021-12-12', 0),
	(1514, 'CTI/44360', 0, 3000, 'SFT21120045', 0, 0, '2021-12-12', 0),
	(1515, 'CTI/44360', 0, 3000, 'SFT21120045', 0, 0, '2021-12-12', 0),
	(1516, 'CTI/44360', 592, 3000, 'SFT21120045', 0, 0, '2021-12-12', 0),
	(1520, 'CTI/44360', 596, 3000, 'SFT21120045', 0, 0, '2021-12-12', 0),
	(1524, 'CTI/44360', 600, 3000, 'SFT21120045', 0, 0, '2021-12-12', 0),
	(1526, 'CTI/44360', 602, 3000, 'SFT21120045', 0, 0, '2021-12-12', 0),
	(1528, 'CTI/44360', 604, 3000, 'SFT21120045', 0, 0, '2021-12-12', 0),
	(1530, 'CTI/44262', 606, 8424, 'SFT21120075', 0, 3.4957, '2021-12-12', 0),
	(1531, 'CTI/44261', 606, 3510, 'SFT21120077', 0, 0, '2021-12-12', 0),
	(1532, 'CTI/44263', 606, 2106, 'SFT21120078', 0, 0, '2021-12-12', 0),
	(1533, 'CTI/44264', 606, 3900, 'SFT21120076', 0, 0, '2021-12-12', 0),
	(1638, 'CTI/44718', 659, 7056, 'SFT21120113', 2308, 24, '2021-12-12', 0),
	(1639, 'CTI/44718', 660, 7056, 'SFT21120113', 19, 3, '2021-12-12', 0),
	(1640, 'CTI/44718', 661, 7056, 'SFT21120113', 122, 0, '2021-12-12', 0),
	(1641, 'CTI/44718', 662, 7056, 'SFT21120113', 0, 0, '2021-12-12', 0),
	(1642, 'CTI/44718', 663, 7056, 'SFT21120113', 2238, 0, '2021-12-12', 0),
	(1643, 'CTI/44718', 664, 7056, 'SFT21120113', 4534, 0, '2021-12-12', 0),
	(1644, 'CTI/44718', 665, 7056, 'SFT21120113', 2247, 0, '2021-12-12', 0),
	(1645, 'CTI/44718', 666, 7056, 'SFT21120113', 43, 0, '2021-12-12', 0),
	(1646, 'CTI/44718', 667, 7056, 'SFT21120113', 0, 0, '2021-12-12', 0),
	(1647, 'CTI/44718', 668, 7056, 'SFT21120113', 2, 1, '2021-12-12', 0),
	(1648, 'CTI/44718', 669, 7056, 'SFT21120113', 0.5, 0, '2021-12-12', 0),
	(1649, 'CTI/44718', 670, 7056, 'SFT21120113', 0.5, 0, '2021-12-12', 0),
	(1650, 'CTI/44718', 671, 7056, 'SFT21120113', 0, 0, '2021-12-12', 0),
	(1651, 'CTI/44718', 672, 7056, 'SFT21120113', 0, 0, '2021-12-12', 0),
	(1652, 'CTI/44718', 673, 7056, 'SFT21120113', 0, 0, '2021-12-12', 0),
	(1653, 'CTI/44718', 674, 7056, 'SFT21120113', 0, 0, '2021-12-12', 0),
	(1654, 'CTI/44718', 675, 7056, 'SFT21120113', 0, 0, '2021-12-12', 0),
	(1655, 'CTI/44718', 676, 7056, 'SFT21120113', 148, 1, '2021-12-12', 0),
	(1656, 'CTI/44718', 677, 7056, 'SFT21120113', 0, 0, '2021-12-12', 0),
	(1657, 'CTI/44718', 678, 7056, 'SFT21120113', 22, 1, '2021-12-12', 0),
	(1658, 'CTI/44718', 679, 7056, 'SFT21120113', 583, 0, '2021-12-12', 0),
	(1659, 'CTI/44718', 680, 7056, 'SFT21120113', 0, 0, '2021-12-12', 0),
	(1660, 'CTI/44718', 681, 7056, 'SFT21120113', 2880, 0, '2021-12-12', 0),
	(1661, 'CTI/44718', 682, 7056, 'SFT21120113', 0, 0, '2021-12-12', 0),
	(1662, 'CTI/44718', 683, 7056, 'SFT21120113', 0, 0, '2021-12-12', 0),
	(1663, 'CTI/44461', 684, 4800, 'SFT21120108', 2135, 0, '2021-12-12', 0),
	(1664, 'CTI/44461', 685, 4800, 'SFT21120108', 18, 7, '2021-12-12', 0),
	(1665, 'CTI/44461', 686, 4800, 'SFT21120108', 168, 0, '2021-12-12', 0),
	(1666, 'CTI/44461', 687, 4800, 'SFT21120108', 0, 0, '2021-12-12', 0),
	(1667, 'CTI/44461', 688, 4800, 'SFT21120108', 1594, 460, '2021-12-12', 0),
	(1668, 'CTI/44461', 689, 4800, 'SFT21120108', 0, 0, '2021-12-12', 0),
	(1669, 'CTI/44461', 690, 4800, 'SFT21120108', 2063, 0, '2021-12-12', 0),
	(1670, 'CTI/44461', 691, 4800, 'SFT21120108', 0, 0, '2021-12-12', 0),
	(1671, 'CTI/44461', 692, 4800, 'SFT21120108', 5, 0, '2021-12-12', 0),
	(1672, 'CTI/44461', 693, 4800, 'SFT21120108', 0, 0, '2021-12-12', 0),
	(1673, 'CTI/44461', 694, 4800, 'SFT21120108', 4, 0, '2021-12-12', 0),
	(1674, 'CTI/44461', 695, 4800, 'SFT21120108', 0.5, 0, '2021-12-12', 0),
	(1675, 'CTI/44461', 696, 4800, 'SFT21120108', 0.9, 0.1, '2021-12-12', 0),
	(1676, 'CTI/44461', 697, 4800, 'SFT21120108', 0, 0, '2021-12-12', 0),
	(1677, 'CTI/44461', 698, 4800, 'SFT21120108', 0, 0, '2021-12-12', 0),
	(1678, 'CTI/44461', 699, 4800, 'SFT21120108', 0, 0, '2021-12-12', 0),
	(1679, 'CTI/44461', 700, 4800, 'SFT21120108', 0, 0, '2021-12-12', 0),
	(1680, 'CTI/44461', 701, 4800, 'SFT21120108', 0, 0, '2021-12-12', 0),
	(1681, 'CTI/44461', 702, 4800, 'SFT21120108', 141, 1, '2021-12-12', 0),
	(1682, 'CTI/44461', 703, 4800, 'SFT21120108', 147, 0, '2021-12-12', 0),
	(1683, 'CTI/44461', 704, 4800, 'SFT21120108', 0, 0, '2021-12-12', 0),
	(1684, 'CTI/44461', 705, 4800, 'SFT21120108', 729, 0, '2021-12-12', 0),
	(1685, 'CTI/44461', 706, 4800, 'SFT21120108', 0, 0, '2021-12-12', 0),
	(1686, 'CTI/44461', 707, 4800, 'SFT21120108', 3292, 1, '2021-12-12', 0),
	(1687, 'CTI/44461', 708, 4800, 'SFT21120108', 0, 0, '2021-12-12', 0),
	(1688, 'CTI/44461', 709, 4800, 'SFT21120108', 0, 0, '2021-12-12', 0),
	(1689, 'CTI/44460', 684, 4800, 'SFT21120107', 2135, 3, '2021-12-12', 0),
	(1690, 'CTI/44460', 685, 4800, 'SFT21120107', 18, 7, '2021-12-12', 0),
	(1691, 'CTI/44460', 686, 4800, 'SFT21120107', 168, 0, '2021-12-12', 0),
	(1692, 'CTI/44460', 687, 4800, 'SFT21120107', 0, 0, '2021-12-12', 0),
	(1693, 'CTI/44460', 688, 4800, 'SFT21120107', 2054, 0, '2021-12-12', 0),
	(1694, 'CTI/44460', 689, 4800, 'SFT21120107', 0, 0, '2021-12-12', 0),
	(1695, 'CTI/44460', 690, 4800, 'SFT21120107', 1871, 192, '2021-12-12', 0),
	(1696, 'CTI/44460', 691, 4800, 'SFT21120107', 0, 0, '2021-12-12', 0),
	(1697, 'CTI/44460', 692, 4800, 'SFT21120107', 5, 0, '2021-12-12', 0),
	(1698, 'CTI/44460', 693, 4800, 'SFT21120107', 0, 0, '2021-12-12', 0),
	(1699, 'CTI/44460', 694, 4800, 'SFT21120107', 4, 0, '2021-12-12', 0),
	(1700, 'CTI/44460', 695, 4800, 'SFT21120107', 0.9, 0.1, '2021-12-12', 0),
	(1701, 'CTI/44460', 696, 4800, 'SFT21120107', 0.9, 0.1, '2021-12-12', 0),
	(1702, 'CTI/44460', 697, 4800, 'SFT21120107', 0, 0, '2021-12-12', 0),
	(1703, 'CTI/44460', 698, 4800, 'SFT21120107', 0, 0, '2021-12-12', 0),
	(1704, 'CTI/44460', 699, 4800, 'SFT21120107', 0, 0, '2021-12-12', 0),
	(1705, 'CTI/44460', 700, 4800, 'SFT21120107', 0, 0, '2021-12-12', 0),
	(1706, 'CTI/44460', 701, 4800, 'SFT21120107', 0, 0, '2021-12-12', 0),
	(1707, 'CTI/44460', 702, 4800, 'SFT21120107', 141, 1, '2021-12-12', 0),
	(1708, 'CTI/44460', 703, 4800, 'SFT21120107', 147, 0, '2021-12-12', 0),
	(1709, 'CTI/44460', 704, 4800, 'SFT21120107', 0, 0, '2021-12-12', 0),
	(1710, 'CTI/44460', 705, 4800, 'SFT21120107', 729, 0, '2021-12-12', 0),
	(1711, 'CTI/44460', 706, 4800, 'SFT21120107', 0, 0, '2021-12-12', 0),
	(1712, 'CTI/44460', 707, 4800, 'SFT21120107', 3292, 0, '2021-12-12', 0),
	(1713, 'CTI/44460', 708, 4800, 'SFT21120107', 0, 0, '2021-12-12', 0),
	(1714, 'CTI/44460', 709, 4800, 'SFT21120107', 0, 0, '2021-12-12', 0),
	(1715, 'CTI/44458', 684, 4800, 'SFT21120104', 2135, 0, '2021-12-12', 0),
	(1716, 'CTI/44458', 685, 4800, 'SFT21120104', 18, 7, '2021-12-12', 0),
	(1717, 'CTI/44458', 686, 4800, 'SFT21120104', 168, 0, '2021-12-12', 0),
	(1718, 'CTI/44458', 687, 4800, 'SFT21120104', 0, 0, '2021-12-12', 0),
	(1719, 'CTI/44458', 688, 4800, 'SFT21120104', 2054, 0, '2021-12-12', 0),
	(1720, 'CTI/44458', 689, 4800, 'SFT21120104', 4380, 0, '2021-12-12', 0),
	(1721, 'CTI/44458', 690, 4800, 'SFT21120104', 2063, 0, '2021-12-12', 0),
	(1722, 'CTI/44458', 691, 4800, 'SFT21120104', 42, 0, '2021-12-12', 0),
	(1723, 'CTI/44458', 692, 4800, 'SFT21120104', 5, 0, '2021-12-12', 0),
	(1724, 'CTI/44458', 693, 4800, 'SFT21120104', 0, 0, '2021-12-12', 0),
	(1725, 'CTI/44458', 694, 4800, 'SFT21120104', 4, 0, '2021-12-12', 0),
	(1726, 'CTI/44458', 695, 4800, 'SFT21120104', 0.9, 0.1, '2021-12-12', 0),
	(1727, 'CTI/44458', 696, 4800, 'SFT21120104', 0.9, 0.1, '2021-12-12', 0),
	(1728, 'CTI/44458', 697, 4800, 'SFT21120104', 0, 0, '2021-12-12', 0),
	(1729, 'CTI/44458', 698, 4800, 'SFT21120104', 0, 0, '2021-12-12', 0),
	(1730, 'CTI/44458', 699, 4800, 'SFT21120104', 0, 0, '2021-12-12', 0),
	(1731, 'CTI/44458', 700, 4800, 'SFT21120104', 0, 0, '2021-12-12', 0),
	(1732, 'CTI/44458', 701, 4800, 'SFT21120104', 0, 0, '2021-12-12', 0),
	(1733, 'CTI/44458', 702, 4800, 'SFT21120104', 0, 0, '2021-12-12', 0),
	(1734, 'CTI/44458', 703, 4800, 'SFT21120104', 0, 0, '2021-12-12', 0),
	(1735, 'CTI/44458', 704, 4800, 'SFT21120104', 23, 1, '2021-12-12', 0),
	(1736, 'CTI/44458', 705, 4800, 'SFT21120104', 600, 0, '2021-12-12', 0),
	(1737, 'CTI/44458', 706, 4800, 'SFT21120104', 0, 0, '2021-12-12', 0),
	(1738, 'CTI/44458', 707, 4800, 'SFT21120104', 3292, 0, '2021-12-12', 0),
	(1739, 'CTI/44458', 708, 4800, 'SFT21120104', 0, 0, '2021-12-12', 0),
	(1740, 'CTI/44458', 709, 4800, 'SFT21120104', 0, 0, '2021-12-12', 0),
	(1741, 'CTI/44457', 684, 4800, 'SFT21120106', 2135, 0, '2021-12-12', 0),
	(1742, 'CTI/44457', 685, 4800, 'SFT21120106', 18, 7, '2021-12-12', 0),
	(1743, 'CTI/44457', 686, 4800, 'SFT21120106', 168, 0, '2021-12-12', 0),
	(1744, 'CTI/44457', 687, 4800, 'SFT21120106', 168, 0, '2021-12-12', 0),
	(1745, 'CTI/44457', 688, 4800, 'SFT21120106', 2054, 0, '2021-12-12', 0),
	(1746, 'CTI/44457', 689, 4800, 'SFT21120106', 4380, 0, '2021-12-12', 0),
	(1747, 'CTI/44457', 690, 4800, 'SFT21120106', 2063, 0, '2021-12-12', 0),
	(1748, 'CTI/44457', 691, 4800, 'SFT21120106', 42, 0, '2021-12-12', 0),
	(1749, 'CTI/44457', 692, 4800, 'SFT21120106', 5, 0, '2021-12-12', 0),
	(1750, 'CTI/44457', 693, 4800, 'SFT21120106', 0, 0, '2021-12-12', 0),
	(1751, 'CTI/44457', 694, 4800, 'SFT21120106', 4, 0, '2021-12-12', 0),
	(1752, 'CTI/44457', 695, 4800, 'SFT21120106', 0.9, 0.1, '2021-12-12', 0),
	(1753, 'CTI/44457', 696, 4800, 'SFT21120106', 0.9, 0.1, '2021-12-12', 0),
	(1754, 'CTI/44457', 697, 4800, 'SFT21120106', 0, 0, '2021-12-12', 0),
	(1755, 'CTI/44457', 698, 4800, 'SFT21120106', 0, 0, '2021-12-12', 0),
	(1756, 'CTI/44457', 699, 4800, 'SFT21120106', 0, 0, '2021-12-12', 0),
	(1757, 'CTI/44457', 700, 4800, 'SFT21120106', 2, 0, '2021-12-12', 0),
	(1758, 'CTI/44457', 701, 4800, 'SFT21120106', 0, 0, '2021-12-12', 0),
	(1759, 'CTI/44457', 702, 4800, 'SFT21120106', 141, 51, '2021-12-12', 0),
	(1760, 'CTI/44457', 703, 4800, 'SFT21120106', 0, 0, '2021-12-12', 0),
	(1761, 'CTI/44457', 704, 4800, 'SFT21120106', 23, 1, '2021-12-12', 0),
	(1762, 'CTI/44457', 705, 4800, 'SFT21120106', 527, 0, '2021-12-12', 0),
	(1763, 'CTI/44457', 706, 4800, 'SFT21120106', 0, 0, '2021-12-12', 0),
	(1764, 'CTI/44457', 707, 4800, 'SFT21120106', 3292, 0, '2021-12-12', 0),
	(1765, 'CTI/44457', 708, 4800, 'SFT21120106', 0, 0, '2021-12-12', 0),
	(1766, 'CTI/44457', 709, 4800, 'SFT21120106', 0, 0, '2021-12-12', 0),
	(1767, 'CTI/44719', 710, 9720, 'SFT21120099', 0, 0, '2021-12-12', 0),
	(1768, 'CTI/44719', 711, 9720, 'SFT21120099', 57, 0, '2021-12-12', 0),
	(1769, 'CTI/44719', 712, 9720, 'SFT21120099', 440, 0, '2021-12-12', 0),
	(1770, 'CTI/44719', 713, 9720, 'SFT21120099', 0, 0, '2021-12-12', 0),
	(1771, 'CTI/44719', 714, 9720, 'SFT21120099', 1585, 12, '2021-12-12', 0),
	(1772, 'CTI/44719', 715, 9720, 'SFT21120099', 2795, 610, '2021-12-12', 0),
	(1773, 'CTI/44719', 716, 9720, 'SFT21120099', 1110, 493, '2021-12-12', 0),
	(1774, 'CTI/44719', 717, 9720, 'SFT21120099', 38, 1, '2021-12-12', 0),
	(1775, 'CTI/44719', 718, 9720, 'SFT21120099', 11.3, 0, '2021-12-12', 0),
	(1776, 'CTI/44719', 719, 9720, 'SFT21120099', 0.9, 0.1, '2021-12-12', 0),
	(1777, 'CTI/44719', 720, 9720, 'SFT21120099', 3, 1, '2021-12-12', 0),
	(1778, 'CTI/44719', 721, 9720, 'SFT21120099', 0.9, 0.1, '2021-12-12', 0),
	(1779, 'CTI/44719', 722, 9720, 'SFT21120099', 0.9, 0.1, '2021-12-12', 0),
	(1780, 'CTI/44719', 723, 9720, 'SFT21120099', 0, 0, '2021-12-12', 0),
	(1781, 'CTI/44719', 724, 9720, 'SFT21120099', 0, 0, '2021-12-12', 0),
	(1782, 'CTI/44719', 725, 9720, 'SFT21120099', 0.52, 0, '2021-12-12', 0),
	(1783, 'CTI/44719', 726, 9720, 'SFT21120099', 4, 1, '2021-12-12', 0),
	(1784, 'CTI/44719', 727, 9720, 'SFT21120099', 0, 0, '2021-12-12', 0),
	(1785, 'CTI/44719', 728, 9720, 'SFT21120099', 111, 0, '2021-12-12', 0),
	(1786, 'CTI/44719', 729, 9720, 'SFT21120099', 119, 1, '2021-12-12', 0),
	(1787, 'CTI/44719', 730, 9720, 'SFT21120099', 17, 1, '2021-12-12', 0),
	(1788, 'CTI/44719', 731, 9720, 'SFT21120099', 526, 1, '2021-12-12', 0),
	(1789, 'CTI/44719', 732, 9720, 'SFT21120099', 0, 0, '2021-12-12', 0),
	(1790, 'CTI/44719', 733, 9720, 'SFT21120099', 2000, 0, '2021-12-12', 0),
	(1791, 'CTI/44719', 734, 9720, 'SFT21120099', 3132, 268, '2021-12-12', 0),
	(1792, 'CTI/44719', 735, 9720, 'SFT21120099', 0, 0, '2021-12-12', 0),
	(1793, 'CTI/44456', 684, 4800, 'SFT21120105', 2101, 34, '2021-12-12', 0),
	(1794, 'CTI/44456', 685, 4800, 'SFT21120105', 18, 7, '2021-12-12', 0),
	(1795, 'CTI/44456', 686, 4800, 'SFT21120105', 168, 0, '2021-12-12', 0),
	(1796, 'CTI/44456', 687, 4800, 'SFT21120105', 168, 0, '2021-12-12', 0),
	(1797, 'CTI/44456', 688, 4800, 'SFT21120105', 2054, 0, '2021-12-12', 0),
	(1798, 'CTI/44456', 689, 4800, 'SFT21120105', 1834, 2546, '2021-12-12', 0),
	(1799, 'CTI/44456', 690, 4800, 'SFT21120105', 2063, 0, '2021-12-12', 0),
	(1800, 'CTI/44456', 691, 4800, 'SFT21120105', 42, 0, '2021-12-12', 0),
	(1801, 'CTI/44456', 692, 4800, 'SFT21120105', 5, 0, '2021-12-12', 0),
	(1802, 'CTI/44456', 693, 4800, 'SFT21120105', 0, 0, '2021-12-12', 0),
	(1803, 'CTI/44456', 694, 4800, 'SFT21120105', 4, 0, '2021-12-12', 0),
	(1804, 'CTI/44456', 695, 4800, 'SFT21120105', 0.9, 0.1, '2021-12-12', 0),
	(1805, 'CTI/44456', 696, 4800, 'SFT21120105', 0.9, 0.1, '2021-12-12', 0),
	(1806, 'CTI/44456', 697, 4800, 'SFT21120105', 0, 0, '2021-12-12', 0),
	(1807, 'CTI/44456', 698, 4800, 'SFT21120105', 0, 0, '2021-12-12', 0),
	(1808, 'CTI/44456', 699, 4800, 'SFT21120105', 0.48, 0, '2021-12-12', 0),
	(1809, 'CTI/44456', 700, 4800, 'SFT21120105', 3, 0, '2021-12-12', 0),
	(1810, 'CTI/44456', 701, 4800, 'SFT21120105', 0, 0, '2021-12-12', 0),
	(1811, 'CTI/44456', 702, 4800, 'SFT21120105', 141, 1, '2021-12-12', 0),
	(1812, 'CTI/44456', 703, 4800, 'SFT21120105', 147, 0, '2021-12-12', 0),
	(1813, 'CTI/44456', 704, 4800, 'SFT21120105', 23, 1, '2021-12-12', 0),
	(1814, 'CTI/44456', 705, 4800, 'SFT21120105', 729, 13, '2021-12-12', 0),
	(1815, 'CTI/44456', 706, 4800, 'SFT21120105', 0, 0, '2021-12-12', 0),
	(1816, 'CTI/44456', 707, 4800, 'SFT21120105', 3292, 0, '2021-12-12', 0),
	(1817, 'CTI/44456', 708, 4800, 'SFT21120105', 0, 0, '2021-12-12', 0),
	(1818, 'CTI/44456', 709, 4800, 'SFT21120105', 0, 0, '2021-12-12', 0),
	(1819, 'CTI/44714', 736, 4800, 'SFT21120058', 0.4, 0.2, '2021-12-12', 0),
	(1820, 'CTI/44715', 736, 4800, 'SFT21120056', 0, 0, '2021-12-12', 0),
	(1821, 'CTI/44716', 736, 4800, 'SFT21120057', 0, 0, '2021-12-12', 0),
	(1822, 'CTI/44717', 736, 4800, 'SFT21120055', 0, 0, '2021-12-12', 0),
	(2811, 'CTI/44095', 737, 5400, 'SFT21120028', 61, 1, '2021-12-12', 0),
	(2812, 'CTI/44097', 737, 8640, 'SFT21120027', 98, 0, '2021-12-12', 0),
	(2813, 'CTI/43561', 738, 10584, 'SFT21110058', 60.756, 0, '2021-12-12', 0),
	(2814, 'CTI/43561', 739, 10584, 'SFT21110058', 0, 0, '2021-12-12', 0),
	(2815, 'CTI/43561', 740, 10584, 'SFT21110058', 0, 0, '2021-12-12', 0),
	(2816, 'CTI/43561', 741, 10584, 'SFT21110058', 94, 0, '2021-12-12', 0),
	(2817, 'CTI/43561', 742, 10584, 'SFT21110058', 0, 0, '2021-12-12', 0),
	(2818, 'CTI/43561', 743, 10584, 'SFT21110058', 0, 0, '2021-12-12', 0),
	(2819, 'CTI/43561', 744, 10584, 'SFT21110058', 0, 0, '2021-12-12', 0),
	(2820, 'CTI/43561', 745, 10584, 'SFT21110058', 0, 0, '2021-12-12', 0),
	(2821, 'CTI/43561', 746, 10584, 'SFT21110058', 0, 0, '2021-12-12', 0),
	(2822, 'CTI/43561', 747, 10584, 'SFT21110058', 0, 0, '2021-12-12', 0),
	(2823, 'CTI/43561', 748, 10584, 'SFT21110058', 0, 0, '2021-12-12', 0),
	(2824, 'CTI/43561', 749, 10584, 'SFT21110058', 0, 0, '2021-12-12', 0),
	(2825, 'CTI/43561', 750, 10584, 'SFT21110058', 26, 0, '2021-12-12', 0),
	(2826, 'CTI/43561', 751, 10584, 'SFT21110058', 101, 1, '2021-12-12', 0),
	(2827, 'CTI/43561', 752, 10584, 'SFT21110058', 0, 0, '2021-12-12', 0),
	(2828, 'CTI/43561', 753, 10584, 'SFT21110058', 6, 0, '2021-12-12', 0),
	(2829, 'CTI/43561', 754, 10584, 'SFT21110058', 4, 1, '2021-12-12', 0),
	(2830, 'CTI/43561', 755, 10584, 'SFT21110058', 0, 0, '2021-12-12', 0),
	(2831, 'CTI/43561', 756, 10584, 'SFT21110058', 139, 1, '2021-12-12', 0),
	(2832, 'CTI/43561', 757, 10584, 'SFT21110058', 0, 0, '2021-12-12', 0),
	(2833, 'CTI/43561', 758, 10584, 'SFT21110058', 603, 0, '2021-12-12', 0),
	(2834, 'CTI/43561', 759, 10584, 'SFT21110058', 1240, 0, '2021-12-12', 0),
	(2835, 'CTI/43561', 760, 10584, 'SFT21110058', 2480, 0, '2021-12-12', 0),
	(2836, 'CTI/43561', 761, 10584, 'SFT21110058', 6600, 0, '2021-12-12', 0),
	(2837, 'CTI/43561', 762, 10584, 'SFT21110058', 0, 0, '2021-12-12', 0),
	(2838, 'CTI/44914', 763, 9576, 'SFT22010027', 0, 18.74, '2021-12-12', 0),
	(2839, 'CTI/44914', 764, 9576, 'SFT22010027', 64, 0, '2021-12-12', 0),
	(2840, 'CTI/44914', 765, 9576, 'SFT22010027', 486, 0, '2021-12-12', 0),
	(2841, 'CTI/44914', 766, 9576, 'SFT22010027', 0, 0, '2021-12-12', 0),
	(2842, 'CTI/44914', 767, 9576, 'SFT22010027', 42.55, 0, '2021-12-12', 0),
	(2843, 'CTI/44914', 768, 9576, 'SFT22010027', 1593, 0, '2021-12-12', 0),
	(2844, 'CTI/44914', 769, 9576, 'SFT22010027', 3397, 0, '2021-12-12', 0),
	(2845, 'CTI/44914', 770, 9576, 'SFT22010027', 1600, 0, '2021-12-12', 0),
	(2846, 'CTI/44914', 771, 9576, 'SFT22010027', 0, 0, '2021-12-12', 0),
	(2847, 'CTI/44914', 772, 9576, 'SFT22010027', 0, 0, '2021-12-12', 0),
	(2848, 'CTI/44914', 773, 9576, 'SFT22010027', 91, 1, '2021-12-12', 0),
	(2849, 'CTI/44914', 774, 9576, 'SFT22010027', 0.04, 0, '2021-12-12', 0),
	(2850, 'CTI/44914', 775, 9576, 'SFT22010027', 3, 0, '2021-12-12', 0),
	(2851, 'CTI/44914', 776, 9576, 'SFT22010027', 0, 0, '2021-12-12', 0),
	(2852, 'CTI/44914', 777, 9576, 'SFT22010027', 117, 1, '2021-12-12', 0),
	(2853, 'CTI/44914', 778, 9576, 'SFT22010027', 117, 0, '2021-12-12', 0),
	(2854, 'CTI/44914', 779, 9576, 'SFT22010027', 0, 0, '2021-12-12', 0),
	(2855, 'CTI/44914', 780, 9576, 'SFT22010027', 11, 0, '2021-12-12', 0),
	(2856, 'CTI/44914', 781, 9576, 'SFT22010027', 544, 1, '2021-12-12', 0),
	(2857, 'CTI/44914', 782, 9576, 'SFT22010027', 0, 0, '2021-12-12', 0),
	(2858, 'CTI/44914', 783, 9576, 'SFT22010027', 2229, 0, '2021-12-12', 0),
	(2859, 'CTI/44914', 784, 9576, 'SFT22010027', 0.5, 0, '2021-12-12', 0),
	(2860, 'CTI/44914', 785, 9576, 'SFT22010027', 3, 0, '2021-12-12', 0),
	(2861, 'CTI/44914', 786, 9576, 'SFT22010027', 0, 0, '2021-12-12', 0),
	(2862, 'CTI/44914', 787, 9576, 'SFT22010027', 0, 0, '2021-12-12', 0),
	(2863, 'CTI/44914', 788, 9576, 'SFT22010027', 3515, 0, '2021-12-12', 0),
	(2864, 'CTI/44914', 789, 9576, 'SFT22010027', 0, 0, '2021-12-12', 0),
	(2865, 'CTI/44915', 763, 9576, 'SFT22010028', 0, 0, '2021-12-12', 0),
	(2866, 'CTI/44915', 764, 9576, 'SFT22010028', 64, 0, '2021-12-12', 0),
	(2867, 'CTI/44915', 765, 9576, 'SFT22010028', 486, 0, '2021-12-12', 0),
	(2868, 'CTI/44915', 766, 9576, 'SFT22010028', 0, 0, '2021-12-12', 0),
	(2869, 'CTI/44915', 767, 9576, 'SFT22010028', 61.28, 0, '2021-12-12', 0),
	(2870, 'CTI/44915', 768, 9576, 'SFT22010028', 1593, 0, '2021-12-12', 0),
	(2871, 'CTI/44915', 769, 9576, 'SFT22010028', 3397, 0, '2021-12-12', 0),
	(2872, 'CTI/44915', 770, 9576, 'SFT22010028', 1145, 0, '2021-12-12', 0),
	(2873, 'CTI/44915', 771, 9576, 'SFT22010028', 0, 0, '2021-12-12', 0),
	(2874, 'CTI/44915', 772, 9576, 'SFT22010028', 0, 0, '2021-12-12', 0),
	(2875, 'CTI/44915', 773, 9576, 'SFT22010028', 91, 1, '2021-12-12', 0),
	(2876, 'CTI/44915', 774, 9576, 'SFT22010028', 0, 0, '2021-12-12', 0),
	(2877, 'CTI/44915', 775, 9576, 'SFT22010028', 3, 0, '2021-12-12', 0),
	(2878, 'CTI/44915', 776, 9576, 'SFT22010028', 0, 0, '2021-12-12', 0),
	(2879, 'CTI/44915', 777, 9576, 'SFT22010028', 117, 1, '2021-12-12', 0),
	(2880, 'CTI/44915', 778, 9576, 'SFT22010028', 0, 0, '2021-12-12', 0),
	(2881, 'CTI/44915', 779, 9576, 'SFT22010028', 18, 0, '2021-12-12', 0),
	(2882, 'CTI/44915', 780, 9576, 'SFT22010028', 4, 0, '2021-12-12', 0),
	(2883, 'CTI/44915', 781, 9576, 'SFT22010028', 342, 203, '2021-12-12', 0),
	(2884, 'CTI/44915', 782, 9576, 'SFT22010028', 0, 0, '2021-12-12', 0),
	(2885, 'CTI/44915', 783, 9576, 'SFT22010028', 2229, 0, '2021-12-12', 0),
	(2886, 'CTI/44915', 784, 9576, 'SFT22010028', 0, 0, '2021-12-12', 0),
	(2887, 'CTI/44915', 785, 9576, 'SFT22010028', 3, 1, '2021-12-12', 0),
	(2888, 'CTI/44915', 786, 9576, 'SFT22010028', 0, 0, '2021-12-12', 0),
	(2889, 'CTI/44915', 787, 9576, 'SFT22010028', 0, 0, '2021-12-12', 0),
	(2890, 'CTI/44915', 788, 9576, 'SFT22010028', 3515, 0, '2021-12-12', 0),
	(2891, 'CTI/44915', 789, 9576, 'SFT22010028', 0, 0, '2021-12-12', 0),
	(3048, 'CTI/45211', 710, 8640, 'SFT22010030', 0, 0, '2021-12-12', 0),
	(3126, 'CTI/44860', 842, 4800, 'SFT22010047', 91, 0, '2021-12-12', 0),
	(3127, 'CTI/44860', 843, 4800, 'SFT22010047', 19, 0, '2021-12-12', 0),
	(3128, 'CTI/44860', 844, 4800, 'SFT22010047', 188, 0, '2021-12-12', 0),
	(3129, 'CTI/44860', 845, 4800, 'SFT22010047', 0, 0, '2021-12-12', 0),
	(3130, 'CTI/44860', 846, 4800, 'SFT22010047', 0, 2044, '2021-12-12', 0),
	(3131, 'CTI/44860', 847, 4800, 'SFT22010047', 0, 0, '2021-12-12', 0),
	(3132, 'CTI/44860', 848, 4800, 'SFT22010047', 0, 0, '2021-12-12', 0),
	(3133, 'CTI/44860', 849, 4800, 'SFT22010047', 0, 0, '2021-12-12', 0),
	(3134, 'CTI/44860', 850, 4800, 'SFT22010047', 0, 0, '2021-12-12', 0),
	(3135, 'CTI/44860', 851, 4800, 'SFT22010047', 0, 0, '2021-12-12', 0),
	(3136, 'CTI/44860', 852, 4800, 'SFT22010047', 0, 0, '2021-12-12', 0),
	(3137, 'CTI/44860', 853, 4800, 'SFT22010047', 0, 0, '2021-12-12', 0),
	(3138, 'CTI/44860', 854, 4800, 'SFT22010047', 0, 0, '2021-12-12', 0),
	(3139, 'CTI/44860', 855, 4800, 'SFT22010047', 0, 0, '2021-12-12', 0),
	(3140, 'CTI/44860', 856, 4800, 'SFT22010047', 0, 0, '2021-12-12', 0),
	(3141, 'CTI/44860', 857, 4800, 'SFT22010047', 0, 0, '2021-12-12', 0),
	(3142, 'CTI/44860', 858, 4800, 'SFT22010047', 0, 0, '2021-12-12', 0),
	(3143, 'CTI/44860', 859, 4800, 'SFT22010047', 0, 0, '2021-12-12', 0),
	(3144, 'CTI/44860', 860, 4800, 'SFT22010047', 0, 0, '2021-12-12', 0),
	(3145, 'CTI/44860', 861, 4800, 'SFT22010047', 0, 0, '2021-12-12', 0),
	(3146, 'CTI/44860', 862, 4800, 'SFT22010047', 0, 0, '2021-12-12', 0),
	(3147, 'CTI/44860', 863, 4800, 'SFT22010047', 0, 0, '2021-12-12', 0),
	(3148, 'CTI/44860', 864, 4800, 'SFT22010047', 0, 0, '2021-12-12', 0),
	(3149, 'CTI/44860', 865, 4800, 'SFT22010047', 0, 0, '2021-12-12', 0),
	(3150, 'CTI/44860', 866, 4800, 'SFT22010047', 3292, 1, '2021-12-12', 0),
	(3151, 'CTI/44860', 867, 4800, 'SFT22010047', 0, 0, '2021-12-12', 0),
	(3152, 'CTI/44860', 868, 4800, 'SFT22010047', 0, 0, '2021-12-12', 0),
	(3179, 'CTI/44452', 869, 4800, 'SFT21120060', 2101, 42, '2021-12-12', 0),
	(3180, 'CTI/44452', 870, 4800, 'SFT21120060', 17, 0, '2021-12-12', 0),
	(3181, 'CTI/44452', 871, 4800, 'SFT21120060', 174, 0, '2021-12-12', 0),
	(3182, 'CTI/44452', 872, 4800, 'SFT21120060', 0, 0, '2021-12-12', 0),
	(3183, 'CTI/44452', 873, 4800, 'SFT21120060', 748, 1919, '2021-12-12', 0),
	(3184, 'CTI/44452', 874, 4800, 'SFT21120060', 1824, 775, '2021-12-12', 0),
	(3185, 'CTI/44452', 875, 4800, 'SFT21120060', 1104, 469, '2021-12-12', 0),
	(3186, 'CTI/44452', 876, 4800, 'SFT21120060', 33, 0, '2021-12-12', 0),
	(3187, 'CTI/44452', 877, 4800, 'SFT21120060', 5, 0, '2021-12-12', 0),
	(3188, 'CTI/44452', 878, 4800, 'SFT21120060', 0.4, 0, '2021-12-12', 0),
	(3189, 'CTI/44452', 879, 4800, 'SFT21120060', 4, 0, '2021-12-12', 0),
	(3190, 'CTI/44452', 880, 4800, 'SFT21120060', 0.9, 0.1, '2021-12-12', 0),
	(3191, 'CTI/44452', 881, 4800, 'SFT21120060', 0.9, 0.1, '2021-12-12', 0),
	(3192, 'CTI/44452', 882, 4800, 'SFT21120060', 0, 0, '2021-12-12', 0),
	(3193, 'CTI/44452', 883, 4800, 'SFT21120060', 0, 0, '2021-12-12', 0),
	(3194, 'CTI/44452', 884, 4800, 'SFT21120060', 71, 0, '2021-12-12', 0),
	(3195, 'CTI/44452', 885, 4800, 'SFT21120060', 0.48, 0, '2021-12-12', 0),
	(3196, 'CTI/44452', 886, 4800, 'SFT21120060', 0, 0, '2021-12-12', 0),
	(3197, 'CTI/44452', 887, 4800, 'SFT21120060', 2, 1, '2021-12-12', 0),
	(3198, 'CTI/44452', 888, 4800, 'SFT21120060', 141, 1, '2021-12-12', 0),
	(3199, 'CTI/44452', 889, 4800, 'SFT21120060', 126, 0, '2021-12-12', 0),
	(3200, 'CTI/44452', 890, 4800, 'SFT21120060', 22, 0, '2021-12-12', 0),
	(3201, 'CTI/44452', 891, 4800, 'SFT21120060', 729, 0, '2021-12-12', 0),
	(3202, 'CTI/44452', 892, 4800, 'SFT21120060', 0, 0, '2021-12-12', 0),
	(3203, 'CTI/44452', 893, 4800, 'SFT21120060', 3292, 1, '2021-12-12', 0),
	(3204, 'CTI/44452', 894, 4800, 'SFT21120060', 3400, 0, '2021-12-12', 0),
	(3205, 'CTI/44453', 869, 4800, 'SFT21120059', 2101, 42, '2021-12-12', 0),
	(3206, 'CTI/44453', 870, 4800, 'SFT21120059', 17, 0, '2021-12-12', 0),
	(3207, 'CTI/44453', 871, 4800, 'SFT21120059', 174, 0, '2021-12-12', 0),
	(3208, 'CTI/44453', 872, 4800, 'SFT21120059', 0, 0, '2021-12-12', 0),
	(3209, 'CTI/44453', 873, 4800, 'SFT21120059', 1872, 795, '2021-12-12', 0),
	(3210, 'CTI/44453', 874, 4800, 'SFT21120059', 1824, 775, '2021-12-12', 0),
	(3211, 'CTI/44453', 875, 4800, 'SFT21120059', 1104, 469, '2021-12-12', 0),
	(3212, 'CTI/44453', 876, 4800, 'SFT21120059', 33, 1, '2021-12-12', 0),
	(3213, 'CTI/44453', 877, 4800, 'SFT21120059', 5, 0, '2021-12-12', 0),
	(3214, 'CTI/44453', 878, 4800, 'SFT21120059', 0.4, 0, '2021-12-12', 0),
	(3215, 'CTI/44453', 879, 4800, 'SFT21120059', 4, 0, '2021-12-12', 0),
	(3216, 'CTI/44453', 880, 4800, 'SFT21120059', 0, 0, '2021-12-12', 0),
	(3217, 'CTI/44453', 881, 4800, 'SFT21120059', 0.9, 0.1, '2021-12-12', 0),
	(3218, 'CTI/44453', 882, 4800, 'SFT21120059', 0, 0, '2021-12-12', 0),
	(3219, 'CTI/44453', 883, 4800, 'SFT21120059', 0, 0, '2021-12-12', 0),
	(3220, 'CTI/44453', 884, 4800, 'SFT21120059', 0, 0, '2021-12-12', 0),
	(3221, 'CTI/44453', 885, 4800, 'SFT21120059', 0.48, 0, '2021-12-12', 0),
	(3222, 'CTI/44453', 886, 4800, 'SFT21120059', 3, 0, '2021-12-12', 0),
	(3223, 'CTI/44453', 887, 4800, 'SFT21120059', 2, 1, '2021-12-12', 0),
	(3224, 'CTI/44453', 888, 4800, 'SFT21120059', 141, 0, '2021-12-12', 0),
	(3225, 'CTI/44453', 889, 4800, 'SFT21120059', 147, 0, '2021-12-12', 0),
	(3226, 'CTI/44453', 890, 4800, 'SFT21120059', 22, 0, '2021-12-12', 0),
	(3227, 'CTI/44453', 891, 4800, 'SFT21120059', 729, 0, '2021-12-12', 0),
	(3228, 'CTI/44453', 892, 4800, 'SFT21120059', 0, 0, '2021-12-12', 0),
	(3229, 'CTI/44453', 893, 4800, 'SFT21120059', 3292, 1, '2021-12-12', 0),
	(3230, 'CTI/44453', 894, 4800, 'SFT21120059', 3400, 0, '2021-12-12', 0),
	(3231, 'CTI/44455', 869, 4800, 'SFT21120061', 975, 1168, '2021-12-12', 0),
	(3232, 'CTI/44455', 870, 4800, 'SFT21120061', 17, 0, '2021-12-12', 0),
	(3233, 'CTI/44455', 871, 4800, 'SFT21120061', 174, 0, '2021-12-12', 0),
	(3234, 'CTI/44455', 872, 4800, 'SFT21120061', 0, 0, '2021-12-12', 0),
	(3235, 'CTI/44455', 873, 4800, 'SFT21120061', 1872, 795, '2021-12-12', 0),
	(3236, 'CTI/44455', 874, 4800, 'SFT21120061', 1824, 775, '2021-12-12', 0),
	(3237, 'CTI/44455', 875, 4800, 'SFT21120061', 1104, 469, '2021-12-12', 0),
	(3238, 'CTI/44455', 876, 4800, 'SFT21120061', 33, 0, '2021-12-12', 0),
	(3239, 'CTI/44455', 877, 4800, 'SFT21120061', 5, 0, '2021-12-12', 0),
	(3240, 'CTI/44455', 878, 4800, 'SFT21120061', 0.4, 0, '2021-12-12', 0),
	(3241, 'CTI/44455', 879, 4800, 'SFT21120061', 4, 0, '2021-12-12', 0),
	(3242, 'CTI/44455', 880, 4800, 'SFT21120061', 0, 0, '2021-12-12', 0),
	(3243, 'CTI/44455', 881, 4800, 'SFT21120061', 0.9, 0.1, '2021-12-12', 0),
	(3244, 'CTI/44455', 882, 4800, 'SFT21120061', 0.4, 0.2, '2021-12-12', 0),
	(3245, 'CTI/44455', 883, 4800, 'SFT21120061', 0, 0, '2021-12-12', 0),
	(3246, 'CTI/44455', 884, 4800, 'SFT21120061', 0, 0, '2021-12-12', 0),
	(3247, 'CTI/44455', 885, 4800, 'SFT21120061', 0, 0, '2021-12-12', 0),
	(3248, 'CTI/44455', 886, 4800, 'SFT21120061', 0, 0, '2021-12-12', 0),
	(3249, 'CTI/44455', 887, 4800, 'SFT21120061', 2, 1, '2021-12-12', 0),
	(3250, 'CTI/44455', 888, 4800, 'SFT21120061', 0, 0, '2021-12-12', 0),
	(3251, 'CTI/44455', 889, 4800, 'SFT21120061', 0, 0, '2021-12-12', 0),
	(3252, 'CTI/44455', 890, 4800, 'SFT21120061', 22, 0, '2021-12-12', 0),
	(3253, 'CTI/44455', 891, 4800, 'SFT21120061', 433, 0, '2021-12-12', 0),
	(3254, 'CTI/44455', 892, 4800, 'SFT21120061', 0, 0, '2021-12-12', 0),
	(3255, 'CTI/44455', 893, 4800, 'SFT21120061', 3292, 0, '2021-12-12', 0),
	(3256, 'CTI/44455', 894, 4800, 'SFT21120061', 3400, 0, '2021-12-12', 0),
	(3257, 'CTI/44095', 895, 2700, 'SFT21120029', 0, 0, '2021-12-12', 0),
	(3258, 'CTI/44095', 896, 5400, 'SFT21120028', 0, 0, '2021-12-12', 0),
	(3259, 'CTI/44097', 896, 8640, 'SFT21120027', 0, 0, '2021-12-12', 0),
	(3260, 'CTI/44095', 897, 2700, 'SFT21120029', 0, 0, '2021-12-12', 0),
	(3261, 'CTI/44095', 898, 5400, 'SFT21120028', 0, 0, '2021-12-12', 0),
	(3262, 'CTI/44097', 898, 8640, 'SFT21120027', 4800, 0, '2021-12-12', 0),
	(3290, 'CTI/44360', 926, 3000, 'SFT21120045', 0, 0, '2021-12-12', 0),
	(3292, 'CTI/44360', 928, 3000, 'SFT21120045', 0, 0, '2021-12-12', 0),
	(3293, 'CTI/44360', 929, 3000, 'SFT21120045', 0, 0, '2021-12-12', 0),
	(3294, 'CTI/44360', 930, 3000, 'SFT21120045', 0, 0, '2021-12-12', 0),
	(3295, 'CTI/44360', 931, 3000, 'SFT21120045', 0, 0, '2021-12-12', 0),
	(3296, 'CTI/44360', 932, 3000, 'SFT21120045', 0, 0, '2021-12-12', 0),
	(3299, 'CTI/44360', 935, 3000, 'SFT21120045', 0, 0, '2021-12-12', 0),
	(3300, 'CTI/44360', 936, 3000, 'SFT21120045', 0, 0, '2021-12-12', 0),
	(3301, 'CTI/44360', 937, 3000, 'SFT21120045', 0, 0, '2021-12-12', 0),
	(3304, 'CTI/44360', 940, 3000, 'SFT21120045', 0, 0, '2021-12-12', 0),
	(3305, 'CTI/44360', 941, 3000, 'SFT21120045', 0, 0, '2021-12-12', 0),
	(3307, 'CTI/44360', 943, 3000, 'SFT21120045', 0, 0, '2021-12-12', 0),
	(3309, 'CTI/44360', 945, 3000, 'SFT21120045', 0, 0, '2021-12-12', 0),
	(3311, 'CTI/44360', 947, 3000, 'SFT21120045', 0, 0, '2021-12-12', 0),
	(3312, 'CTI/44360', 566, 3510, 'SFT21120043', 600, 0, '2021-12-12', 0),
	(3313, 'CTI/44360', 567, 3510, 'SFT21120043', 974, 0, '2021-12-12', 0),
	(3314, 'CTI/44360', 568, 3510, 'SFT21120043', 2077, 0, '2021-12-12', 0),
	(3315, 'CTI/44360', 569, 3510, 'SFT21120043', 8, 3, '2021-12-12', 0),
	(3316, 'CTI/44360', 570, 3510, 'SFT21120043', 84, 1, '2021-12-12', 0),
	(3317, 'CTI/44360', 571, 3510, 'SFT21120043', 0, 0, '2021-12-12', 0),
	(3318, 'CTI/44360', 572, 3510, 'SFT21120043', 0, 0, '2021-12-12', 0),
	(3319, 'CTI/44360', 573, 3510, 'SFT21120043', 0, 0, '2021-12-12', 0),
	(3320, 'CTI/44360', 574, 3510, 'SFT21120043', 0, 0, '2021-12-12', 0),
	(3321, 'CTI/44360', 575, 3510, 'SFT21120043', 0, 0, '2021-12-12', 0),
	(3322, 'CTI/44360', 576, 3510, 'SFT21120043', 0.3, 0, '2021-12-12', 0),
	(3323, 'CTI/44360', 577, 3510, 'SFT21120043', 0, 0, '2021-12-12', 0),
	(3324, 'CTI/44360', 578, 3510, 'SFT21120043', 0, 0, '2021-12-12', 0),
	(3325, 'CTI/44360', 579, 3510, 'SFT21120043', 0, 0, '2021-12-12', 0),
	(3326, 'CTI/44360', 580, 3510, 'SFT21120043', 0, 0, '2021-12-12', 0),
	(3327, 'CTI/44360', 581, 3510, 'SFT21120043', 0.35, 0, '2021-12-12', 0),
	(3328, 'CTI/44360', 582, 3510, 'SFT21120043', 1, 2, '2021-12-12', 0),
	(3329, 'CTI/44360', 583, 3510, 'SFT21120043', 0, 0, '2021-12-12', 0),
	(3330, 'CTI/44360', 584, 3510, 'SFT21120043', 70, 1, '2021-12-12', 0),
	(3331, 'CTI/44360', 585, 3510, 'SFT21120043', 0, 0, '2021-12-12', 0),
	(3332, 'CTI/44360', 586, 3510, 'SFT21120043', 0, 0, '2021-12-12', 0),
	(3333, 'CTI/44360', 587, 3510, 'SFT21120043', 0, 0, '2021-12-12', 0),
	(3334, 'CTI/44360', 588, 3510, 'SFT21120043', 0, 0, '2021-12-12', 0),
	(3335, 'CTI/44360', 589, 3510, 'SFT21120043', 0, 0, '2021-12-12', 0),
	(3336, 'CTI/44360', 590, 3510, 'SFT21120043', 1675, 0, '2021-12-12', 0),
	(3337, 'CTI/44360', 591, 3510, 'SFT21120043', 0, 0, '2021-12-12', 0),
	(3338, 'CTI/44360', 899, 3510, 'SFT21120043', 0, 0, '2021-12-12', 0),
	(3339, 'CTI/44360', 900, 3510, 'SFT21120043', 0, 0, '2021-12-12', 0),
	(3340, 'CTI/44360', 901, 3510, 'SFT21120043', 0, 0, '2021-12-12', 0),
	(3341, 'CTI/44360', 902, 3510, 'SFT21120043', 0, 0, '2021-12-12', 0),
	(3342, 'CTI/44360', 903, 3510, 'SFT21120043', 0, 0, '2021-12-12', 0),
	(3343, 'CTI/44360', 904, 3510, 'SFT21120043', 0, 0, '2021-12-12', 0),
	(3344, 'CTI/44360', 905, 3510, 'SFT21120043', 978, 0, '2021-12-12', 0),
	(3345, 'CTI/44360', 906, 3510, 'SFT21120043', 18, 1, '2021-12-12', 0),
	(3346, 'CTI/44360', 907, 3510, 'SFT21120043', 2, 0, '2021-12-12', 0),
	(3347, 'CTI/44360', 908, 3510, 'SFT21120043', 0.3, 0, '2021-12-12', 0),
	(3348, 'CTI/44360', 909, 3510, 'SFT21120043', 1, 1, '2021-12-12', 0),
	(3349, 'CTI/44360', 910, 3510, 'SFT21120043', 0, 0, '2021-12-12', 0),
	(3350, 'CTI/44360', 911, 3510, 'SFT21120043', 0, 0, '2021-12-12', 0),
	(3351, 'CTI/44360', 912, 3510, 'SFT21120043', 0, 368, '2021-12-12', 0),
	(3352, 'CTI/44360', 913, 3510, 'SFT21120043', 0, 0, '2021-12-12', 0),
	(3353, 'CTI/44360', 914, 3510, 'SFT21120043', 0, 0, '2021-12-12', 0),
	(3354, 'CTI/44360', 915, 3510, 'SFT21120043', 0, 0, '2021-12-12', 0),
	(3355, 'CTI/44360', 916, 3510, 'SFT21120043', 0, 0, '2021-12-12', 0),
	(3356, 'CTI/44360', 917, 3510, 'SFT21120043', 0, 0, '2021-12-12', 0),
	(3357, 'CTI/44360', 918, 3510, 'SFT21120043', 1, 0, '2021-12-12', 0),
	(3358, 'CTI/44360', 919, 3510, 'SFT21120043', 0, 0, '2021-12-12', 0),
	(3359, 'CTI/44360', 920, 3510, 'SFT21120043', 73, 1, '2021-12-12', 0),
	(3360, 'CTI/44360', 921, 3510, 'SFT21120043', 11, 10, '2021-12-12', 0),
	(3361, 'CTI/44360', 922, 3510, 'SFT21120043', 353, 0, '2021-12-12', 0),
	(3362, 'CTI/44360', 923, 3510, 'SFT21120043', 0, 0, '2021-12-12', 0),
	(3363, 'CTI/44360', 924, 3510, 'SFT21120043', 0, 0, '2021-12-12', 0),
	(3364, 'CTI/44360', 925, 3510, 'SFT21120043', 0, 0, '2021-12-12', 0),
	(3365, 'CTI/44360', 543, 3000, 'SFT21120045', 1125, 0, '2021-12-12', 0),
	(3366, 'CTI/44360', 544, 3000, 'SFT21120045', 3252, 231, '2021-12-12', 0),
	(3367, 'CTI/44360', 546, 3000, 'SFT21120045', 84, 0, '2021-12-12', 0),
	(3368, 'CTI/44360', 547, 3000, 'SFT21120045', 1022, 0, '2021-12-12', 0),
	(3369, 'CTI/44360', 548, 3000, 'SFT21120045', 0, 0, '2021-12-12', 0),
	(3370, 'CTI/44360', 549, 3000, 'SFT21120045', 1, 1, '2021-12-12', 0),
	(3371, 'CTI/44360', 552, 3000, 'SFT21120045', 0, 0, '2021-12-12', 0),
	(3372, 'CTI/44360', 593, 3000, 'SFT21120045', 0, 0, '2021-12-12', 0),
	(3373, 'CTI/44360', 594, 3000, 'SFT21120045', 26, 0, '2021-12-12', 0),
	(3374, 'CTI/44360', 595, 3000, 'SFT21120045', 0, 0, '2021-12-12', 0),
	(3375, 'CTI/44360', 597, 3000, 'SFT21120045', 0, 0, '2021-12-12', 0),
	(3376, 'CTI/44360', 598, 3000, 'SFT21120045', 96, 0, '2021-12-12', 0),
	(3377, 'CTI/44360', 599, 3000, 'SFT21120045', 78, 0, '2021-12-12', 0),
	(3378, 'CTI/44360', 601, 3000, 'SFT21120045', 499, 1, '2021-12-12', 0),
	(3379, 'CTI/44360', 603, 3000, 'SFT21120045', 0, 0, '2021-12-12', 0),
	(3380, 'CTI/44360', 605, 3000, 'SFT21120045', 0, 0, '2021-12-12', 0),
	(3381, 'CTI/44360', 927, 3000, 'SFT21120045', 12, 0, '2021-12-12', 0),
	(3382, 'CTI/44360', 933, 3000, 'SFT21120045', 0, 0, '2021-12-12', 0),
	(3383, 'CTI/44360', 934, 3000, 'SFT21120045', 0.2, 0, '2021-12-12', 0),
	(3384, 'CTI/44360', 938, 3000, 'SFT21120045', 0.3, 0.9, '2021-12-12', 0),
	(3385, 'CTI/44360', 939, 3000, 'SFT21120045', 1, 1, '2021-12-12', 0),
	(3386, 'CTI/44360', 942, 3000, 'SFT21120045', 12, 0, '2021-12-12', 0),
	(3387, 'CTI/44360', 944, 3000, 'SFT21120045', 0, 0, '2021-12-12', 0),
	(3388, 'CTI/44360', 946, 3000, 'SFT21120045', 1800, 0, '2021-12-12', 0),
	(3389, 'CTI/44452', 948, 4800, 'SFT21120060', 0, 0, '2021-12-12', 0),
	(3390, 'CTI/44453', 948, 4800, 'SFT21120059', 0.4, 0.2, '2021-12-12', 0),
	(3391, 'CTI/44455', 948, 4800, 'SFT21120061', 0.4, 0.2, '2021-12-12', 0),
	(3392, 'CTI/44719', 949, 9720, 'SFT21120099', 60.77, 0, '2021-12-12', 0),
	(3394, 'CTI/44452', 950, 4800, 'SFT21120060', 0, 0, '2021-12-12', 0),
	(3395, 'CTI/44453', 950, 4800, 'SFT21120059', 0, 0, '2021-12-12', 0),
	(3396, 'CTI/44455', 950, 4800, 'SFT21120061', 1126, 0, '2021-12-12', 0),
	(3397, 'CTI/44261', 951, 2106, 'SFT21120066', 151, 0, '2021-12-12', 0),
	(3398, 'CTI/44263', 951, 2106, 'SFT21120068', 150, 0, '2021-12-12', 0),
	(3399, 'CTI/44265', 951, 15600, 'SFT21120049', 0, 0, '2021-12-12', 0),
	(3400, 'CTI/44266', 951, 15444, 'SFT21120064', 1103, 0, '2021-12-12', 0),
	(3401, 'CTI/44261', 952, 2106, 'SFT21120066', 0, 0, '2021-12-12', 0),
	(3402, 'CTI/44263', 952, 2106, 'SFT21120068', 0, 0, '2021-12-12', 0),
	(3403, 'CTI/44265', 952, 15600, 'SFT21120049', 1610, 0, '2021-12-12', 0),
	(3404, 'CTI/44266', 952, 15444, 'SFT21120064', 0, 0, '2021-12-12', 0);
/*!40000 ALTER TABLE `so` ENABLE KEYS */;

-- Dumping structure for table pwm2.uom
CREATE TABLE IF NOT EXISTS `uom` (
  `uom_id` int(11) NOT NULL AUTO_INCREMENT,
  `uom_nama` varchar(255) NOT NULL,
  PRIMARY KEY (`uom_id`)
) ENGINE=InnoDB AUTO_INCREMENT=15 DEFAULT CHARSET=utf8mb4;

-- Dumping data for table pwm2.uom: ~10 rows (approximately)
/*!40000 ALTER TABLE `uom` DISABLE KEYS */;
INSERT INTO `uom` (`uom_id`, `uom_nama`) VALUES
	(2, 'KG'),
	(4, 'GR'),
	(5, 'PCS'),
	(6, 'M3'),
	(7, 'MTR'),
	(8, 'ROL'),
	(9, 'M2'),
	(10, 'LTR'),
	(12, 'SHEET'),
	(14, 'BTL');
/*!40000 ALTER TABLE `uom` ENABLE KEYS */;

/*!40101 SET SQL_MODE=IFNULL(@OLD_SQL_MODE, '') */;
/*!40014 SET FOREIGN_KEY_CHECKS=IFNULL(@OLD_FOREIGN_KEY_CHECKS, 1) */;
/*!40101 SET CHARACTER_SET_CLIENT=@OLD_CHARACTER_SET_CLIENT */;
/*!40111 SET SQL_NOTES=IFNULL(@OLD_SQL_NOTES, 1) */;
